scenario,route_id,frame_count,annotation_status,annotation_num_frames,has_r2,r2_frames,r2_ratio,review_required_frames,review_required_ratio,abnormal_duration,status,first_sheet,sheet_dir,primary_rs_distribution,primary_event_distribution
AccidentTwoWays,Town01_Rep0_route_001548_route0_01_09_13_58_32,155,success,155,True,155,1.0,155,1.0,False,written,AutoMoT/keyframe_filter/collection_output/r2_rgb_route_sheets_20260708/route_sheets/AccidentTwoWays/Town01_Rep0_route_001548_route0_01_09_13_58_32/page_000.jpg,AutoMoT/keyframe_filter/collection_output/r2_rgb_route_sheets_20260708/route_sheets/AccidentTwoWays/Town01_Rep0_route_001548_route0_01_09_13_58_32,"{""R2"": 155}","{""R-E1"": 88, ""R-E2"": 21, ""U-E2"": 46}"
AccidentTwoWays,Town01_Rep0_route_001550_route0_01_10_23_45_04,137,success,137,True,137,1.0,137,1.0,False,written,AutoMoT/keyframe_filter/collection_output/r2_rgb_route_sheets_20260708/route_sheets/AccidentTwoWays/Town01_Rep0_route_001550_route0_01_10_23_45_04/page_000.jpg,AutoMoT/keyframe_filter/collection_output/r2_rgb_route_sheets_20260708/route_sheets/AccidentTwoWays/Town01_Rep0_route_001550_route0_01_10_23_45_04,"{""R2"": 137}","{""R-E1"": 75, ""R-E2"": 18, ""U-E2"": 44}"
AccidentTwoWays,Town07_Rep0_route_001443_route0_01_09_01_30_07,71,success,71,True,71,1.0,71,1.0,False,written,AutoMoT/keyframe_filter/collection_output/r2_rgb_route_sheets_20260708/route_sheets/AccidentTwoWays/Town07_Rep0_route_001443_route0_01_09_01_30_07/page_000.jpg,AutoMoT/keyframe_filter/collection_output/r2_rgb_route_sheets_20260708/route_sheets/AccidentTwoWays/Town07_Rep0_route_001443_route0_01_09_01_30_07,"{""R2"": 71}","{""R-E1"": 12, ""R-E2"": 31, ""U-E2"": 28}"
AccidentTwoWays,Town07_Rep0_route_001444_route0_01_11_03_38_42,53,success,53,True,53,1.0,53,1.0,False,written,AutoMoT/keyframe_filter/collection_output/r2_rgb_route_sheets_20260708/route_sheets/AccidentTwoWays/Town07_Rep0_route_001444_route0_01_11_03_38_42/page_000.jpg,AutoMoT/keyframe_filter/collection_output/r2_rgb_route_sheets_20260708/route_sheets/AccidentTwoWays/Town07_Rep0_route_001444_route0_01_11_03_38_42,"{""R2"": 53}","{""R-E1"": 11, ""R-E2"": 27, ""U-E2"": 15}"
AccidentTwoWays,Town07_Rep0_route_001457_route0_01_10_00_36_27,63,success,63,True,63,1.0,63,1.0,False,written,AutoMoT/keyframe_filter/collection_output/r2_rgb_route_sheets_20260708/route_sheets/AccidentTwoWays/Town07_Rep0_route_001457_route0_01_10_00_36_27/page_000.jpg,AutoMoT/keyframe_filter/collection_output/r2_rgb_route_sheets_20260708/route_sheets/AccidentTwoWays/Town07_Rep0_route_001457_route0_01_10_00_36_27,"{""R2"": 63}","{""R-E1"": 13, ""R-E2"": 20, ""U-E2"": 30}"
AccidentTwoWays,Town12_Rep0_1348_0_route0_01_09_17_57_16,186,success,186,True,186,1.0,186,1.0,False,written,AutoMoT/keyframe_filter/collection_output/r2_rgb_route_sheets_20260708/route_sheets/AccidentTwoWays/Town12_Rep0_1348_0_route0_01_09_17_57_16/page_000.jpg,AutoMoT/keyframe_filter/collection_output/r2_rgb_route_sheets_20260708/route_sheets/AccidentTwoWays/Town12_Rep0_1348_0_route0_01_09_17_57_16,"{""R2"": 186}","{""R-E1"": 95, ""R-E2"": 21, ""U-E2"": 70}"
AccidentTwoWays,Town12_Rep0_1358_0_route0_01_11_01_19_52,146,success,146,True,146,1.0,146,1.0,False,written,AutoMoT/keyframe_filter/collection_output/r2_rgb_route_sheets_20260708/route_sheets/AccidentTwoWays/Town12_Rep0_1358_0_route0_01_11_01_19_52/page_000.jpg,AutoMoT/keyframe_filter/collection_output/r2_rgb_route_sheets_20260708/route_sheets/AccidentTwoWays/Town12_Rep0_1358_0_route0_01_11_01_19_52,"{""R2"": 146}","{""R-E1"": 71, ""R-E2"": 34, ""U-E2"": 41}"
AccidentTwoWays,Town12_Rep0_1498_0_route0_01_11_03_33_47,124,success,124,True,124,1.0,124,1.0,False,written,AutoMoT/keyframe_filter/collection_output/r2_rgb_route_sheets_20260708/route_sheets/AccidentTwoWays/Town12_Rep0_1498_0_route0_01_11_03_33_47/page_000.jpg,AutoMoT/keyframe_filter/collection_output/r2_rgb_route_sheets_20260708/route_sheets/AccidentTwoWays/Town12_Rep0_1498_0_route0_01_11_03_33_47,"{""R2"": 124}","{""R-E1"": 64, ""R-E2"": 22, ""U-E2"": 38}"
AccidentTwoWays,Town12_Rep0_1950_0_route0_01_08_23_45_11,165,success,165,True,165,1.0,165,1.0,False,written,AutoMoT/keyframe_filter/collection_output/r2_rgb_route_sheets_20260708/route_sheets/AccidentTwoWays/Town12_Rep0_1950_0_route0_01_08_23_45_11/page_000.jpg,AutoMoT/keyframe_filter/collection_output/r2_rgb_route_sheets_20260708/route_sheets/AccidentTwoWays/Town12_Rep0_1950_0_route0_01_08_23_45_11,"{""R2"": 165}","{""R-E1"": 75, ""R-E2"": 21, ""U-E2"": 69}"
AccidentTwoWays,Town12_Rep0_1966_0_route0_01_10_01_38_50,115,success,115,True,115,1.0,115,1.0,False,written,AutoMoT/keyframe_filter/collection_output/r2_rgb_route_sheets_20260708/route_sheets/AccidentTwoWays/Town12_Rep0_1966_0_route0_01_10_01_38_50/page_000.jpg,AutoMoT/keyframe_filter/collection_output/r2_rgb_route_sheets_20260708/route_sheets/AccidentTwoWays/Town12_Rep0_1966_0_route0_01_10_01_38_50,"{""R2"": 115}","{""R-E1"": 54, ""R-E2"": 27, ""U-E2"": 34}"
AccidentTwoWays,Town12_Rep0_1979_0_route0_01_08_00_41_43,150,success,150,True,150,1.0,150,1.0,False,written,AutoMoT/keyframe_filter/collection_output/r2_rgb_route_sheets_20260708/route_sheets/AccidentTwoWays/Town12_Rep0_1979_0_route0_01_08_00_41_43/page_000.jpg,AutoMoT/keyframe_filter/collection_output/r2_rgb_route_sheets_20260708/route_sheets/AccidentTwoWays/Town12_Rep0_1979_0_route0_01_08_00_41_43,"{""R2"": 150}","{""R-E1"": 77, ""R-E2"": 32, ""U-E2"": 41}"
AccidentTwoWays,Town12_Rep0_2005_0_route0_01_10_14_03_07,204,success,204,True,204,1.0,204,1.0,False,written,AutoMoT/keyframe_filter/collection_output/r2_rgb_route_sheets_20260708/route_sheets/AccidentTwoWays/Town12_Rep0_2005_0_route0_01_10_14_03_07/page_000.jpg,AutoMoT/keyframe_filter/collection_output/r2_rgb_route_sheets_20260708/route_sheets/AccidentTwoWays/Town12_Rep0_2005_0_route0_01_10_14_03_07,"{""R2"": 204}","{""R-E1"": 111, ""R-E2"": 25, ""U-E2"": 68}"
AccidentTwoWays,Town12_Rep0_2724_0_route0_01_09_10_43_15,172,success,172,True,172,1.0,172,1.0,False,written,AutoMoT/keyframe_filter/collection_output/r2_rgb_route_sheets_20260708/route_sheets/AccidentTwoWays/Town12_Rep0_2724_0_route0_01_09_10_43_15/page_000.jpg,AutoMoT/keyframe_filter/collection_output/r2_rgb_route_sheets_20260708/route_sheets/AccidentTwoWays/Town12_Rep0_2724_0_route0_01_09_10_43_15,"{""R2"": 172}","{""R-E1"": 80, ""R-E2"": 21, ""U-E2"": 71}"
AccidentTwoWays,Town12_Rep0_2896_0_route0_01_08_20_11_39,195,success,195,True,195,1.0,195,1.0,False,written,AutoMoT/keyframe_filter/collection_output/r2_rgb_route_sheets_20260708/route_sheets/AccidentTwoWays/Town12_Rep0_2896_0_route0_01_08_20_11_39/page_000.jpg,AutoMoT/keyframe_filter/collection_output/r2_rgb_route_sheets_20260708/route_sheets/AccidentTwoWays/Town12_Rep0_2896_0_route0_01_08_20_11_39,"{""R2"": 195}","{""R-E1"": 104, ""R-E2"": 21, ""U-E2"": 70}"
AccidentTwoWays,Town12_Rep0_3403_0_route0_01_10_09_51_39,133,success,133,True,133,1.0,133,1.0,False,written,AutoMoT/keyframe_filter/collection_output/r2_rgb_route_sheets_20260708/route_sheets/AccidentTwoWays/Town12_Rep0_3403_0_route0_01_10_09_51_39/page_000.jpg,AutoMoT/keyframe_filter/collection_output/r2_rgb_route_sheets_20260708/route_sheets/AccidentTwoWays/Town12_Rep0_3403_0_route0_01_10_09_51_39,"{""R2"": 133}","{""R-E1"": 71, ""R-E2"": 27, ""U-E2"": 35}"
AccidentTwoWays,Town12_Rep0_3420_0_route0_01_08_12_19_15,181,success,181,True,181,1.0,181,1.0,False,written,AutoMoT/keyframe_filter/collection_output/r2_rgb_route_sheets_20260708/route_sheets/AccidentTwoWays/Town12_Rep0_3420_0_route0_01_08_12_19_15/page_000.jpg,AutoMoT/keyframe_filter/collection_output/r2_rgb_route_sheets_20260708/route_sheets/AccidentTwoWays/Town12_Rep0_3420_0_route0_01_08_12_19_15,"{""R2"": 181}","{""R-E1"": 88, ""R-E2"": 27, ""U-E2"": 66}"
AccidentTwoWays,Town12_Rep0_3455_0_route0_01_10_23_15_05,169,success,169,True,169,1.0,169,1.0,False,written,AutoMoT/keyframe_filter/collection_output/r2_rgb_route_sheets_20260708/route_sheets/AccidentTwoWays/Town12_Rep0_3455_0_route0_01_10_23_15_05/page_000.jpg,AutoMoT/keyframe_filter/collection_output/r2_rgb_route_sheets_20260708/route_sheets/AccidentTwoWays/Town12_Rep0_3455_0_route0_01_10_23_15_05,"{""R2"": 169}","{""R-E1"": 73, ""R-E2"": 24, ""U-E2"": 72}"
AccidentTwoWays,Town12_Rep0_3461_0_route0_01_09_02_21_43,103,success,103,True,103,1.0,103,1.0,False,written,AutoMoT/keyframe_filter/collection_output/r2_rgb_route_sheets_20260708/route_sheets/AccidentTwoWays/Town12_Rep0_3461_0_route0_01_09_02_21_43/page_000.jpg,AutoMoT/keyframe_filter/collection_output/r2_rgb_route_sheets_20260708/route_sheets/AccidentTwoWays/Town12_Rep0_3461_0_route0_01_09_02_21_43,"{""R2"": 103}","{""R-E1"": 26, ""R-E2"": 30, ""U-E2"": 47}"
AccidentTwoWays,Town12_Rep0_3525_0_route0_01_10_22_27_18,127,success,127,True,127,1.0,127,1.0,False,written,AutoMoT/keyframe_filter/collection_output/r2_rgb_route_sheets_20260708/route_sheets/AccidentTwoWays/Town12_Rep0_3525_0_route0_01_10_22_27_18/page_000.jpg,AutoMoT/keyframe_filter/collection_output/r2_rgb_route_sheets_20260708/route_sheets/AccidentTwoWays/Town12_Rep0_3525_0_route0_01_10_22_27_18,"{""R2"": 127}","{""R-E1"": 54, ""R-E2"": 30, ""U-E2"": 43}"
AccidentTwoWays,Town12_Rep0_3555_0_route0_01_09_17_30_18,170,success,170,True,170,1.0,170,1.0,False,written,AutoMoT/keyframe_filter/collection_output/r2_rgb_route_sheets_20260708/route_sheets/AccidentTwoWays/Town12_Rep0_3555_0_route0_01_09_17_30_18/page_000.jpg,AutoMoT/keyframe_filter/collection_output/r2_rgb_route_sheets_20260708/route_sheets/AccidentTwoWays/Town12_Rep0_3555_0_route0_01_09_17_30_18,"{""R2"": 170}","{""R-E1"": 79, ""R-E2"": 21, ""U-E2"": 70}"
AccidentTwoWays,Town12_Rep0_3562_0_route0_01_11_01_41_31,139,success,139,True,139,1.0,139,1.0,False,written,AutoMoT/keyframe_filter/collection_output/r2_rgb_route_sheets_20260708/route_sheets/AccidentTwoWays/Town12_Rep0_3562_0_route0_01_11_01_41_31/page_000.jpg,AutoMoT/keyframe_filter/collection_output/r2_rgb_route_sheets_20260708/route_sheets/AccidentTwoWays/Town12_Rep0_3562_0_route0_01_11_01_41_31,"{""R2"": 139}","{""R-E1"": 66, ""R-E2"": 37, ""U-E2"": 36}"
AccidentTwoWays,Town12_Rep0_3569_0_route0_01_08_15_10_38,142,success,142,True,142,1.0,142,1.0,False,written,AutoMoT/keyframe_filter/collection_output/r2_rgb_route_sheets_20260708/route_sheets/AccidentTwoWays/Town12_Rep0_3569_0_route0_01_08_15_10_38/page_000.jpg,AutoMoT/keyframe_filter/collection_output/r2_rgb_route_sheets_20260708/route_sheets/AccidentTwoWays/Town12_Rep0_3569_0_route0_01_08_15_10_38,"{""R2"": 142}","{""R-E1"": 71, ""R-E2"": 28, ""U-E2"": 43}"
AccidentTwoWays,Town12_Rep0_372_0_route0_01_10_19_15_40,176,success,176,True,176,1.0,176,1.0,False,written,AutoMoT/keyframe_filter/collection_output/r2_rgb_route_sheets_20260708/route_sheets/AccidentTwoWays/Town12_Rep0_372_0_route0_01_10_19_15_40/page_000.jpg,AutoMoT/keyframe_filter/collection_output/r2_rgb_route_sheets_20260708/route_sheets/AccidentTwoWays/Town12_Rep0_372_0_route0_01_10_19_15_40,"{""R2"": 176}","{""R-E1"": 85, ""R-E2"": 22, ""U-E2"": 69}"
AccidentTwoWays,Town12_Rep0_399_0_route0_01_09_22_59_03,160,success,160,True,160,1.0,160,1.0,False,written,AutoMoT/keyframe_filter/collection_output/r2_rgb_route_sheets_20260708/route_sheets/AccidentTwoWays/Town12_Rep0_399_0_route0_01_09_22_59_03/page_000.jpg,AutoMoT/keyframe_filter/collection_output/r2_rgb_route_sheets_20260708/route_sheets/AccidentTwoWays/Town12_Rep0_399_0_route0_01_09_22_59_03,"{""R2"": 160}","{""R-E1"": 69, ""R-E2"": 21, ""U-E2"": 70}"
AccidentTwoWays,Town12_Rep0_425_0_route0_01_09_12_21_59,189,success,189,True,189,1.0,189,1.0,False,written,AutoMoT/keyframe_filter/collection_output/r2_rgb_route_sheets_20260708/route_sheets/AccidentTwoWays/Town12_Rep0_425_0_route0_01_09_12_21_59/page_000.jpg,AutoMoT/keyframe_filter/collection_output/r2_rgb_route_sheets_20260708/route_sheets/AccidentTwoWays/Town12_Rep0_425_0_route0_01_09_12_21_59,"{""R2"": 189}","{""R-E1"": 96, ""R-E2"": 24, ""U-E2"": 69}"
AccidentTwoWays,Town12_Rep0_4297_0_route0_01_09_05_46_15,124,success,124,True,124,1.0,124,1.0,False,written,AutoMoT/keyframe_filter/collection_output/r2_rgb_route_sheets_20260708/route_sheets/AccidentTwoWays/Town12_Rep0_4297_0_route0_01_09_05_46_15/page_000.jpg,AutoMoT/keyframe_filter/collection_output/r2_rgb_route_sheets_20260708/route_sheets/AccidentTwoWays/Town12_Rep0_4297_0_route0_01_09_05_46_15,"{""R2"": 124}","{""R-E1"": 63, ""R-E2"": 28, ""U-E2"": 33}"
AccidentTwoWays,Town12_Rep0_4324_0_route0_01_08_15_56_42,170,success,170,True,170,1.0,170,1.0,False,written,AutoMoT/keyframe_filter/collection_output/r2_rgb_route_sheets_20260708/route_sheets/AccidentTwoWays/Town12_Rep0_4324_0_route0_01_08_15_56_42/page_000.jpg,AutoMoT/keyframe_filter/collection_output/r2_rgb_route_sheets_20260708/route_sheets/AccidentTwoWays/Town12_Rep0_4324_0_route0_01_08_15_56_42,"{""R2"": 170}","{""R-E1"": 105, ""R-E2"": 28, ""U-E2"": 37}"
AccidentTwoWays,Town12_Rep0_4335_0_route0_01_11_11_21_56,170,success,170,True,170,1.0,170,1.0,False,written,AutoMoT/keyframe_filter/collection_output/r2_rgb_route_sheets_20260708/route_sheets/AccidentTwoWays/Town12_Rep0_4335_0_route0_01_11_11_21_56/page_000.jpg,AutoMoT/keyframe_filter/collection_output/r2_rgb_route_sheets_20260708/route_sheets/AccidentTwoWays/Town12_Rep0_4335_0_route0_01_11_11_21_56,"{""R2"": 170}","{""R-E1"": 64, ""R-E2"": 36, ""U-E2"": 70}"
AccidentTwoWays,Town12_Rep0_4616_0_route0_01_09_00_32_24,160,success,160,True,160,1.0,160,1.0,False,written,AutoMoT/keyframe_filter/collection_output/r2_rgb_route_sheets_20260708/route_sheets/AccidentTwoWays/Town12_Rep0_4616_0_route0_01_09_00_32_24/page_000.jpg,AutoMoT/keyframe_filter/collection_output/r2_rgb_route_sheets_20260708/route_sheets/AccidentTwoWays/Town12_Rep0_4616_0_route0_01_09_00_32_24,"{""R2"": 160}","{""R-E1"": 80, ""R-E2"": 39, ""U-E2"": 41}"
AccidentTwoWays,Town12_Rep0_487_0_route0_01_08_16_56_41,158,success,158,True,158,1.0,158,1.0,False,written,AutoMoT/keyframe_filter/collection_output/r2_rgb_route_sheets_20260708/route_sheets/AccidentTwoWays/Town12_Rep0_487_0_route0_01_08_16_56_41/page_000.jpg,AutoMoT/keyframe_filter/collection_output/r2_rgb_route_sheets_20260708/route_sheets/AccidentTwoWays/Town12_Rep0_487_0_route0_01_08_16_56_41,"{""R2"": 158}","{""R-E1"": 66, ""R-E2"": 21, ""U-E2"": 71}"
AccidentTwoWays,Town12_Rep0_route_000021_route0_01_09_04_19_19,132,success,132,True,132,1.0,132,1.0,False,written,AutoMoT/keyframe_filter/collection_output/r2_rgb_route_sheets_20260708/route_sheets/AccidentTwoWays/Town12_Rep0_route_000021_route0_01_09_04_19_19/page_000.jpg,AutoMoT/keyframe_filter/collection_output/r2_rgb_route_sheets_20260708/route_sheets/AccidentTwoWays/Town12_Rep0_route_000021_route0_01_09_04_19_19,"{""R2"": 132}","{""R-E1"": 39, ""R-E2"": 24, ""U-E2"": 69}"
AccidentTwoWays,Town12_Rep0_route_000022_route0_01_08_10_25_20,101,success,101,True,101,1.0,101,1.0,False,written,AutoMoT/keyframe_filter/collection_output/r2_rgb_route_sheets_20260708/route_sheets/AccidentTwoWays/Town12_Rep0_route_000022_route0_01_08_10_25_20/page_000.jpg,AutoMoT/keyframe_filter/collection_output/r2_rgb_route_sheets_20260708/route_sheets/AccidentTwoWays/Town12_Rep0_route_000022_route0_01_08_10_25_20,"{""R2"": 101}","{""R-E1"": 36, ""R-E2"": 31, ""U-E2"": 34}"
AccidentTwoWays,Town12_Rep0_route_000023_route0_01_11_01_20_07,101,success,101,True,101,1.0,101,1.0,False,written,AutoMoT/keyframe_filter/collection_output/r2_rgb_route_sheets_20260708/route_sheets/AccidentTwoWays/Town12_Rep0_route_000023_route0_01_11_01_20_07/page_000.jpg,AutoMoT/keyframe_filter/collection_output/r2_rgb_route_sheets_20260708/route_sheets/AccidentTwoWays/Town12_Rep0_route_000023_route0_01_11_01_20_07,"{""R2"": 101}","{""R-E1"": 18, ""R-E2"": 32, ""U-E2"": 51}"
AccidentTwoWays,Town12_Rep0_route_000024_route0_01_08_14_58_52,109,success,109,True,109,1.0,109,1.0,False,written,AutoMoT/keyframe_filter/collection_output/r2_rgb_route_sheets_20260708/route_sheets/AccidentTwoWays/Town12_Rep0_route_000024_route0_01_08_14_58_52/page_000.jpg,AutoMoT/keyframe_filter/collection_output/r2_rgb_route_sheets_20260708/route_sheets/AccidentTwoWays/Town12_Rep0_route_000024_route0_01_08_14_58_52,"{""R2"": 109}","{""R-E1"": 16, ""R-E2"": 40, ""U-E2"": 53}"
AccidentTwoWays,Town12_Rep0_route_001369_route0_01_08_11_07_20,99,success,99,True,99,1.0,99,1.0,False,written,AutoMoT/keyframe_filter/collection_output/r2_rgb_route_sheets_20260708/route_sheets/AccidentTwoWays/Town12_Rep0_route_001369_route0_01_08_11_07_20/page_000.jpg,AutoMoT/keyframe_filter/collection_output/r2_rgb_route_sheets_20260708/route_sheets/AccidentTwoWays/Town12_Rep0_route_001369_route0_01_08_11_07_20,"{""R2"": 99}","{""R-E1"": 21, ""R-E2"": 31, ""U-E2"": 47}"
AccidentTwoWays,Town12_Rep0_route_002713_route0_01_09_04_24_20,82,success,82,True,82,1.0,82,1.0,False,written,AutoMoT/keyframe_filter/collection_output/r2_rgb_route_sheets_20260708/route_sheets/AccidentTwoWays/Town12_Rep0_route_002713_route0_01_09_04_24_20/page_000.jpg,AutoMoT/keyframe_filter/collection_output/r2_rgb_route_sheets_20260708/route_sheets/AccidentTwoWays/Town12_Rep0_route_002713_route0_01_09_04_24_20,"{""R2"": 82}","{""R-E1"": 49, ""R-E2"": 13, ""U-E2"": 20}"
AccidentTwoWays,Town12_Rep0_route_002714_route0_01_08_10_29_57,88,success,88,True,88,1.0,88,1.0,False,written,AutoMoT/keyframe_filter/collection_output/r2_rgb_route_sheets_20260708/route_sheets/AccidentTwoWays/Town12_Rep0_route_002714_route0_01_08_10_29_57/page_000.jpg,AutoMoT/keyframe_filter/collection_output/r2_rgb_route_sheets_20260708/route_sheets/AccidentTwoWays/Town12_Rep0_route_002714_route0_01_08_10_29_57,"{""R2"": 88}","{""R-E1"": 45, ""R-E2"": 14, ""U-E2"": 29}"
AccidentTwoWays,Town12_Rep0_route_002716_route0_01_08_00_40_06,95,success,95,True,95,1.0,95,1.0,False,written,AutoMoT/keyframe_filter/collection_output/r2_rgb_route_sheets_20260708/route_sheets/AccidentTwoWays/Town12_Rep0_route_002716_route0_01_08_00_40_06/page_000.jpg,AutoMoT/keyframe_filter/collection_output/r2_rgb_route_sheets_20260708/route_sheets/AccidentTwoWays/Town12_Rep0_route_002716_route0_01_08_00_40_06,"{""R2"": 95}","{""R-E1"": 42, ""R-E2"": 18, ""U-E2"": 35}"
AccidentTwoWays,Town12_Rep0_route_002720_route0_01_10_20_19_53,82,success,82,True,82,1.0,82,1.0,False,written,AutoMoT/keyframe_filter/collection_output/r2_rgb_route_sheets_20260708/route_sheets/AccidentTwoWays/Town12_Rep0_route_002720_route0_01_10_20_19_53/page_000.jpg,AutoMoT/keyframe_filter/collection_output/r2_rgb_route_sheets_20260708/route_sheets/AccidentTwoWays/Town12_Rep0_route_002720_route0_01_10_20_19_53,"{""R2"": 82}","{""R-E1"": 46, ""R-E2"": 13, ""U-E2"": 23}"
AccidentTwoWays,Town12_Rep0_route_002725_route0_01_11_02_30_08,105,success,105,True,105,1.0,105,1.0,False,written,AutoMoT/keyframe_filter/collection_output/r2_rgb_route_sheets_20260708/route_sheets/AccidentTwoWays/Town12_Rep0_route_002725_route0_01_11_02_30_08/page_000.jpg,AutoMoT/keyframe_filter/collection_output/r2_rgb_route_sheets_20260708/route_sheets/AccidentTwoWays/Town12_Rep0_route_002725_route0_01_11_02_30_08,"{""R2"": 105}","{""R-E1"": 55, ""R-E2"": 15, ""U-E2"": 35}"
AccidentTwoWays,Town12_Rep0_route_002729_route0_01_10_02_44_32,102,success,102,True,102,1.0,102,1.0,False,written,AutoMoT/keyframe_filter/collection_output/r2_rgb_route_sheets_20260708/route_sheets/AccidentTwoWays/Town12_Rep0_route_002729_route0_01_10_02_44_32/page_000.jpg,AutoMoT/keyframe_filter/collection_output/r2_rgb_route_sheets_20260708/route_sheets/AccidentTwoWays/Town12_Rep0_route_002729_route0_01_10_02_44_32,"{""R2"": 102}","{""R-E1"": 54, ""R-E2"": 15, ""U-E2"": 33}"
AccidentTwoWays,Town12_Rep0_route_002730_route0_01_09_16_06_54,104,success,104,True,104,1.0,104,1.0,False,written,AutoMoT/keyframe_filter/collection_output/r2_rgb_route_sheets_20260708/route_sheets/AccidentTwoWays/Town12_Rep0_route_002730_route0_01_09_16_06_54/page_000.jpg,AutoMoT/keyframe_filter/collection_output/r2_rgb_route_sheets_20260708/route_sheets/AccidentTwoWays/Town12_Rep0_route_002730_route0_01_09_16_06_54,"{""R2"": 104}","{""R-E1"": 54, ""R-E2"": 15, ""U-E2"": 35}"
AccidentTwoWays,Town12_Rep0_route_002731_route0_01_10_12_20_35,100,success,100,True,100,1.0,100,1.0,False,written,AutoMoT/keyframe_filter/collection_output/r2_rgb_route_sheets_20260708/route_sheets/AccidentTwoWays/Town12_Rep0_route_002731_route0_01_10_12_20_35/page_000.jpg,AutoMoT/keyframe_filter/collection_output/r2_rgb_route_sheets_20260708/route_sheets/AccidentTwoWays/Town12_Rep0_route_002731_route0_01_10_12_20_35,"{""R2"": 100}","{""R-E1"": 55, ""R-E2"": 14, ""U-E2"": 31}"
AccidentTwoWays,Town12_Rep0_route_002735_route0_01_08_17_19_03,95,success,95,True,95,1.0,95,1.0,False,written,AutoMoT/keyframe_filter/collection_output/r2_rgb_route_sheets_20260708/route_sheets/AccidentTwoWays/Town12_Rep0_route_002735_route0_01_08_17_19_03/page_000.jpg,AutoMoT/keyframe_filter/collection_output/r2_rgb_route_sheets_20260708/route_sheets/AccidentTwoWays/Town12_Rep0_route_002735_route0_01_08_17_19_03,"{""R2"": 95}","{""R-E1"": 43, ""R-E2"": 17, ""U-E2"": 35}"
AccidentTwoWays,Town12_Rep0_route_002737_route0_01_09_17_06_04,80,success,80,True,80,1.0,80,1.0,False,written,AutoMoT/keyframe_filter/collection_output/r2_rgb_route_sheets_20260708/route_sheets/AccidentTwoWays/Town12_Rep0_route_002737_route0_01_09_17_06_04/page_000.jpg,AutoMoT/keyframe_filter/collection_output/r2_rgb_route_sheets_20260708/route_sheets/AccidentTwoWays/Town12_Rep0_route_002737_route0_01_09_17_06_04,"{""R2"": 80}","{""R-E1"": 47, ""R-E2"": 12, ""U-E2"": 21}"
AccidentTwoWays,Town12_Rep0_route_002738_route0_01_10_20_04_16,91,success,91,True,91,1.0,91,1.0,False,written,AutoMoT/keyframe_filter/collection_output/r2_rgb_route_sheets_20260708/route_sheets/AccidentTwoWays/Town12_Rep0_route_002738_route0_01_10_20_04_16/page_000.jpg,AutoMoT/keyframe_filter/collection_output/r2_rgb_route_sheets_20260708/route_sheets/AccidentTwoWays/Town12_Rep0_route_002738_route0_01_10_20_04_16,"{""R2"": 91}","{""R-E1"": 43, ""R-E2"": 15, ""U-E2"": 33}"
AccidentTwoWays,Town12_Rep0_route_002742_route0_01_09_12_24_06,103,success,103,True,103,1.0,103,1.0,False,written,AutoMoT/keyframe_filter/collection_output/r2_rgb_route_sheets_20260708/route_sheets/AccidentTwoWays/Town12_Rep0_route_002742_route0_01_09_12_24_06/page_000.jpg,AutoMoT/keyframe_filter/collection_output/r2_rgb_route_sheets_20260708/route_sheets/AccidentTwoWays/Town12_Rep0_route_002742_route0_01_09_12_24_06,"{""R2"": 103}","{""R-E1"": 53, ""R-E2"": 16, ""U-E2"": 34}"
AccidentTwoWays,Town12_Rep0_route_002743_route0_01_09_02_31_47,87,success,87,True,87,1.0,87,1.0,False,written,AutoMoT/keyframe_filter/collection_output/r2_rgb_route_sheets_20260708/route_sheets/AccidentTwoWays/Town12_Rep0_route_002743_route0_01_09_02_31_47/page_000.jpg,AutoMoT/keyframe_filter/collection_output/r2_rgb_route_sheets_20260708/route_sheets/AccidentTwoWays/Town12_Rep0_route_002743_route0_01_09_02_31_47,"{""R2"": 87}","{""R-E1"": 47, ""R-E2"": 12, ""U-E2"": 28}"
AccidentTwoWays,Town12_Rep0_route_002744_route0_01_09_09_32_49,89,success,89,True,89,1.0,89,1.0,False,written,AutoMoT/keyframe_filter/collection_output/r2_rgb_route_sheets_20260708/route_sheets/AccidentTwoWays/Town12_Rep0_route_002744_route0_01_09_09_32_49/page_000.jpg,AutoMoT/keyframe_filter/collection_output/r2_rgb_route_sheets_20260708/route_sheets/AccidentTwoWays/Town12_Rep0_route_002744_route0_01_09_09_32_49,"{""R2"": 89}","{""R-E1"": 46, ""R-E2"": 13, ""U-E2"": 30}"
AccidentTwoWays,Town12_Rep0_route_002755_route0_01_11_02_53_57,94,success,94,True,94,1.0,94,1.0,False,written,AutoMoT/keyframe_filter/collection_output/r2_rgb_route_sheets_20260708/route_sheets/AccidentTwoWays/Town12_Rep0_route_002755_route0_01_11_02_53_57/page_000.jpg,AutoMoT/keyframe_filter/collection_output/r2_rgb_route_sheets_20260708/route_sheets/AccidentTwoWays/Town12_Rep0_route_002755_route0_01_11_02_53_57,"{""R2"": 94}","{""R-E1"": 42, ""R-E2"": 17, ""U-E2"": 35}"
AccidentTwoWays,Town12_Rep0_route_002759_route0_01_10_10_09_35,87,success,87,True,87,1.0,87,1.0,False,written,AutoMoT/keyframe_filter/collection_output/r2_rgb_route_sheets_20260708/route_sheets/AccidentTwoWays/Town12_Rep0_route_002759_route0_01_10_10_09_35/page_000.jpg,AutoMoT/keyframe_filter/collection_output/r2_rgb_route_sheets_20260708/route_sheets/AccidentTwoWays/Town12_Rep0_route_002759_route0_01_10_10_09_35,"{""R2"": 87}","{""R-E1"": 45, ""R-E2"": 11, ""U-E2"": 31}"
AccidentTwoWays,Town12_Rep0_route_002875_route0_01_08_09_23_18,113,success,113,True,113,1.0,113,1.0,False,written,AutoMoT/keyframe_filter/collection_output/r2_rgb_route_sheets_20260708/route_sheets/AccidentTwoWays/Town12_Rep0_route_002875_route0_01_08_09_23_18/page_000.jpg,AutoMoT/keyframe_filter/collection_output/r2_rgb_route_sheets_20260708/route_sheets/AccidentTwoWays/Town12_Rep0_route_002875_route0_01_08_09_23_18,"{""R2"": 113}","{""R-E1"": 21, ""R-E2"": 40, ""U-E2"": 52}"
AccidentTwoWays,Town12_Rep0_route_002877_route0_01_08_06_16_01,116,success,116,True,116,1.0,116,1.0,False,written,AutoMoT/keyframe_filter/collection_output/r2_rgb_route_sheets_20260708/route_sheets/AccidentTwoWays/Town12_Rep0_route_002877_route0_01_08_06_16_01/page_000.jpg,AutoMoT/keyframe_filter/collection_output/r2_rgb_route_sheets_20260708/route_sheets/AccidentTwoWays/Town12_Rep0_route_002877_route0_01_08_06_16_01,"{""R2"": 116}","{""R-E1"": 48, ""R-E2"": 31, ""U-E2"": 37}"
AccidentTwoWays,Town12_Rep0_route_002878_route0_01_08_23_53_48,49,success,49,True,49,1.0,49,1.0,False,written,AutoMoT/keyframe_filter/collection_output/r2_rgb_route_sheets_20260708/route_sheets/AccidentTwoWays/Town12_Rep0_route_002878_route0_01_08_23_53_48/page_000.jpg,AutoMoT/keyframe_filter/collection_output/r2_rgb_route_sheets_20260708/route_sheets/AccidentTwoWays/Town12_Rep0_route_002878_route0_01_08_23_53_48,"{""R2"": 49}","{""R-E1"": 16, ""R-E2"": 23, ""U-E2"": 10}"
AccidentTwoWays,Town12_Rep0_route_002903_route0_01_10_06_00_37,108,success,108,True,108,1.0,108,1.0,False,written,AutoMoT/keyframe_filter/collection_output/r2_rgb_route_sheets_20260708/route_sheets/AccidentTwoWays/Town12_Rep0_route_002903_route0_01_10_06_00_37/page_000.jpg,AutoMoT/keyframe_filter/collection_output/r2_rgb_route_sheets_20260708/route_sheets/AccidentTwoWays/Town12_Rep0_route_002903_route0_01_10_06_00_37,"{""R2"": 108}","{""R-E1"": 49, ""R-E2"": 25, ""U-E2"": 34}"
AccidentTwoWays,Town12_Rep0_route_002905_route0_01_09_00_50_02,98,success,98,True,98,1.0,98,1.0,False,written,AutoMoT/keyframe_filter/collection_output/r2_rgb_route_sheets_20260708/route_sheets/AccidentTwoWays/Town12_Rep0_route_002905_route0_01_09_00_50_02/page_000.jpg,AutoMoT/keyframe_filter/collection_output/r2_rgb_route_sheets_20260708/route_sheets/AccidentTwoWays/Town12_Rep0_route_002905_route0_01_09_00_50_02,"{""R2"": 98}","{""R-E1"": 27, ""R-E2"": 34, ""U-E2"": 37}"
AccidentTwoWays,Town13_Rep0_1292_0_route0_01_10_14_31_22,152,success,152,True,152,1.0,152,1.0,False,written,AutoMoT/keyframe_filter/collection_output/r2_rgb_route_sheets_20260708/route_sheets/AccidentTwoWays/Town13_Rep0_1292_0_route0_01_10_14_31_22/page_000.jpg,AutoMoT/keyframe_filter/collection_output/r2_rgb_route_sheets_20260708/route_sheets/AccidentTwoWays/Town13_Rep0_1292_0_route0_01_10_14_31_22,"{""R2"": 152}","{""R-E1"": 71, ""R-E2"": 39, ""U-E2"": 42}"
AccidentTwoWays,Town13_Rep0_1292_1_route0_01_08_10_00_30,123,success,123,True,123,1.0,123,1.0,False,written,AutoMoT/keyframe_filter/collection_output/r2_rgb_route_sheets_20260708/route_sheets/AccidentTwoWays/Town13_Rep0_1292_1_route0_01_08_10_00_30/page_000.jpg,AutoMoT/keyframe_filter/collection_output/r2_rgb_route_sheets_20260708/route_sheets/AccidentTwoWays/Town13_Rep0_1292_1_route0_01_08_10_00_30,"{""R2"": 123}","{""R-E1"": 50, ""R-E2"": 24, ""U-E2"": 49}"
AccidentTwoWays,Town13_Rep0_1299_0_route0_01_09_16_23_07,158,success,158,True,158,1.0,158,1.0,False,written,AutoMoT/keyframe_filter/collection_output/r2_rgb_route_sheets_20260708/route_sheets/AccidentTwoWays/Town13_Rep0_1299_0_route0_01_09_16_23_07/page_000.jpg,AutoMoT/keyframe_filter/collection_output/r2_rgb_route_sheets_20260708/route_sheets/AccidentTwoWays/Town13_Rep0_1299_0_route0_01_09_16_23_07,"{""R2"": 158}","{""R-E1"": 65, ""R-E2"": 25, ""U-E2"": 68}"
AccidentTwoWays,Town13_Rep0_1299_1_route0_01_11_00_42_38,150,success,150,True,150,1.0,150,1.0,False,written,AutoMoT/keyframe_filter/collection_output/r2_rgb_route_sheets_20260708/route_sheets/AccidentTwoWays/Town13_Rep0_1299_1_route0_01_11_00_42_38/page_000.jpg,AutoMoT/keyframe_filter/collection_output/r2_rgb_route_sheets_20260708/route_sheets/AccidentTwoWays/Town13_Rep0_1299_1_route0_01_11_00_42_38,"{""R2"": 150}","{""R-E1"": 56, ""R-E2"": 22, ""U-E2"": 72}"
AccidentTwoWays,Town13_Rep0_1303_0_route0_01_10_07_26_29,112,success,112,True,112,1.0,112,1.0,False,written,AutoMoT/keyframe_filter/collection_output/r2_rgb_route_sheets_20260708/route_sheets/AccidentTwoWays/Town13_Rep0_1303_0_route0_01_10_07_26_29/page_000.jpg,AutoMoT/keyframe_filter/collection_output/r2_rgb_route_sheets_20260708/route_sheets/AccidentTwoWays/Town13_Rep0_1303_0_route0_01_10_07_26_29,"{""R2"": 112}","{""R-E1"": 42, ""R-E2"": 25, ""U-E2"": 45}"
AccidentTwoWays,Town13_Rep0_1303_1_route0_01_10_07_13_12,114,success,114,True,114,1.0,114,1.0,False,written,AutoMoT/keyframe_filter/collection_output/r2_rgb_route_sheets_20260708/route_sheets/AccidentTwoWays/Town13_Rep0_1303_1_route0_01_10_07_13_12/page_000.jpg,AutoMoT/keyframe_filter/collection_output/r2_rgb_route_sheets_20260708/route_sheets/AccidentTwoWays/Town13_Rep0_1303_1_route0_01_10_07_13_12,"{""R2"": 114}","{""R-E1"": 51, ""R-E2"": 30, ""U-E2"": 33}"
AccidentTwoWays,Town13_Rep0_1308_0_route0_01_10_06_48_38,131,success,131,True,131,1.0,131,1.0,False,written,AutoMoT/keyframe_filter/collection_output/r2_rgb_route_sheets_20260708/route_sheets/AccidentTwoWays/Town13_Rep0_1308_0_route0_01_10_06_48_38/page_000.jpg,AutoMoT/keyframe_filter/collection_output/r2_rgb_route_sheets_20260708/route_sheets/AccidentTwoWays/Town13_Rep0_1308_0_route0_01_10_06_48_38,"{""R2"": 131}","{""R-E1"": 59, ""R-E2"": 31, ""U-E2"": 41}"
AccidentTwoWays,Town13_Rep0_1308_1_route0_01_08_13_09_17,128,success,128,True,128,1.0,128,1.0,False,written,AutoMoT/keyframe_filter/collection_output/r2_rgb_route_sheets_20260708/route_sheets/AccidentTwoWays/Town13_Rep0_1308_1_route0_01_08_13_09_17/page_000.jpg,AutoMoT/keyframe_filter/collection_output/r2_rgb_route_sheets_20260708/route_sheets/AccidentTwoWays/Town13_Rep0_1308_1_route0_01_08_13_09_17,"{""R2"": 128}","{""R-E1"": 69, ""R-E2"": 26, ""U-E2"": 33}"
AccidentTwoWays,Town13_Rep0_1338_0_route0_01_09_11_04_00,147,success,147,True,147,1.0,147,1.0,False,written,AutoMoT/keyframe_filter/collection_output/r2_rgb_route_sheets_20260708/route_sheets/AccidentTwoWays/Town13_Rep0_1338_0_route0_01_09_11_04_00/page_000.jpg,AutoMoT/keyframe_filter/collection_output/r2_rgb_route_sheets_20260708/route_sheets/AccidentTwoWays/Town13_Rep0_1338_0_route0_01_09_11_04_00,"{""R2"": 147}","{""R-E1"": 55, ""R-E2"": 22, ""U-E2"": 70}"
AccidentTwoWays,Town13_Rep0_1338_1_route0_01_09_00_01_11,165,success,165,True,165,1.0,165,1.0,False,written,AutoMoT/keyframe_filter/collection_output/r2_rgb_route_sheets_20260708/route_sheets/AccidentTwoWays/Town13_Rep0_1338_1_route0_01_09_00_01_11/page_000.jpg,AutoMoT/keyframe_filter/collection_output/r2_rgb_route_sheets_20260708/route_sheets/AccidentTwoWays/Town13_Rep0_1338_1_route0_01_09_00_01_11,"{""R2"": 165}","{""R-E1"": 66, ""R-E2"": 31, ""U-E2"": 68}"
AccidentTwoWays,Town13_Rep0_1374_0_route0_01_08_16_01_47,155,success,155,True,155,1.0,155,1.0,False,written,AutoMoT/keyframe_filter/collection_output/r2_rgb_route_sheets_20260708/route_sheets/AccidentTwoWays/Town13_Rep0_1374_0_route0_01_08_16_01_47/page_000.jpg,AutoMoT/keyframe_filter/collection_output/r2_rgb_route_sheets_20260708/route_sheets/AccidentTwoWays/Town13_Rep0_1374_0_route0_01_08_16_01_47,"{""R2"": 155}","{""R-E1"": 64, ""R-E2"": 21, ""U-E2"": 70}"
AccidentTwoWays,Town13_Rep0_1374_1_route0_01_09_16_09_34,163,success,163,True,163,1.0,163,1.0,False,written,AutoMoT/keyframe_filter/collection_output/r2_rgb_route_sheets_20260708/route_sheets/AccidentTwoWays/Town13_Rep0_1374_1_route0_01_09_16_09_34/page_000.jpg,AutoMoT/keyframe_filter/collection_output/r2_rgb_route_sheets_20260708/route_sheets/AccidentTwoWays/Town13_Rep0_1374_1_route0_01_09_16_09_34,"{""R2"": 163}","{""R-E1"": 68, ""R-E2"": 22, ""U-E2"": 73}"
AccidentTwoWays,Town13_Rep0_1442_0_route0_01_10_02_08_17,184,success,184,True,184,1.0,184,1.0,False,written,AutoMoT/keyframe_filter/collection_output/r2_rgb_route_sheets_20260708/route_sheets/AccidentTwoWays/Town13_Rep0_1442_0_route0_01_10_02_08_17/page_000.jpg,AutoMoT/keyframe_filter/collection_output/r2_rgb_route_sheets_20260708/route_sheets/AccidentTwoWays/Town13_Rep0_1442_0_route0_01_10_02_08_17,"{""R2"": 184}","{""R-E1"": 55, ""R-E2"": 22, ""U-E2"": 107}"
AccidentTwoWays,Town13_Rep0_1442_1_route0_01_09_10_48_37,159,success,159,True,159,1.0,159,1.0,False,written,AutoMoT/keyframe_filter/collection_output/r2_rgb_route_sheets_20260708/route_sheets/AccidentTwoWays/Town13_Rep0_1442_1_route0_01_09_10_48_37/page_000.jpg,AutoMoT/keyframe_filter/collection_output/r2_rgb_route_sheets_20260708/route_sheets/AccidentTwoWays/Town13_Rep0_1442_1_route0_01_09_10_48_37,"{""R2"": 159}","{""R-E1"": 58, ""R-E2"": 31, ""U-E2"": 70}"
AccidentTwoWays,Town13_Rep0_1454_0_route0_01_09_00_20_51,131,success,131,True,131,1.0,131,1.0,False,written,AutoMoT/keyframe_filter/collection_output/r2_rgb_route_sheets_20260708/route_sheets/AccidentTwoWays/Town13_Rep0_1454_0_route0_01_09_00_20_51/page_000.jpg,AutoMoT/keyframe_filter/collection_output/r2_rgb_route_sheets_20260708/route_sheets/AccidentTwoWays/Town13_Rep0_1454_0_route0_01_09_00_20_51,"{""R2"": 131}","{""R-E1"": 70, ""R-E2"": 25, ""U-E2"": 36}"
AccidentTwoWays,Town13_Rep0_1454_1_route0_01_08_20_26_16,134,success,134,True,134,1.0,134,1.0,False,written,AutoMoT/keyframe_filter/collection_output/r2_rgb_route_sheets_20260708/route_sheets/AccidentTwoWays/Town13_Rep0_1454_1_route0_01_08_20_26_16/page_000.jpg,AutoMoT/keyframe_filter/collection_output/r2_rgb_route_sheets_20260708/route_sheets/AccidentTwoWays/Town13_Rep0_1454_1_route0_01_08_20_26_16,"{""R2"": 134}","{""R-E1"": 71, ""R-E2"": 27, ""U-E2"": 36}"
AccidentTwoWays,Town13_Rep0_1631_0_route0_01_10_02_55_19,135,success,135,True,135,1.0,135,1.0,False,written,AutoMoT/keyframe_filter/collection_output/r2_rgb_route_sheets_20260708/route_sheets/AccidentTwoWays/Town13_Rep0_1631_0_route0_01_10_02_55_19/page_000.jpg,AutoMoT/keyframe_filter/collection_output/r2_rgb_route_sheets_20260708/route_sheets/AccidentTwoWays/Town13_Rep0_1631_0_route0_01_10_02_55_19,"{""R2"": 135}","{""R-E1"": 69, ""R-E2"": 29, ""U-E2"": 37}"
AccidentTwoWays,Town13_Rep0_route_003063_route0_01_10_18_25_23,92,success,92,True,92,1.0,92,1.0,False,written,AutoMoT/keyframe_filter/collection_output/r2_rgb_route_sheets_20260708/route_sheets/AccidentTwoWays/Town13_Rep0_route_003063_route0_01_10_18_25_23/page_000.jpg,AutoMoT/keyframe_filter/collection_output/r2_rgb_route_sheets_20260708/route_sheets/AccidentTwoWays/Town13_Rep0_route_003063_route0_01_10_18_25_23,"{""R2"": 92}","{""R-E1"": 42, ""R-E2"": 15, ""U-E2"": 35}"
AccidentTwoWays,Town13_Rep0_route_003089_route0_01_09_12_15_00,83,success,83,True,83,1.0,83,1.0,False,written,AutoMoT/keyframe_filter/collection_output/r2_rgb_route_sheets_20260708/route_sheets/AccidentTwoWays/Town13_Rep0_route_003089_route0_01_09_12_15_00/page_000.jpg,AutoMoT/keyframe_filter/collection_output/r2_rgb_route_sheets_20260708/route_sheets/AccidentTwoWays/Town13_Rep0_route_003089_route0_01_09_12_15_00,"{""R2"": 83}","{""R-E1"": 49, ""R-E2"": 12, ""U-E2"": 22}"
AccidentTwoWays,Town13_Rep0_route_003091_route0_01_07_23_04_05,85,success,85,True,85,1.0,85,1.0,False,written,AutoMoT/keyframe_filter/collection_output/r2_rgb_route_sheets_20260708/route_sheets/AccidentTwoWays/Town13_Rep0_route_003091_route0_01_07_23_04_05/page_000.jpg,AutoMoT/keyframe_filter/collection_output/r2_rgb_route_sheets_20260708/route_sheets/AccidentTwoWays/Town13_Rep0_route_003091_route0_01_07_23_04_05,"{""R2"": 85}","{""R-E1"": 49, ""R-E2"": 14, ""U-E2"": 22}"
AccidentTwoWays,Town13_Rep0_route_003092_route0_01_08_22_12_41,84,success,84,True,84,1.0,84,1.0,False,written,AutoMoT/keyframe_filter/collection_output/r2_rgb_route_sheets_20260708/route_sheets/AccidentTwoWays/Town13_Rep0_route_003092_route0_01_08_22_12_41/page_000.jpg,AutoMoT/keyframe_filter/collection_output/r2_rgb_route_sheets_20260708/route_sheets/AccidentTwoWays/Town13_Rep0_route_003092_route0_01_08_22_12_41,"{""R2"": 84}","{""R-E1"": 48, ""R-E2"": 14, ""U-E2"": 22}"
AccidentTwoWays,Town13_Rep0_route_003097_route0_01_08_03_58_38,93,success,93,True,93,1.0,93,1.0,False,written,AutoMoT/keyframe_filter/collection_output/r2_rgb_route_sheets_20260708/route_sheets/AccidentTwoWays/Town13_Rep0_route_003097_route0_01_08_03_58_38/page_000.jpg,AutoMoT/keyframe_filter/collection_output/r2_rgb_route_sheets_20260708/route_sheets/AccidentTwoWays/Town13_Rep0_route_003097_route0_01_08_03_58_38,"{""R2"": 93}","{""R-E1"": 43, ""R-E2"": 16, ""U-E2"": 34}"
AccidentTwoWays,Town13_Rep0_route_003098_route0_01_09_04_52_58,92,success,92,True,92,1.0,92,1.0,False,written,AutoMoT/keyframe_filter/collection_output/r2_rgb_route_sheets_20260708/route_sheets/AccidentTwoWays/Town13_Rep0_route_003098_route0_01_09_04_52_58/page_000.jpg,AutoMoT/keyframe_filter/collection_output/r2_rgb_route_sheets_20260708/route_sheets/AccidentTwoWays/Town13_Rep0_route_003098_route0_01_09_04_52_58,"{""R2"": 92}","{""R-E1"": 42, ""R-E2"": 15, ""U-E2"": 35}"
AccidentTwoWays,Town13_Rep0_route_003213_route0_01_09_16_21_55,201,success,201,True,201,1.0,201,1.0,False,written,AutoMoT/keyframe_filter/collection_output/r2_rgb_route_sheets_20260708/route_sheets/AccidentTwoWays/Town13_Rep0_route_003213_route0_01_09_16_21_55/page_000.jpg,AutoMoT/keyframe_filter/collection_output/r2_rgb_route_sheets_20260708/route_sheets/AccidentTwoWays/Town13_Rep0_route_003213_route0_01_09_16_21_55,"{""R2"": 201}","{""R-E1"": 97, ""R-E2"": 30, ""U-E2"": 74}"
AccidentTwoWays,Town13_Rep0_route_003214_route0_01_08_00_10_14,90,success,90,True,90,1.0,90,1.0,False,written,AutoMoT/keyframe_filter/collection_output/r2_rgb_route_sheets_20260708/route_sheets/AccidentTwoWays/Town13_Rep0_route_003214_route0_01_08_00_10_14/page_000.jpg,AutoMoT/keyframe_filter/collection_output/r2_rgb_route_sheets_20260708/route_sheets/AccidentTwoWays/Town13_Rep0_route_003214_route0_01_08_00_10_14,"{""R2"": 90}","{""R-E1"": 27, ""R-E2"": 29, ""U-E2"": 34}"
AccidentTwoWays,Town13_Rep0_route_003215_route0_01_09_12_04_52,177,success,177,True,177,1.0,177,1.0,False,written,AutoMoT/keyframe_filter/collection_output/r2_rgb_route_sheets_20260708/route_sheets/AccidentTwoWays/Town13_Rep0_route_003215_route0_01_09_12_04_52/page_000.jpg,AutoMoT/keyframe_filter/collection_output/r2_rgb_route_sheets_20260708/route_sheets/AccidentTwoWays/Town13_Rep0_route_003215_route0_01_09_12_04_52,"{""R2"": 177}","{""R-E1"": 97, ""R-E2"": 34, ""U-E2"": 46}"
AccidentTwoWays,Town13_Rep0_route_003216_route0_01_10_17_31_17,112,success,112,True,112,1.0,112,1.0,False,written,AutoMoT/keyframe_filter/collection_output/r2_rgb_route_sheets_20260708/route_sheets/AccidentTwoWays/Town13_Rep0_route_003216_route0_01_10_17_31_17/page_000.jpg,AutoMoT/keyframe_filter/collection_output/r2_rgb_route_sheets_20260708/route_sheets/AccidentTwoWays/Town13_Rep0_route_003216_route0_01_10_17_31_17,"{""R2"": 112}","{""R-E1"": 7, ""R-E2"": 30, ""U-E2"": 75}"
AccidentTwoWays,Town13_Rep0_route_003217_route0_01_10_18_20_12,202,success,202,True,202,1.0,202,1.0,False,written,AutoMoT/keyframe_filter/collection_output/r2_rgb_route_sheets_20260708/route_sheets/AccidentTwoWays/Town13_Rep0_route_003217_route0_01_10_18_20_12/page_000.jpg,AutoMoT/keyframe_filter/collection_output/r2_rgb_route_sheets_20260708/route_sheets/AccidentTwoWays/Town13_Rep0_route_003217_route0_01_10_18_20_12,"{""R2"": 202}","{""R-E1"": 98, ""R-E2"": 29, ""U-E2"": 75}"
AccidentTwoWays,Town13_Rep0_route_003218_route0_01_09_00_58_15,179,success,179,True,179,1.0,179,1.0,False,written,AutoMoT/keyframe_filter/collection_output/r2_rgb_route_sheets_20260708/route_sheets/AccidentTwoWays/Town13_Rep0_route_003218_route0_01_09_00_58_15/page_000.jpg,AutoMoT/keyframe_filter/collection_output/r2_rgb_route_sheets_20260708/route_sheets/AccidentTwoWays/Town13_Rep0_route_003218_route0_01_09_00_58_15,"{""R2"": 179}","{""R-E1"": 101, ""R-E2"": 31, ""U-E2"": 47}"
AccidentTwoWays,Town13_Rep0_route_003219_route0_01_10_23_11_49,177,success,177,True,177,1.0,177,1.0,False,written,AutoMoT/keyframe_filter/collection_output/r2_rgb_route_sheets_20260708/route_sheets/AccidentTwoWays/Town13_Rep0_route_003219_route0_01_10_23_11_49/page_000.jpg,AutoMoT/keyframe_filter/collection_output/r2_rgb_route_sheets_20260708/route_sheets/AccidentTwoWays/Town13_Rep0_route_003219_route0_01_10_23_11_49,"{""R2"": 177}","{""R-E1"": 97, ""R-E2"": 34, ""U-E2"": 46}"
AccidentTwoWays,Town13_Rep0_route_003220_route0_01_10_06_31_30,188,success,188,True,188,1.0,188,1.0,False,written,AutoMoT/keyframe_filter/collection_output/r2_rgb_route_sheets_20260708/route_sheets/AccidentTwoWays/Town13_Rep0_route_003220_route0_01_10_06_31_30/page_000.jpg,AutoMoT/keyframe_filter/collection_output/r2_rgb_route_sheets_20260708/route_sheets/AccidentTwoWays/Town13_Rep0_route_003220_route0_01_10_06_31_30,"{""R2"": 188}","{""R-E1"": 104, ""R-E2"": 47, ""U-E2"": 37}"
AccidentTwoWays,Town13_Rep0_route_003221_route0_01_10_22_01_35,88,success,88,True,88,1.0,88,1.0,False,written,AutoMoT/keyframe_filter/collection_output/r2_rgb_route_sheets_20260708/route_sheets/AccidentTwoWays/Town13_Rep0_route_003221_route0_01_10_22_01_35/page_000.jpg,AutoMoT/keyframe_filter/collection_output/r2_rgb_route_sheets_20260708/route_sheets/AccidentTwoWays/Town13_Rep0_route_003221_route0_01_10_22_01_35,"{""R2"": 88}","{""R-E1"": 20, ""R-E2"": 34, ""U-E2"": 34}"
AccidentTwoWays,Town13_Rep0_route_003222_route0_01_08_13_25_10,96,success,96,True,96,1.0,96,1.0,False,written,AutoMoT/keyframe_filter/collection_output/r2_rgb_route_sheets_20260708/route_sheets/AccidentTwoWays/Town13_Rep0_route_003222_route0_01_08_13_25_10/page_000.jpg,AutoMoT/keyframe_filter/collection_output/r2_rgb_route_sheets_20260708/route_sheets/AccidentTwoWays/Town13_Rep0_route_003222_route0_01_08_13_25_10,"{""R2"": 96}","{""R-E1"": 8, ""R-E2"": 21, ""U-E2"": 67}"
AccidentTwoWays,Town13_Rep0_route_003223_route0_01_10_16_01_42,171,success,171,True,171,1.0,171,1.0,False,written,AutoMoT/keyframe_filter/collection_output/r2_rgb_route_sheets_20260708/route_sheets/AccidentTwoWays/Town13_Rep0_route_003223_route0_01_10_16_01_42/page_000.jpg,AutoMoT/keyframe_filter/collection_output/r2_rgb_route_sheets_20260708/route_sheets/AccidentTwoWays/Town13_Rep0_route_003223_route0_01_10_16_01_42,"{""R2"": 171}","{""R-E1"": 103, ""R-E2"": 35, ""U-E2"": 33}"
AccidentTwoWays,Town13_Rep0_route_003224_route0_01_10_09_21_49,179,success,179,True,179,1.0,179,1.0,False,written,AutoMoT/keyframe_filter/collection_output/r2_rgb_route_sheets_20260708/route_sheets/AccidentTwoWays/Town13_Rep0_route_003224_route0_01_10_09_21_49/page_000.jpg,AutoMoT/keyframe_filter/collection_output/r2_rgb_route_sheets_20260708/route_sheets/AccidentTwoWays/Town13_Rep0_route_003224_route0_01_10_09_21_49,"{""R2"": 179}","{""R-E1"": 103, ""R-E2"": 42, ""U-E2"": 34}"
AccidentTwoWays,Town13_Rep0_route_003225_route0_01_11_07_11_06,203,success,203,True,203,1.0,203,1.0,False,written,AutoMoT/keyframe_filter/collection_output/r2_rgb_route_sheets_20260708/route_sheets/AccidentTwoWays/Town13_Rep0_route_003225_route0_01_11_07_11_06/page_000.jpg,AutoMoT/keyframe_filter/collection_output/r2_rgb_route_sheets_20260708/route_sheets/AccidentTwoWays/Town13_Rep0_route_003225_route0_01_11_07_11_06,"{""R2"": 203}","{""R-E1"": 98, ""R-E2"": 30, ""U-E2"": 75}"
AccidentTwoWays,Town13_Rep0_route_003226_route0_01_10_20_33_45,97,success,97,True,97,1.0,97,1.0,False,written,AutoMoT/keyframe_filter/collection_output/r2_rgb_route_sheets_20260708/route_sheets/AccidentTwoWays/Town13_Rep0_route_003226_route0_01_10_20_33_45/page_000.jpg,AutoMoT/keyframe_filter/collection_output/r2_rgb_route_sheets_20260708/route_sheets/AccidentTwoWays/Town13_Rep0_route_003226_route0_01_10_20_33_45,"{""R2"": 97}","{""R-E1"": 8, ""R-E2"": 23, ""U-E2"": 66}"
AccidentTwoWays,Town13_Rep0_route_003228_route0_01_08_12_34_03,85,success,85,True,85,1.0,85,1.0,False,written,AutoMoT/keyframe_filter/collection_output/r2_rgb_route_sheets_20260708/route_sheets/AccidentTwoWays/Town13_Rep0_route_003228_route0_01_08_12_34_03/page_000.jpg,AutoMoT/keyframe_filter/collection_output/r2_rgb_route_sheets_20260708/route_sheets/AccidentTwoWays/Town13_Rep0_route_003228_route0_01_08_12_34_03,"{""R2"": 85}","{""R-E1"": 8, ""R-E2"": 43, ""U-E2"": 34}"
AccidentTwoWays,Town13_Rep0_route_003229_route0_01_10_04_44_57,201,success,201,True,201,1.0,201,1.0,False,written,AutoMoT/keyframe_filter/collection_output/r2_rgb_route_sheets_20260708/route_sheets/AccidentTwoWays/Town13_Rep0_route_003229_route0_01_10_04_44_57/page_000.jpg,AutoMoT/keyframe_filter/collection_output/r2_rgb_route_sheets_20260708/route_sheets/AccidentTwoWays/Town13_Rep0_route_003229_route0_01_10_04_44_57,"{""R2"": 201}","{""R-E1"": 97, ""R-E2"": 29, ""U-E2"": 75}"
AccidentTwoWays,Town13_Rep0_route_003231_route0_01_08_09_49_15,86,success,86,True,86,1.0,86,1.0,False,written,AutoMoT/keyframe_filter/collection_output/r2_rgb_route_sheets_20260708/route_sheets/AccidentTwoWays/Town13_Rep0_route_003231_route0_01_08_09_49_15/page_000.jpg,AutoMoT/keyframe_filter/collection_output/r2_rgb_route_sheets_20260708/route_sheets/AccidentTwoWays/Town13_Rep0_route_003231_route0_01_08_09_49_15,"{""R2"": 86}","{""R-E1"": 8, ""R-E2"": 45, ""U-E2"": 33}"
AccidentTwoWays,Town13_Rep0_route_003233_route0_01_10_12_35_31,52,success,52,True,52,1.0,52,1.0,False,written,AutoMoT/keyframe_filter/collection_output/r2_rgb_route_sheets_20260708/route_sheets/AccidentTwoWays/Town13_Rep0_route_003233_route0_01_10_12_35_31/page_000.jpg,AutoMoT/keyframe_filter/collection_output/r2_rgb_route_sheets_20260708/route_sheets/AccidentTwoWays/Town13_Rep0_route_003233_route0_01_10_12_35_31,"{""R2"": 52}","{""R-E2"": 22, ""U-E2"": 30}"
AccidentTwoWays,Town13_Rep0_route_003234_route0_01_09_14_34_31,102,success,102,True,102,1.0,102,1.0,False,written,AutoMoT/keyframe_filter/collection_output/r2_rgb_route_sheets_20260708/route_sheets/AccidentTwoWays/Town13_Rep0_route_003234_route0_01_09_14_34_31/page_000.jpg,AutoMoT/keyframe_filter/collection_output/r2_rgb_route_sheets_20260708/route_sheets/AccidentTwoWays/Town13_Rep0_route_003234_route0_01_09_14_34_31,"{""R2"": 102}","{""R-E1"": 21, ""R-E2"": 43, ""U-E2"": 38}"
AccidentTwoWays,Town13_Rep0_route_003235_route0_01_09_03_49_43,104,success,104,True,104,1.0,104,1.0,False,written,AutoMoT/keyframe_filter/collection_output/r2_rgb_route_sheets_20260708/route_sheets/AccidentTwoWays/Town13_Rep0_route_003235_route0_01_09_03_49_43/page_000.jpg,AutoMoT/keyframe_filter/collection_output/r2_rgb_route_sheets_20260708/route_sheets/AccidentTwoWays/Town13_Rep0_route_003235_route0_01_09_03_49_43,"{""R2"": 104}","{""R-E1"": 21, ""R-E2"": 45, ""U-E2"": 38}"
AccidentTwoWays,Town13_Rep0_route_003236_route0_01_08_07_40_55,98,success,98,True,98,1.0,98,1.0,False,written,AutoMoT/keyframe_filter/collection_output/r2_rgb_route_sheets_20260708/route_sheets/AccidentTwoWays/Town13_Rep0_route_003236_route0_01_08_07_40_55/page_000.jpg,AutoMoT/keyframe_filter/collection_output/r2_rgb_route_sheets_20260708/route_sheets/AccidentTwoWays/Town13_Rep0_route_003236_route0_01_08_07_40_55,"{""R2"": 98}","{""R-E1"": 17, ""R-E2"": 44, ""U-E2"": 37}"
AccidentTwoWays,Town13_Rep0_route_003237_route0_01_09_00_12_04,98,success,98,True,98,1.0,98,1.0,False,written,AutoMoT/keyframe_filter/collection_output/r2_rgb_route_sheets_20260708/route_sheets/AccidentTwoWays/Town13_Rep0_route_003237_route0_01_09_00_12_04/page_000.jpg,AutoMoT/keyframe_filter/collection_output/r2_rgb_route_sheets_20260708/route_sheets/AccidentTwoWays/Town13_Rep0_route_003237_route0_01_09_00_12_04,"{""R2"": 98}","{""R-E1"": 9, ""R-E2"": 24, ""U-E2"": 65}"
AccidentTwoWays,Town13_Rep0_route_003238_route0_01_09_13_50_36,82,success,82,True,82,1.0,82,1.0,False,written,AutoMoT/keyframe_filter/collection_output/r2_rgb_route_sheets_20260708/route_sheets/AccidentTwoWays/Town13_Rep0_route_003238_route0_01_09_13_50_36/page_000.jpg,AutoMoT/keyframe_filter/collection_output/r2_rgb_route_sheets_20260708/route_sheets/AccidentTwoWays/Town13_Rep0_route_003238_route0_01_09_13_50_36,"{""R2"": 82}","{""R-E1"": 14, ""R-E2"": 34, ""U-E2"": 34}"
AccidentTwoWays,Town13_Rep0_route_003239_route0_01_09_06_00_31,97,success,97,True,97,1.0,97,1.0,False,written,AutoMoT/keyframe_filter/collection_output/r2_rgb_route_sheets_20260708/route_sheets/AccidentTwoWays/Town13_Rep0_route_003239_route0_01_09_06_00_31/page_000.jpg,AutoMoT/keyframe_filter/collection_output/r2_rgb_route_sheets_20260708/route_sheets/AccidentTwoWays/Town13_Rep0_route_003239_route0_01_09_06_00_31,"{""R2"": 97}","{""R-E2"": 51, ""U-E2"": 46}"
AccidentTwoWays,Town13_Rep0_route_003240_route0_01_08_17_03_52,88,success,88,True,88,1.0,88,1.0,False,written,AutoMoT/keyframe_filter/collection_output/r2_rgb_route_sheets_20260708/route_sheets/AccidentTwoWays/Town13_Rep0_route_003240_route0_01_08_17_03_52/page_000.jpg,AutoMoT/keyframe_filter/collection_output/r2_rgb_route_sheets_20260708/route_sheets/AccidentTwoWays/Town13_Rep0_route_003240_route0_01_08_17_03_52,"{""R2"": 88}","{""R-E2"": 42, ""U-E2"": 46}"
AccidentTwoWays,Town13_Rep0_route_003241_route0_01_08_19_35_25,66,success,66,True,66,1.0,66,1.0,False,written,AutoMoT/keyframe_filter/collection_output/r2_rgb_route_sheets_20260708/route_sheets/AccidentTwoWays/Town13_Rep0_route_003241_route0_01_08_19_35_25/page_000.jpg,AutoMoT/keyframe_filter/collection_output/r2_rgb_route_sheets_20260708/route_sheets/AccidentTwoWays/Town13_Rep0_route_003241_route0_01_08_19_35_25,"{""R2"": 66}","{""R-E2"": 40, ""U-E2"": 26}"
AccidentTwoWays,Town13_Rep0_route_003242_route0_01_08_09_43_26,206,success,206,True,206,1.0,206,1.0,False,written,AutoMoT/keyframe_filter/collection_output/r2_rgb_route_sheets_20260708/route_sheets/AccidentTwoWays/Town13_Rep0_route_003242_route0_01_08_09_43_26/page_000.jpg,AutoMoT/keyframe_filter/collection_output/r2_rgb_route_sheets_20260708/route_sheets/AccidentTwoWays/Town13_Rep0_route_003242_route0_01_08_09_43_26,"{""R2"": 206}","{""R-E1"": 97, ""R-E2"": 33, ""U-E2"": 76}"
AccidentTwoWays,Town13_Rep0_route_003243_route0_01_10_22_28_15,90,success,90,True,90,1.0,90,1.0,False,written,AutoMoT/keyframe_filter/collection_output/r2_rgb_route_sheets_20260708/route_sheets/AccidentTwoWays/Town13_Rep0_route_003243_route0_01_10_22_28_15/page_000.jpg,AutoMoT/keyframe_filter/collection_output/r2_rgb_route_sheets_20260708/route_sheets/AccidentTwoWays/Town13_Rep0_route_003243_route0_01_10_22_28_15,"{""R2"": 90}","{""R-E1"": 20, ""R-E2"": 36, ""U-E2"": 34}"
AccidentTwoWays,Town13_Rep0_route_003244_route0_01_10_20_54_33,83,success,83,True,83,1.0,83,1.0,False,written,AutoMoT/keyframe_filter/collection_output/r2_rgb_route_sheets_20260708/route_sheets/AccidentTwoWays/Town13_Rep0_route_003244_route0_01_10_20_54_33/page_000.jpg,AutoMoT/keyframe_filter/collection_output/r2_rgb_route_sheets_20260708/route_sheets/AccidentTwoWays/Town13_Rep0_route_003244_route0_01_10_20_54_33,"{""R2"": 83}","{""R-E1"": 8, ""R-E2"": 42, ""U-E2"": 33}"
AccidentTwoWays,Town13_Rep0_route_003245_route0_01_08_14_35_11,49,success,49,True,49,1.0,49,1.0,False,written,AutoMoT/keyframe_filter/collection_output/r2_rgb_route_sheets_20260708/route_sheets/AccidentTwoWays/Town13_Rep0_route_003245_route0_01_08_14_35_11/page_000.jpg,AutoMoT/keyframe_filter/collection_output/r2_rgb_route_sheets_20260708/route_sheets/AccidentTwoWays/Town13_Rep0_route_003245_route0_01_08_14_35_11,"{""R2"": 49}","{""R-E1"": 9, ""R-E2"": 23, ""U-E2"": 17}"
AccidentTwoWays,Town13_Rep0_route_003246_route0_01_10_08_44_57,111,success,111,True,111,1.0,111,1.0,False,written,AutoMoT/keyframe_filter/collection_output/r2_rgb_route_sheets_20260708/route_sheets/AccidentTwoWays/Town13_Rep0_route_003246_route0_01_10_08_44_57/page_000.jpg,AutoMoT/keyframe_filter/collection_output/r2_rgb_route_sheets_20260708/route_sheets/AccidentTwoWays/Town13_Rep0_route_003246_route0_01_10_08_44_57,"{""R2"": 111}","{""R-E1"": 22, ""R-E2"": 51, ""U-E2"": 38}"
AccidentTwoWays,Town13_Rep0_route_003247_route0_01_10_09_20_25,89,success,89,True,89,1.0,89,1.0,False,written,AutoMoT/keyframe_filter/collection_output/r2_rgb_route_sheets_20260708/route_sheets/AccidentTwoWays/Town13_Rep0_route_003247_route0_01_10_09_20_25/page_000.jpg,AutoMoT/keyframe_filter/collection_output/r2_rgb_route_sheets_20260708/route_sheets/AccidentTwoWays/Town13_Rep0_route_003247_route0_01_10_09_20_25,"{""R2"": 89}","{""R-E1"": 11, ""R-E2"": 43, ""U-E2"": 35}"
AccidentTwoWays,Town13_Rep0_route_003250_route0_01_10_20_29_15,98,success,98,True,98,1.0,98,1.0,False,written,AutoMoT/keyframe_filter/collection_output/r2_rgb_route_sheets_20260708/route_sheets/AccidentTwoWays/Town13_Rep0_route_003250_route0_01_10_20_29_15/page_000.jpg,AutoMoT/keyframe_filter/collection_output/r2_rgb_route_sheets_20260708/route_sheets/AccidentTwoWays/Town13_Rep0_route_003250_route0_01_10_20_29_15,"{""R2"": 98}","{""R-E1"": 8, ""R-E2"": 24, ""U-E2"": 66}"
AccidentTwoWays,Town13_Rep0_route_003251_route0_01_10_16_14_22,90,success,90,True,90,1.0,90,1.0,False,written,AutoMoT/keyframe_filter/collection_output/r2_rgb_route_sheets_20260708/route_sheets/AccidentTwoWays/Town13_Rep0_route_003251_route0_01_10_16_14_22/page_000.jpg,AutoMoT/keyframe_filter/collection_output/r2_rgb_route_sheets_20260708/route_sheets/AccidentTwoWays/Town13_Rep0_route_003251_route0_01_10_16_14_22,"{""R2"": 90}","{""R-E1"": 20, ""R-E2"": 36, ""U-E2"": 34}"
AccidentTwoWays,Town13_Rep0_route_003252_route0_01_11_03_52_16,89,success,89,True,89,1.0,89,1.0,False,written,AutoMoT/keyframe_filter/collection_output/r2_rgb_route_sheets_20260708/route_sheets/AccidentTwoWays/Town13_Rep0_route_003252_route0_01_11_03_52_16/page_000.jpg,AutoMoT/keyframe_filter/collection_output/r2_rgb_route_sheets_20260708/route_sheets/AccidentTwoWays/Town13_Rep0_route_003252_route0_01_11_03_52_16,"{""R2"": 89}","{""R-E1"": 11, ""R-E2"": 42, ""U-E2"": 36}"
AccidentTwoWays,Town13_Rep0_route_003253_route0_01_08_14_37_43,89,success,89,True,89,1.0,89,1.0,False,written,AutoMoT/keyframe_filter/collection_output/r2_rgb_route_sheets_20260708/route_sheets/AccidentTwoWays/Town13_Rep0_route_003253_route0_01_08_14_37_43/page_000.jpg,AutoMoT/keyframe_filter/collection_output/r2_rgb_route_sheets_20260708/route_sheets/AccidentTwoWays/Town13_Rep0_route_003253_route0_01_08_14_37_43,"{""R2"": 89}","{""R-E1"": 16, ""R-E2"": 38, ""U-E2"": 35}"
AccidentTwoWays,Town13_Rep0_route_003254_route0_01_08_17_25_18,83,success,83,True,83,1.0,83,1.0,False,written,AutoMoT/keyframe_filter/collection_output/r2_rgb_route_sheets_20260708/route_sheets/AccidentTwoWays/Town13_Rep0_route_003254_route0_01_08_17_25_18/page_000.jpg,AutoMoT/keyframe_filter/collection_output/r2_rgb_route_sheets_20260708/route_sheets/AccidentTwoWays/Town13_Rep0_route_003254_route0_01_08_17_25_18,"{""R2"": 83}","{""R-E1"": 14, ""R-E2"": 35, ""U-E2"": 34}"
AccidentTwoWays,Town13_Rep0_route_003255_route0_01_08_14_10_12,102,success,102,True,102,1.0,102,1.0,False,written,AutoMoT/keyframe_filter/collection_output/r2_rgb_route_sheets_20260708/route_sheets/AccidentTwoWays/Town13_Rep0_route_003255_route0_01_08_14_10_12/page_000.jpg,AutoMoT/keyframe_filter/collection_output/r2_rgb_route_sheets_20260708/route_sheets/AccidentTwoWays/Town13_Rep0_route_003255_route0_01_08_14_10_12,"{""R2"": 102}","{""R-E1"": 23, ""R-E2"": 37, ""U-E2"": 42}"
AccidentTwoWays,Town13_Rep0_route_003256_route0_01_08_19_41_52,97,success,97,True,97,1.0,97,1.0,False,written,AutoMoT/keyframe_filter/collection_output/r2_rgb_route_sheets_20260708/route_sheets/AccidentTwoWays/Town13_Rep0_route_003256_route0_01_08_19_41_52/page_000.jpg,AutoMoT/keyframe_filter/collection_output/r2_rgb_route_sheets_20260708/route_sheets/AccidentTwoWays/Town13_Rep0_route_003256_route0_01_08_19_41_52,"{""R2"": 97}","{""R-E1"": 8, ""R-E2"": 25, ""U-E2"": 64}"
AccidentTwoWays,Town13_Rep0_route_003257_route0_01_09_14_15_08,94,success,94,True,94,1.0,94,1.0,False,written,AutoMoT/keyframe_filter/collection_output/r2_rgb_route_sheets_20260708/route_sheets/AccidentTwoWays/Town13_Rep0_route_003257_route0_01_09_14_15_08/page_000.jpg,AutoMoT/keyframe_filter/collection_output/r2_rgb_route_sheets_20260708/route_sheets/AccidentTwoWays/Town13_Rep0_route_003257_route0_01_09_14_15_08,"{""R2"": 94}","{""R-E1"": 15, ""R-E2"": 41, ""U-E2"": 38}"
AccidentTwoWays,Town13_Rep0_route_003258_route0_01_08_15_52_13,184,success,184,True,184,1.0,184,1.0,False,written,AutoMoT/keyframe_filter/collection_output/r2_rgb_route_sheets_20260708/route_sheets/AccidentTwoWays/Town13_Rep0_route_003258_route0_01_08_15_52_13/page_000.jpg,AutoMoT/keyframe_filter/collection_output/r2_rgb_route_sheets_20260708/route_sheets/AccidentTwoWays/Town13_Rep0_route_003258_route0_01_08_15_52_13,"{""R2"": 184}","{""R-E1"": 97, ""R-E2"": 40, ""U-E2"": 47}"
AccidentTwoWays,Town13_Rep0_route_003259_route0_01_09_07_33_57,97,success,97,True,97,1.0,97,1.0,False,written,AutoMoT/keyframe_filter/collection_output/r2_rgb_route_sheets_20260708/route_sheets/AccidentTwoWays/Town13_Rep0_route_003259_route0_01_09_07_33_57/page_000.jpg,AutoMoT/keyframe_filter/collection_output/r2_rgb_route_sheets_20260708/route_sheets/AccidentTwoWays/Town13_Rep0_route_003259_route0_01_09_07_33_57,"{""R2"": 97}","{""R-E1"": 8, ""R-E2"": 22, ""U-E2"": 67}"
AccidentTwoWays,Town13_Rep0_route_003260_route0_01_08_16_17_08,85,success,85,True,85,1.0,85,1.0,False,written,AutoMoT/keyframe_filter/collection_output/r2_rgb_route_sheets_20260708/route_sheets/AccidentTwoWays/Town13_Rep0_route_003260_route0_01_08_16_17_08/page_000.jpg,AutoMoT/keyframe_filter/collection_output/r2_rgb_route_sheets_20260708/route_sheets/AccidentTwoWays/Town13_Rep0_route_003260_route0_01_08_16_17_08,"{""R2"": 85}","{""R-E1"": 18, ""R-E2"": 33, ""U-E2"": 34}"
AccidentTwoWays,Town13_Rep0_route_003261_route0_01_10_04_05_48,116,success,116,True,116,1.0,116,1.0,False,written,AutoMoT/keyframe_filter/collection_output/r2_rgb_route_sheets_20260708/route_sheets/AccidentTwoWays/Town13_Rep0_route_003261_route0_01_10_04_05_48/page_000.jpg,AutoMoT/keyframe_filter/collection_output/r2_rgb_route_sheets_20260708/route_sheets/AccidentTwoWays/Town13_Rep0_route_003261_route0_01_10_04_05_48,"{""R2"": 116}","{""R-E1"": 6, ""R-E2"": 63, ""U-E2"": 47}"
AccidentTwoWays,Town13_Rep0_route_003262_route0_01_10_23_29_06,96,success,96,True,96,1.0,96,1.0,False,written,AutoMoT/keyframe_filter/collection_output/r2_rgb_route_sheets_20260708/route_sheets/AccidentTwoWays/Town13_Rep0_route_003262_route0_01_10_23_29_06/page_000.jpg,AutoMoT/keyframe_filter/collection_output/r2_rgb_route_sheets_20260708/route_sheets/AccidentTwoWays/Town13_Rep0_route_003262_route0_01_10_23_29_06,"{""R2"": 96}","{""R-E1"": 8, ""R-E2"": 22, ""U-E2"": 66}"
AccidentTwoWays,Town15_Rep0_route_001345_route0_01_08_19_36_39,255,success,255,True,255,1.0,255,1.0,False,written,AutoMoT/keyframe_filter/collection_output/r2_rgb_route_sheets_20260708/route_sheets/AccidentTwoWays/Town15_Rep0_route_001345_route0_01_08_19_36_39/page_000.jpg,AutoMoT/keyframe_filter/collection_output/r2_rgb_route_sheets_20260708/route_sheets/AccidentTwoWays/Town15_Rep0_route_001345_route0_01_08_19_36_39,"{""R2"": 255}","{""R-E1"": 179, ""R-E2"": 34, ""U-E2"": 42}"
AccidentTwoWays,Town15_Rep0_route_001351_route0_01_08_21_13_16,187,success,187,True,187,1.0,187,1.0,False,written,AutoMoT/keyframe_filter/collection_output/r2_rgb_route_sheets_20260708/route_sheets/AccidentTwoWays/Town15_Rep0_route_001351_route0_01_08_21_13_16/page_000.jpg,AutoMoT/keyframe_filter/collection_output/r2_rgb_route_sheets_20260708/route_sheets/AccidentTwoWays/Town15_Rep0_route_001351_route0_01_08_21_13_16,"{""R2"": 187}","{""R-E1"": 89, ""R-E2"": 30, ""U-E2"": 68}"
AccidentTwoWays,Town15_Rep0_route_001356_route0_01_09_08_04_00,110,success,110,True,110,1.0,110,1.0,False,written,AutoMoT/keyframe_filter/collection_output/r2_rgb_route_sheets_20260708/route_sheets/AccidentTwoWays/Town15_Rep0_route_001356_route0_01_09_08_04_00/page_000.jpg,AutoMoT/keyframe_filter/collection_output/r2_rgb_route_sheets_20260708/route_sheets/AccidentTwoWays/Town15_Rep0_route_001356_route0_01_09_08_04_00,"{""R2"": 110}","{""R-E1"": 101, ""U-E2"": 9}"
AccidentTwoWays,Town15_Rep0_route_001360_route0_01_09_11_25_33,150,success,150,True,150,1.0,150,1.0,False,written,AutoMoT/keyframe_filter/collection_output/r2_rgb_route_sheets_20260708/route_sheets/AccidentTwoWays/Town15_Rep0_route_001360_route0_01_09_11_25_33/page_000.jpg,AutoMoT/keyframe_filter/collection_output/r2_rgb_route_sheets_20260708/route_sheets/AccidentTwoWays/Town15_Rep0_route_001360_route0_01_09_11_25_33,"{""R2"": 150}","{""R-E1"": 141, ""U-E2"": 9}"
AccidentTwoWays,Town15_Rep0_route_001361_route0_01_10_21_45_40,129,success,129,True,129,1.0,129,1.0,False,written,AutoMoT/keyframe_filter/collection_output/r2_rgb_route_sheets_20260708/route_sheets/AccidentTwoWays/Town15_Rep0_route_001361_route0_01_10_21_45_40/page_000.jpg,AutoMoT/keyframe_filter/collection_output/r2_rgb_route_sheets_20260708/route_sheets/AccidentTwoWays/Town15_Rep0_route_001361_route0_01_10_21_45_40,"{""R2"": 129}","{""R-E1"": 121, ""U-E2"": 8}"
AccidentTwoWays,Town15_Rep0_route_001362_route0_01_08_18_55_08,197,success,197,True,197,1.0,197,1.0,False,written,AutoMoT/keyframe_filter/collection_output/r2_rgb_route_sheets_20260708/route_sheets/AccidentTwoWays/Town15_Rep0_route_001362_route0_01_08_18_55_08/page_000.jpg,AutoMoT/keyframe_filter/collection_output/r2_rgb_route_sheets_20260708/route_sheets/AccidentTwoWays/Town15_Rep0_route_001362_route0_01_08_18_55_08,"{""R2"": 197}","{""R-E1"": 101, ""R-E2"": 29, ""U-E2"": 67}"
AccidentTwoWays,Town15_Rep0_route_001363_route0_01_09_16_13_53,176,success,176,True,176,1.0,176,1.0,False,written,AutoMoT/keyframe_filter/collection_output/r2_rgb_route_sheets_20260708/route_sheets/AccidentTwoWays/Town15_Rep0_route_001363_route0_01_09_16_13_53/page_000.jpg,AutoMoT/keyframe_filter/collection_output/r2_rgb_route_sheets_20260708/route_sheets/AccidentTwoWays/Town15_Rep0_route_001363_route0_01_09_16_13_53,"{""R2"": 176}","{""R-E1"": 76, ""R-E2"": 19, ""U-E2"": 81}"
AccidentTwoWays,Town15_Rep0_route_001364_route0_01_08_20_43_38,91,success,91,True,91,1.0,91,1.0,False,written,AutoMoT/keyframe_filter/collection_output/r2_rgb_route_sheets_20260708/route_sheets/AccidentTwoWays/Town15_Rep0_route_001364_route0_01_08_20_43_38/page_000.jpg,AutoMoT/keyframe_filter/collection_output/r2_rgb_route_sheets_20260708/route_sheets/AccidentTwoWays/Town15_Rep0_route_001364_route0_01_08_20_43_38,"{""R2"": 91}","{""R-E2"": 25, ""U-E2"": 66}"
AccidentTwoWays,Town15_Rep0_route_001372_route0_01_09_06_00_42,231,success,231,True,231,1.0,231,1.0,False,written,AutoMoT/keyframe_filter/collection_output/r2_rgb_route_sheets_20260708/route_sheets/AccidentTwoWays/Town15_Rep0_route_001372_route0_01_09_06_00_42/page_000.jpg,AutoMoT/keyframe_filter/collection_output/r2_rgb_route_sheets_20260708/route_sheets/AccidentTwoWays/Town15_Rep0_route_001372_route0_01_09_06_00_42,"{""R2"": 231}","{""R-E1"": 129, ""R-E2"": 21, ""U-E2"": 81}"
AccidentTwoWays,Town15_Rep0_route_001378_route0_01_08_14_54_38,178,success,178,True,178,1.0,178,1.0,False,written,AutoMoT/keyframe_filter/collection_output/r2_rgb_route_sheets_20260708/route_sheets/AccidentTwoWays/Town15_Rep0_route_001378_route0_01_08_14_54_38/page_000.jpg,AutoMoT/keyframe_filter/collection_output/r2_rgb_route_sheets_20260708/route_sheets/AccidentTwoWays/Town15_Rep0_route_001378_route0_01_08_14_54_38,"{""R2"": 178}","{""R-E1"": 78, ""R-E2"": 25, ""U-E2"": 75}"
AccidentTwoWays,Town15_Rep0_route_001383_route0_01_09_10_09_36,111,success,111,True,111,1.0,111,1.0,False,written,AutoMoT/keyframe_filter/collection_output/r2_rgb_route_sheets_20260708/route_sheets/AccidentTwoWays/Town15_Rep0_route_001383_route0_01_09_10_09_36/page_000.jpg,AutoMoT/keyframe_filter/collection_output/r2_rgb_route_sheets_20260708/route_sheets/AccidentTwoWays/Town15_Rep0_route_001383_route0_01_09_10_09_36,"{""R2"": 111}","{""R-E1"": 111}"
AccidentTwoWays,Town15_Rep0_route_001387_route0_01_09_03_15_25,130,success,130,True,130,1.0,130,1.0,False,written,AutoMoT/keyframe_filter/collection_output/r2_rgb_route_sheets_20260708/route_sheets/AccidentTwoWays/Town15_Rep0_route_001387_route0_01_09_03_15_25/page_000.jpg,AutoMoT/keyframe_filter/collection_output/r2_rgb_route_sheets_20260708/route_sheets/AccidentTwoWays/Town15_Rep0_route_001387_route0_01_09_03_15_25,"{""R2"": 130}","{""R-E1"": 122, ""U-E2"": 8}"
AccidentTwoWays,Town15_Rep0_route_001388_route0_01_09_06_49_45,132,success,132,True,132,1.0,132,1.0,False,written,AutoMoT/keyframe_filter/collection_output/r2_rgb_route_sheets_20260708/route_sheets/AccidentTwoWays/Town15_Rep0_route_001388_route0_01_09_06_49_45/page_000.jpg,AutoMoT/keyframe_filter/collection_output/r2_rgb_route_sheets_20260708/route_sheets/AccidentTwoWays/Town15_Rep0_route_001388_route0_01_09_06_49_45,"{""R2"": 132}","{""R-E1"": 123, ""U-E2"": 9}"
AccidentTwoWays,Town15_Rep0_route_001389_route0_01_09_12_58_48,184,success,184,True,184,1.0,184,1.0,False,written,AutoMoT/keyframe_filter/collection_output/r2_rgb_route_sheets_20260708/route_sheets/AccidentTwoWays/Town15_Rep0_route_001389_route0_01_09_12_58_48/page_000.jpg,AutoMoT/keyframe_filter/collection_output/r2_rgb_route_sheets_20260708/route_sheets/AccidentTwoWays/Town15_Rep0_route_001389_route0_01_09_12_58_48,"{""R2"": 184}","{""R-E1"": 92, ""R-E2"": 21, ""U-E2"": 71}"
AccidentTwoWays,Town15_Rep0_route_001390_route0_01_08_11_41_20,181,success,181,True,181,1.0,181,1.0,False,written,AutoMoT/keyframe_filter/collection_output/r2_rgb_route_sheets_20260708/route_sheets/AccidentTwoWays/Town15_Rep0_route_001390_route0_01_08_11_41_20/page_000.jpg,AutoMoT/keyframe_filter/collection_output/r2_rgb_route_sheets_20260708/route_sheets/AccidentTwoWays/Town15_Rep0_route_001390_route0_01_08_11_41_20,"{""R2"": 181}","{""R-E1"": 79, ""R-E2"": 20, ""U-E2"": 82}"
AccidentTwoWays,Town15_Rep0_route_001391_route0_01_08_20_21_40,98,success,98,True,98,1.0,98,1.0,False,written,AutoMoT/keyframe_filter/collection_output/r2_rgb_route_sheets_20260708/route_sheets/AccidentTwoWays/Town15_Rep0_route_001391_route0_01_08_20_21_40/page_000.jpg,AutoMoT/keyframe_filter/collection_output/r2_rgb_route_sheets_20260708/route_sheets/AccidentTwoWays/Town15_Rep0_route_001391_route0_01_08_20_21_40,"{""R2"": 98}","{""R-E2"": 25, ""U-E2"": 73}"
AccidentTwoWays,Town15_Rep0_route_001462_route0_01_08_20_28_09,270,success,270,True,270,1.0,270,1.0,False,written,AutoMoT/keyframe_filter/collection_output/r2_rgb_route_sheets_20260708/route_sheets/AccidentTwoWays/Town15_Rep0_route_001462_route0_01_08_20_28_09/page_000.jpg,AutoMoT/keyframe_filter/collection_output/r2_rgb_route_sheets_20260708/route_sheets/AccidentTwoWays/Town15_Rep0_route_001462_route0_01_08_20_28_09,"{""R2"": 270}","{""R-E1"": 177, ""R-E2"": 25, ""U-E2"": 68}"
AccidentTwoWays,Town15_Rep0_route_001468_route0_01_09_08_08_20,162,success,162,True,162,1.0,162,1.0,False,written,AutoMoT/keyframe_filter/collection_output/r2_rgb_route_sheets_20260708/route_sheets/AccidentTwoWays/Town15_Rep0_route_001468_route0_01_09_08_08_20/page_000.jpg,AutoMoT/keyframe_filter/collection_output/r2_rgb_route_sheets_20260708/route_sheets/AccidentTwoWays/Town15_Rep0_route_001468_route0_01_09_08_08_20,"{""R2"": 162}","{""R-E1"": 62, ""R-E2"": 21, ""U-E2"": 79}"
AccidentTwoWays,Town15_Rep0_route_001473_route0_01_08_16_03_07,127,success,127,True,127,1.0,127,1.0,False,written,AutoMoT/keyframe_filter/collection_output/r2_rgb_route_sheets_20260708/route_sheets/AccidentTwoWays/Town15_Rep0_route_001473_route0_01_08_16_03_07/page_000.jpg,AutoMoT/keyframe_filter/collection_output/r2_rgb_route_sheets_20260708/route_sheets/AccidentTwoWays/Town15_Rep0_route_001473_route0_01_08_16_03_07,"{""R2"": 127}","{""R-E1"": 118, ""U-E2"": 9}"
AccidentTwoWays,Town15_Rep0_route_001477_route0_01_09_08_51_39,150,success,150,True,150,1.0,150,1.0,False,written,AutoMoT/keyframe_filter/collection_output/r2_rgb_route_sheets_20260708/route_sheets/AccidentTwoWays/Town15_Rep0_route_001477_route0_01_09_08_51_39/page_000.jpg,AutoMoT/keyframe_filter/collection_output/r2_rgb_route_sheets_20260708/route_sheets/AccidentTwoWays/Town15_Rep0_route_001477_route0_01_09_08_51_39,"{""R2"": 150}","{""R-E1"": 138, ""U-E2"": 12}"
AccidentTwoWays,Town15_Rep0_route_001478_route0_01_09_22_17_52,127,success,127,True,127,1.0,127,1.0,False,written,AutoMoT/keyframe_filter/collection_output/r2_rgb_route_sheets_20260708/route_sheets/AccidentTwoWays/Town15_Rep0_route_001478_route0_01_09_22_17_52/page_000.jpg,AutoMoT/keyframe_filter/collection_output/r2_rgb_route_sheets_20260708/route_sheets/AccidentTwoWays/Town15_Rep0_route_001478_route0_01_09_22_17_52,"{""R2"": 127}","{""R-E1"": 118, ""U-E2"": 9}"
AccidentTwoWays,Town15_Rep0_route_001480_route0_01_09_05_44_42,179,success,179,True,179,1.0,179,1.0,False,written,AutoMoT/keyframe_filter/collection_output/r2_rgb_route_sheets_20260708/route_sheets/AccidentTwoWays/Town15_Rep0_route_001480_route0_01_09_05_44_42/page_000.jpg,AutoMoT/keyframe_filter/collection_output/r2_rgb_route_sheets_20260708/route_sheets/AccidentTwoWays/Town15_Rep0_route_001480_route0_01_09_05_44_42,"{""R2"": 179}","{""R-E1"": 87, ""R-E2"": 20, ""U-E2"": 72}"
AccidentTwoWays,Town15_Rep0_route_001481_route0_01_10_15_52_11,98,success,98,True,98,1.0,98,1.0,False,written,AutoMoT/keyframe_filter/collection_output/r2_rgb_route_sheets_20260708/route_sheets/AccidentTwoWays/Town15_Rep0_route_001481_route0_01_10_15_52_11/page_000.jpg,AutoMoT/keyframe_filter/collection_output/r2_rgb_route_sheets_20260708/route_sheets/AccidentTwoWays/Town15_Rep0_route_001481_route0_01_10_15_52_11,"{""R2"": 98}","{""R-E2"": 25, ""U-E2"": 73}"
AccidentTwoWays,Town15_Rep0_route_001494_route0_01_09_23_37_20,180,success,180,True,180,1.0,180,1.0,False,written,AutoMoT/keyframe_filter/collection_output/r2_rgb_route_sheets_20260708/route_sheets/AccidentTwoWays/Town15_Rep0_route_001494_route0_01_09_23_37_20/page_000.jpg,AutoMoT/keyframe_filter/collection_output/r2_rgb_route_sheets_20260708/route_sheets/AccidentTwoWays/Town15_Rep0_route_001494_route0_01_09_23_37_20,"{""R2"": 180}","{""R-E1"": 93, ""R-E2"": 21, ""U-E2"": 66}"
AccidentTwoWays,Town15_Rep0_route_001499_route0_01_08_19_57_51,110,success,110,True,110,1.0,110,1.0,False,written,AutoMoT/keyframe_filter/collection_output/r2_rgb_route_sheets_20260708/route_sheets/AccidentTwoWays/Town15_Rep0_route_001499_route0_01_08_19_57_51/page_000.jpg,AutoMoT/keyframe_filter/collection_output/r2_rgb_route_sheets_20260708/route_sheets/AccidentTwoWays/Town15_Rep0_route_001499_route0_01_08_19_57_51,"{""R2"": 110}","{""R-E1"": 103, ""U-E2"": 7}"
AccidentTwoWays,Town15_Rep0_route_001503_route0_01_10_18_11_40,126,success,126,True,126,1.0,126,1.0,False,written,AutoMoT/keyframe_filter/collection_output/r2_rgb_route_sheets_20260708/route_sheets/AccidentTwoWays/Town15_Rep0_route_001503_route0_01_10_18_11_40/page_000.jpg,AutoMoT/keyframe_filter/collection_output/r2_rgb_route_sheets_20260708/route_sheets/AccidentTwoWays/Town15_Rep0_route_001503_route0_01_10_18_11_40,"{""R2"": 126}","{""R-E1"": 118, ""U-E2"": 8}"
AccidentTwoWays,Town15_Rep0_route_001504_route0_01_10_23_59_40,129,success,129,True,129,1.0,129,1.0,False,written,AutoMoT/keyframe_filter/collection_output/r2_rgb_route_sheets_20260708/route_sheets/AccidentTwoWays/Town15_Rep0_route_001504_route0_01_10_23_59_40/page_000.jpg,AutoMoT/keyframe_filter/collection_output/r2_rgb_route_sheets_20260708/route_sheets/AccidentTwoWays/Town15_Rep0_route_001504_route0_01_10_23_59_40,"{""R2"": 129}","{""R-E1"": 121, ""U-E2"": 8}"
AccidentTwoWays,Town15_Rep0_route_001505_route0_01_08_19_00_39,183,success,183,True,183,1.0,183,1.0,False,written,AutoMoT/keyframe_filter/collection_output/r2_rgb_route_sheets_20260708/route_sheets/AccidentTwoWays/Town15_Rep0_route_001505_route0_01_08_19_00_39/page_000.jpg,AutoMoT/keyframe_filter/collection_output/r2_rgb_route_sheets_20260708/route_sheets/AccidentTwoWays/Town15_Rep0_route_001505_route0_01_08_19_00_39,"{""R2"": 183}","{""R-E1"": 90, ""R-E2"": 22, ""U-E2"": 71}"
AccidentTwoWays,Town15_Rep0_route_001506_route0_01_09_23_29_22,195,success,195,True,195,1.0,195,1.0,False,written,AutoMoT/keyframe_filter/collection_output/r2_rgb_route_sheets_20260708/route_sheets/AccidentTwoWays/Town15_Rep0_route_001506_route0_01_09_23_29_22/page_000.jpg,AutoMoT/keyframe_filter/collection_output/r2_rgb_route_sheets_20260708/route_sheets/AccidentTwoWays/Town15_Rep0_route_001506_route0_01_09_23_29_22,"{""R2"": 195}","{""R-E1"": 94, ""R-E2"": 30, ""U-E2"": 71}"
AccidentTwoWays,Town15_Rep0_route_001507_route0_01_09_23_31_34,96,success,96,True,96,1.0,96,1.0,False,written,AutoMoT/keyframe_filter/collection_output/r2_rgb_route_sheets_20260708/route_sheets/AccidentTwoWays/Town15_Rep0_route_001507_route0_01_09_23_31_34/page_000.jpg,AutoMoT/keyframe_filter/collection_output/r2_rgb_route_sheets_20260708/route_sheets/AccidentTwoWays/Town15_Rep0_route_001507_route0_01_09_23_31_34,"{""R2"": 96}","{""R-E2"": 24, ""U-E2"": 72}"
AccidentTwoWays,Town15_Rep0_route_001557_route0_01_11_01_50_34,201,success,201,True,201,1.0,201,1.0,False,written,AutoMoT/keyframe_filter/collection_output/r2_rgb_route_sheets_20260708/route_sheets/AccidentTwoWays/Town15_Rep0_route_001557_route0_01_11_01_50_34/page_000.jpg,AutoMoT/keyframe_filter/collection_output/r2_rgb_route_sheets_20260708/route_sheets/AccidentTwoWays/Town15_Rep0_route_001557_route0_01_11_01_50_34,"{""R2"": 201}","{""R-E1"": 141, ""R-E2"": 22, ""U-E2"": 38}"
AccidentTwoWays,Town15_Rep0_route_001563_route0_01_09_23_03_35,172,success,172,True,172,1.0,172,1.0,False,written,AutoMoT/keyframe_filter/collection_output/r2_rgb_route_sheets_20260708/route_sheets/AccidentTwoWays/Town15_Rep0_route_001563_route0_01_09_23_03_35/page_000.jpg,AutoMoT/keyframe_filter/collection_output/r2_rgb_route_sheets_20260708/route_sheets/AccidentTwoWays/Town15_Rep0_route_001563_route0_01_09_23_03_35,"{""R2"": 172}","{""R-E1"": 85, ""R-E2"": 21, ""U-E2"": 66}"
AccidentTwoWays,Town15_Rep0_route_001568_route0_01_10_18_41_04,114,success,114,True,114,1.0,114,1.0,False,written,AutoMoT/keyframe_filter/collection_output/r2_rgb_route_sheets_20260708/route_sheets/AccidentTwoWays/Town15_Rep0_route_001568_route0_01_10_18_41_04/page_000.jpg,AutoMoT/keyframe_filter/collection_output/r2_rgb_route_sheets_20260708/route_sheets/AccidentTwoWays/Town15_Rep0_route_001568_route0_01_10_18_41_04,"{""R2"": 114}","{""R-E1"": 107, ""U-E2"": 7}"
AccidentTwoWays,Town15_Rep0_route_001572_route0_01_08_19_12_39,128,success,128,True,128,1.0,128,1.0,False,written,AutoMoT/keyframe_filter/collection_output/r2_rgb_route_sheets_20260708/route_sheets/AccidentTwoWays/Town15_Rep0_route_001572_route0_01_08_19_12_39/page_000.jpg,AutoMoT/keyframe_filter/collection_output/r2_rgb_route_sheets_20260708/route_sheets/AccidentTwoWays/Town15_Rep0_route_001572_route0_01_08_19_12_39,"{""R2"": 128}","{""R-E1"": 114, ""U-E2"": 14}"
AccidentTwoWays,Town15_Rep0_route_001573_route0_01_10_19_45_38,151,success,151,True,151,1.0,151,1.0,False,written,AutoMoT/keyframe_filter/collection_output/r2_rgb_route_sheets_20260708/route_sheets/AccidentTwoWays/Town15_Rep0_route_001573_route0_01_10_19_45_38/page_000.jpg,AutoMoT/keyframe_filter/collection_output/r2_rgb_route_sheets_20260708/route_sheets/AccidentTwoWays/Town15_Rep0_route_001573_route0_01_10_19_45_38,"{""R2"": 151}","{""R-E1"": 138, ""U-E2"": 13}"
AccidentTwoWays,Town15_Rep0_route_001575_route0_01_10_22_48_56,143,success,143,True,143,1.0,143,1.0,False,written,AutoMoT/keyframe_filter/collection_output/r2_rgb_route_sheets_20260708/route_sheets/AccidentTwoWays/Town15_Rep0_route_001575_route0_01_10_22_48_56/page_000.jpg,AutoMoT/keyframe_filter/collection_output/r2_rgb_route_sheets_20260708/route_sheets/AccidentTwoWays/Town15_Rep0_route_001575_route0_01_10_22_48_56,"{""R2"": 143}","{""R-E1"": 88, ""R-E2"": 20, ""U-E2"": 35}"
AccidentTwoWays,Town15_Rep0_route_001576_route0_01_09_07_27_20,53,success,53,True,53,1.0,53,1.0,False,written,AutoMoT/keyframe_filter/collection_output/r2_rgb_route_sheets_20260708/route_sheets/AccidentTwoWays/Town15_Rep0_route_001576_route0_01_09_07_27_20/page_000.jpg,AutoMoT/keyframe_filter/collection_output/r2_rgb_route_sheets_20260708/route_sheets/AccidentTwoWays/Town15_Rep0_route_001576_route0_01_09_07_27_20,"{""R2"": 53}","{""R-E1"": 39, ""U-E2"": 14}"
AccidentTwoWays,Town15_Rep0_route_001579_route0_01_09_06_47_17,69,success,69,True,69,1.0,69,1.0,False,written,AutoMoT/keyframe_filter/collection_output/r2_rgb_route_sheets_20260708/route_sheets/AccidentTwoWays/Town15_Rep0_route_001579_route0_01_09_06_47_17/page_000.jpg,AutoMoT/keyframe_filter/collection_output/r2_rgb_route_sheets_20260708/route_sheets/AccidentTwoWays/Town15_Rep0_route_001579_route0_01_09_06_47_17,"{""R2"": 69}","{""R-E1"": 59, ""R-E2"": 5, ""U-E2"": 5}"
AccidentTwoWays,Town15_Rep0_route_001584_route0_01_09_05_48_13,235,success,235,True,235,1.0,235,1.0,False,written,AutoMoT/keyframe_filter/collection_output/r2_rgb_route_sheets_20260708/route_sheets/AccidentTwoWays/Town15_Rep0_route_001584_route0_01_09_05_48_13/page_000.jpg,AutoMoT/keyframe_filter/collection_output/r2_rgb_route_sheets_20260708/route_sheets/AccidentTwoWays/Town15_Rep0_route_001584_route0_01_09_05_48_13,"{""R2"": 235}","{""R-E1"": 146, ""R-E2"": 20, ""U-E2"": 69}"
AccidentTwoWays,Town15_Rep0_route_001590_route0_01_10_09_18_19,177,success,177,True,177,1.0,177,1.0,False,written,AutoMoT/keyframe_filter/collection_output/r2_rgb_route_sheets_20260708/route_sheets/AccidentTwoWays/Town15_Rep0_route_001590_route0_01_10_09_18_19/page_000.jpg,AutoMoT/keyframe_filter/collection_output/r2_rgb_route_sheets_20260708/route_sheets/AccidentTwoWays/Town15_Rep0_route_001590_route0_01_10_09_18_19,"{""R2"": 177}","{""R-E1"": 88, ""R-E2"": 21, ""U-E2"": 68}"
AccidentTwoWays,Town15_Rep0_route_001595_route0_01_08_11_17_31,110,success,110,True,110,1.0,110,1.0,False,written,AutoMoT/keyframe_filter/collection_output/r2_rgb_route_sheets_20260708/route_sheets/AccidentTwoWays/Town15_Rep0_route_001595_route0_01_08_11_17_31/page_000.jpg,AutoMoT/keyframe_filter/collection_output/r2_rgb_route_sheets_20260708/route_sheets/AccidentTwoWays/Town15_Rep0_route_001595_route0_01_08_11_17_31,"{""R2"": 110}","{""R-E1"": 103, ""U-E2"": 7}"
AccidentTwoWays,Town15_Rep0_route_001599_route0_01_07_21_27_41,152,success,152,True,152,1.0,152,1.0,False,written,AutoMoT/keyframe_filter/collection_output/r2_rgb_route_sheets_20260708/route_sheets/AccidentTwoWays/Town15_Rep0_route_001599_route0_01_07_21_27_41/page_000.jpg,AutoMoT/keyframe_filter/collection_output/r2_rgb_route_sheets_20260708/route_sheets/AccidentTwoWays/Town15_Rep0_route_001599_route0_01_07_21_27_41,"{""R2"": 152}","{""R-E1"": 143, ""U-E2"": 9}"
AccidentTwoWays,Town15_Rep0_route_001600_route0_01_09_01_30_40,128,success,128,True,128,1.0,128,1.0,False,written,AutoMoT/keyframe_filter/collection_output/r2_rgb_route_sheets_20260708/route_sheets/AccidentTwoWays/Town15_Rep0_route_001600_route0_01_09_01_30_40/page_000.jpg,AutoMoT/keyframe_filter/collection_output/r2_rgb_route_sheets_20260708/route_sheets/AccidentTwoWays/Town15_Rep0_route_001600_route0_01_09_01_30_40,"{""R2"": 128}","{""R-E1"": 118, ""U-E2"": 10}"
AccidentTwoWays,Town15_Rep0_route_001601_route0_01_10_21_59_44,186,success,186,True,186,1.0,186,1.0,False,written,AutoMoT/keyframe_filter/collection_output/r2_rgb_route_sheets_20260708/route_sheets/AccidentTwoWays/Town15_Rep0_route_001601_route0_01_10_21_59_44/page_000.jpg,AutoMoT/keyframe_filter/collection_output/r2_rgb_route_sheets_20260708/route_sheets/AccidentTwoWays/Town15_Rep0_route_001601_route0_01_10_21_59_44,"{""R2"": 186}","{""R-E1"": 90, ""R-E2"": 22, ""U-E2"": 74}"
AccidentTwoWays,Town15_Rep0_route_001602_route0_01_10_15_09_42,197,success,197,True,197,1.0,197,1.0,False,written,AutoMoT/keyframe_filter/collection_output/r2_rgb_route_sheets_20260708/route_sheets/AccidentTwoWays/Town15_Rep0_route_001602_route0_01_10_15_09_42/page_000.jpg,AutoMoT/keyframe_filter/collection_output/r2_rgb_route_sheets_20260708/route_sheets/AccidentTwoWays/Town15_Rep0_route_001602_route0_01_10_15_09_42,"{""R2"": 197}","{""R-E1"": 100, ""R-E2"": 29, ""U-E2"": 68}"
AccidentTwoWays,Town15_Rep0_route_001603_route0_01_09_02_02_31,85,success,85,True,85,1.0,85,1.0,False,written,AutoMoT/keyframe_filter/collection_output/r2_rgb_route_sheets_20260708/route_sheets/AccidentTwoWays/Town15_Rep0_route_001603_route0_01_09_02_02_31/page_000.jpg,AutoMoT/keyframe_filter/collection_output/r2_rgb_route_sheets_20260708/route_sheets/AccidentTwoWays/Town15_Rep0_route_001603_route0_01_09_02_02_31,"{""R2"": 85}","{""R-E1"": 13, ""R-E2"": 20, ""U-E2"": 52}"
AccidentTwoWays,Town07_Rep0_route_001453_route0_01_08_21_45_34,103,success,103,True,103,1.0,102,0.9903,False,written,AutoMoT/keyframe_filter/collection_output/r2_rgb_route_sheets_20260708/route_sheets/AccidentTwoWays/Town07_Rep0_route_001453_route0_01_08_21_45_34/page_000.jpg,AutoMoT/keyframe_filter/collection_output/r2_rgb_route_sheets_20260708/route_sheets/AccidentTwoWays/Town07_Rep0_route_001453_route0_01_08_21_45_34,"{""R2"": 103}","{""R-E1"": 15, ""R-E2"": 71, ""U-E2"": 17}"
AccidentTwoWays,Town12_Rep0_3541_0_route0_01_08_07_11_24,180,success,180,True,180,1.0,176,0.9778,False,written,AutoMoT/keyframe_filter/collection_output/r2_rgb_route_sheets_20260708/route_sheets/AccidentTwoWays/Town12_Rep0_3541_0_route0_01_08_07_11_24/page_000.jpg,AutoMoT/keyframe_filter/collection_output/r2_rgb_route_sheets_20260708/route_sheets/AccidentTwoWays/Town12_Rep0_3541_0_route0_01_08_07_11_24,"{""R2"": 180}","{""R-E1"": 113, ""R-E2"": 29, ""U-E2"": 38}"
AccidentTwoWays,Town12_Rep0_408_0_route0_01_10_04_44_35,117,success,117,True,117,1.0,114,0.9744,False,written,AutoMoT/keyframe_filter/collection_output/r2_rgb_route_sheets_20260708/route_sheets/AccidentTwoWays/Town12_Rep0_408_0_route0_01_10_04_44_35/page_000.jpg,AutoMoT/keyframe_filter/collection_output/r2_rgb_route_sheets_20260708/route_sheets/AccidentTwoWays/Town12_Rep0_408_0_route0_01_10_04_44_35,"{""R2"": 117}","{""R-E1"": 42, ""R-E2"": 32, ""U-E2"": 43}"
AccidentTwoWays,Town15_Rep0_route_001376_route0_01_11_01_56_10,237,success,237,True,237,1.0,228,0.962,False,written,AutoMoT/keyframe_filter/collection_output/r2_rgb_route_sheets_20260708/route_sheets/AccidentTwoWays/Town15_Rep0_route_001376_route0_01_11_01_56_10/page_000.jpg,AutoMoT/keyframe_filter/collection_output/r2_rgb_route_sheets_20260708/route_sheets/AccidentTwoWays/Town15_Rep0_route_001376_route0_01_11_01_56_10,"{""R2"": 237}","{""R-E1"": 135, ""R-E2"": 21, ""U-E2"": 81}"
AccidentTwoWays,Town15_Rep0_route_001466_route0_01_09_16_00_51,236,success,236,True,236,1.0,227,0.9619,False,written,AutoMoT/keyframe_filter/collection_output/r2_rgb_route_sheets_20260708/route_sheets/AccidentTwoWays/Town15_Rep0_route_001466_route0_01_09_16_00_51/page_000.jpg,AutoMoT/keyframe_filter/collection_output/r2_rgb_route_sheets_20260708/route_sheets/AccidentTwoWays/Town15_Rep0_route_001466_route0_01_09_16_00_51,"{""R2"": 236}","{""R-E1"": 133, ""R-E2"": 21, ""U-E2"": 82}"
AccidentTwoWays,Town15_Rep0_route_001561_route0_01_09_15_17_21,249,success,249,True,249,1.0,238,0.9558,False,written,AutoMoT/keyframe_filter/collection_output/r2_rgb_route_sheets_20260708/route_sheets/AccidentTwoWays/Town15_Rep0_route_001561_route0_01_09_15_17_21/page_000.jpg,AutoMoT/keyframe_filter/collection_output/r2_rgb_route_sheets_20260708/route_sheets/AccidentTwoWays/Town15_Rep0_route_001561_route0_01_09_15_17_21,"{""R2"": 249}","{""R-E1"": 184, ""R-E2"": 29, ""U-E2"": 36}"
AccidentTwoWays,Town15_Rep0_route_001558_route0_01_09_00_40_51,231,success,231,True,231,1.0,219,0.9481,False,written,AutoMoT/keyframe_filter/collection_output/r2_rgb_route_sheets_20260708/route_sheets/AccidentTwoWays/Town15_Rep0_route_001558_route0_01_09_00_40_51/page_000.jpg,AutoMoT/keyframe_filter/collection_output/r2_rgb_route_sheets_20260708/route_sheets/AccidentTwoWays/Town15_Rep0_route_001558_route0_01_09_00_40_51,"{""R2"": 231}","{""R-E1"": 138, ""R-E2"": 22, ""U-E2"": 71}"
AccidentTwoWays,Town01_Rep0_route_001551_route0_01_11_00_22_01,139,success,139,True,139,1.0,130,0.9353,False,written,AutoMoT/keyframe_filter/collection_output/r2_rgb_route_sheets_20260708/route_sheets/AccidentTwoWays/Town01_Rep0_route_001551_route0_01_11_00_22_01/page_000.jpg,AutoMoT/keyframe_filter/collection_output/r2_rgb_route_sheets_20260708/route_sheets/AccidentTwoWays/Town01_Rep0_route_001551_route0_01_11_00_22_01,"{""R2"": 139}","{""R-E1"": 78, ""R-E2"": 22, ""U-E2"": 39}"
AccidentTwoWays,Town15_Rep0_route_001491_route0_01_09_01_48_06,195,success,195,True,195,1.0,181,0.9282,False,written,AutoMoT/keyframe_filter/collection_output/r2_rgb_route_sheets_20260708/route_sheets/AccidentTwoWays/Town15_Rep0_route_001491_route0_01_09_01_48_06/page_000.jpg,AutoMoT/keyframe_filter/collection_output/r2_rgb_route_sheets_20260708/route_sheets/AccidentTwoWays/Town15_Rep0_route_001491_route0_01_09_01_48_06,"{""R2"": 195}","{""R-E1"": 98, ""R-E2"": 19, ""U-E2"": 78}"
AccidentTwoWays,Town15_Rep0_route_001560_route0_01_11_00_20_34,189,success,189,True,189,1.0,175,0.9259,False,written,AutoMoT/keyframe_filter/collection_output/r2_rgb_route_sheets_20260708/route_sheets/AccidentTwoWays/Town15_Rep0_route_001560_route0_01_11_00_20_34/page_000.jpg,AutoMoT/keyframe_filter/collection_output/r2_rgb_route_sheets_20260708/route_sheets/AccidentTwoWays/Town15_Rep0_route_001560_route0_01_11_00_20_34,"{""R2"": 189}","{""R-E1"": 98, ""R-E2"": 21, ""U-E2"": 70}"
AccidentTwoWays,Town15_Rep0_route_001379_route0_01_08_22_17_41,226,success,226,True,226,1.0,208,0.9204,False,written,AutoMoT/keyframe_filter/collection_output/r2_rgb_route_sheets_20260708/route_sheets/AccidentTwoWays/Town15_Rep0_route_001379_route0_01_08_22_17_41/page_000.jpg,AutoMoT/keyframe_filter/collection_output/r2_rgb_route_sheets_20260708/route_sheets/AccidentTwoWays/Town15_Rep0_route_001379_route0_01_08_22_17_41,"{""R2"": 226}","{""R-E1"": 123, ""R-E2"": 24, ""U-E2"": 79}"
AccidentTwoWays,Town15_Rep0_route_001348_route0_01_09_07_13_19,186,success,186,True,186,1.0,171,0.9194,False,written,AutoMoT/keyframe_filter/collection_output/r2_rgb_route_sheets_20260708/route_sheets/AccidentTwoWays/Town15_Rep0_route_001348_route0_01_09_07_13_19/page_000.jpg,AutoMoT/keyframe_filter/collection_output/r2_rgb_route_sheets_20260708/route_sheets/AccidentTwoWays/Town15_Rep0_route_001348_route0_01_09_07_13_19,"{""R2"": 186}","{""R-E1"": 86, ""R-E2"": 20, ""U-E2"": 80}"
AccidentTwoWays,Town15_Rep0_route_001591_route0_01_09_17_11_11,235,success,235,True,235,1.0,216,0.9191,False,written,AutoMoT/keyframe_filter/collection_output/r2_rgb_route_sheets_20260708/route_sheets/AccidentTwoWays/Town15_Rep0_route_001591_route0_01_09_17_11_11/page_000.jpg,AutoMoT/keyframe_filter/collection_output/r2_rgb_route_sheets_20260708/route_sheets/AccidentTwoWays/Town15_Rep0_route_001591_route0_01_09_17_11_11,"{""R2"": 235}","{""R-E1"": 144, ""R-E2"": 24, ""U-E2"": 67}"
AccidentTwoWays,Town15_Rep0_route_001495_route0_01_10_12_34_08,230,success,230,True,230,1.0,211,0.9174,False,written,AutoMoT/keyframe_filter/collection_output/r2_rgb_route_sheets_20260708/route_sheets/AccidentTwoWays/Town15_Rep0_route_001495_route0_01_10_12_34_08/page_000.jpg,AutoMoT/keyframe_filter/collection_output/r2_rgb_route_sheets_20260708/route_sheets/AccidentTwoWays/Town15_Rep0_route_001495_route0_01_10_12_34_08,"{""R2"": 230}","{""R-E1"": 139, ""R-E2"": 23, ""U-E2"": 68}"
AccidentTwoWays,Town15_Rep0_route_001587_route0_01_10_01_04_19,169,success,169,True,169,1.0,155,0.9172,False,written,AutoMoT/keyframe_filter/collection_output/r2_rgb_route_sheets_20260708/route_sheets/AccidentTwoWays/Town15_Rep0_route_001587_route0_01_10_01_04_19/page_000.jpg,AutoMoT/keyframe_filter/collection_output/r2_rgb_route_sheets_20260708/route_sheets/AccidentTwoWays/Town15_Rep0_route_001587_route0_01_10_01_04_19,"{""R2"": 169}","{""R-E1"": 96, ""R-E2"": 33, ""U-E2"": 40}"
AccidentTwoWays,Town15_Rep0_route_001469_route0_01_08_20_39_39,226,success,226,True,226,1.0,207,0.9159,False,written,AutoMoT/keyframe_filter/collection_output/r2_rgb_route_sheets_20260708/route_sheets/AccidentTwoWays/Town15_Rep0_route_001469_route0_01_08_20_39_39/page_000.jpg,AutoMoT/keyframe_filter/collection_output/r2_rgb_route_sheets_20260708/route_sheets/AccidentTwoWays/Town15_Rep0_route_001469_route0_01_08_20_39_39,"{""R2"": 226}","{""R-E1"": 131, ""R-E2"": 24, ""U-E2"": 71}"
AccidentTwoWays,Town15_Rep0_route_001487_route0_01_09_07_37_17,226,success,226,True,226,1.0,207,0.9159,False,written,AutoMoT/keyframe_filter/collection_output/r2_rgb_route_sheets_20260708/route_sheets/AccidentTwoWays/Town15_Rep0_route_001487_route0_01_09_07_37_17/page_000.jpg,AutoMoT/keyframe_filter/collection_output/r2_rgb_route_sheets_20260708/route_sheets/AccidentTwoWays/Town15_Rep0_route_001487_route0_01_09_07_37_17,"{""R2"": 226}","{""R-E1"": 126, ""R-E2"": 20, ""U-E2"": 80}"
AccidentTwoWays,Town15_Rep0_route_001465_route0_01_09_23_43_16,164,success,164,True,164,1.0,150,0.9146,False,written,AutoMoT/keyframe_filter/collection_output/r2_rgb_route_sheets_20260708/route_sheets/AccidentTwoWays/Town15_Rep0_route_001465_route0_01_09_23_43_16/page_000.jpg,AutoMoT/keyframe_filter/collection_output/r2_rgb_route_sheets_20260708/route_sheets/AccidentTwoWays/Town15_Rep0_route_001465_route0_01_09_23_43_16,"{""R2"": 164}","{""R-E1"": 85, ""R-E2"": 27, ""U-E2"": 52}"
AccidentTwoWays,Town15_Rep0_route_001582_route0_01_10_15_25_41,227,success,227,True,227,1.0,207,0.9119,False,written,AutoMoT/keyframe_filter/collection_output/r2_rgb_route_sheets_20260708/route_sheets/AccidentTwoWays/Town15_Rep0_route_001582_route0_01_10_15_25_41/page_000.jpg,AutoMoT/keyframe_filter/collection_output/r2_rgb_route_sheets_20260708/route_sheets/AccidentTwoWays/Town15_Rep0_route_001582_route0_01_10_15_25_41,"{""R2"": 227}","{""R-E1"": 129, ""R-E2"": 21, ""U-E2"": 77}"
AccidentTwoWays,Town15_Rep0_route_001486_route0_01_08_19_25_03,225,success,225,True,225,1.0,205,0.9111,False,written,AutoMoT/keyframe_filter/collection_output/r2_rgb_route_sheets_20260708/route_sheets/AccidentTwoWays/Town15_Rep0_route_001486_route0_01_08_19_25_03/page_000.jpg,AutoMoT/keyframe_filter/collection_output/r2_rgb_route_sheets_20260708/route_sheets/AccidentTwoWays/Town15_Rep0_route_001486_route0_01_08_19_25_03,"{""R2"": 225}","{""R-E1"": 124, ""R-E2"": 21, ""U-E2"": 80}"
AccidentTwoWays,Town15_Rep0_route_001344_route0_01_08_02_42_38,224,success,224,True,224,1.0,204,0.9107,False,written,AutoMoT/keyframe_filter/collection_output/r2_rgb_route_sheets_20260708/route_sheets/AccidentTwoWays/Town15_Rep0_route_001344_route0_01_08_02_42_38/page_000.jpg,AutoMoT/keyframe_filter/collection_output/r2_rgb_route_sheets_20260708/route_sheets/AccidentTwoWays/Town15_Rep0_route_001344_route0_01_08_02_42_38,"{""R2"": 224}","{""R-E1"": 123, ""R-E2"": 21, ""U-E2"": 80}"
AccidentTwoWays,Town15_Rep0_route_001461_route0_01_09_04_47_58,230,success,230,True,230,1.0,209,0.9087,False,written,AutoMoT/keyframe_filter/collection_output/r2_rgb_route_sheets_20260708/route_sheets/AccidentTwoWays/Town15_Rep0_route_001461_route0_01_09_04_47_58/page_000.jpg,AutoMoT/keyframe_filter/collection_output/r2_rgb_route_sheets_20260708/route_sheets/AccidentTwoWays/Town15_Rep0_route_001461_route0_01_09_04_47_58,"{""R2"": 230}","{""R-E1"": 128, ""R-E2"": 21, ""U-E2"": 81}"
AccidentTwoWays,Town15_Rep0_route_001343_route0_01_08_05_24_37,216,success,216,True,216,1.0,196,0.9074,False,written,AutoMoT/keyframe_filter/collection_output/r2_rgb_route_sheets_20260708/route_sheets/AccidentTwoWays/Town15_Rep0_route_001343_route0_01_08_05_24_37/page_000.jpg,AutoMoT/keyframe_filter/collection_output/r2_rgb_route_sheets_20260708/route_sheets/AccidentTwoWays/Town15_Rep0_route_001343_route0_01_08_05_24_37,"{""R2"": 216}","{""R-E1"": 124, ""R-E2"": 37, ""U-E2"": 55}"
AccidentTwoWays,Town15_Rep0_route_001352_route0_01_08_11_37_04,203,success,203,True,203,1.0,184,0.9064,False,written,AutoMoT/keyframe_filter/collection_output/r2_rgb_route_sheets_20260708/route_sheets/AccidentTwoWays/Town15_Rep0_route_001352_route0_01_08_11_37_04/page_000.jpg,AutoMoT/keyframe_filter/collection_output/r2_rgb_route_sheets_20260708/route_sheets/AccidentTwoWays/Town15_Rep0_route_001352_route0_01_08_11_37_04,"{""R2"": 203}","{""R-E1"": 121, ""R-E2"": 33, ""U-E2"": 49}"
AccidentTwoWays,Town15_Rep0_route_001564_route0_01_09_04_15_43,212,success,212,True,212,1.0,192,0.9057,False,written,AutoMoT/keyframe_filter/collection_output/r2_rgb_route_sheets_20260708/route_sheets/AccidentTwoWays/Town15_Rep0_route_001564_route0_01_09_04_15_43/page_000.jpg,AutoMoT/keyframe_filter/collection_output/r2_rgb_route_sheets_20260708/route_sheets/AccidentTwoWays/Town15_Rep0_route_001564_route0_01_09_04_15_43,"{""R2"": 212}","{""R-E1"": 143, ""R-E2"": 30, ""U-E2"": 39}"
AccidentTwoWays,Town15_Rep0_route_001583_route0_01_08_11_52_59,257,success,257,True,257,1.0,232,0.9027,False,written,AutoMoT/keyframe_filter/collection_output/r2_rgb_route_sheets_20260708/route_sheets/AccidentTwoWays/Town15_Rep0_route_001583_route0_01_08_11_52_59/page_000.jpg,AutoMoT/keyframe_filter/collection_output/r2_rgb_route_sheets_20260708/route_sheets/AccidentTwoWays/Town15_Rep0_route_001583_route0_01_08_11_52_59,"{""R2"": 257}","{""R-E1"": 152, ""R-E2"": 29, ""U-E2"": 76}"
AccidentTwoWays,Town15_Rep0_route_001370_route0_01_08_08_25_55,203,success,203,True,203,1.0,182,0.8966,False,written,AutoMoT/keyframe_filter/collection_output/r2_rgb_route_sheets_20260708/route_sheets/AccidentTwoWays/Town15_Rep0_route_001370_route0_01_08_08_25_55/page_000.jpg,AutoMoT/keyframe_filter/collection_output/r2_rgb_route_sheets_20260708/route_sheets/AccidentTwoWays/Town15_Rep0_route_001370_route0_01_08_08_25_55,"{""R2"": 203}","{""R-E1"": 138, ""R-E2"": 29, ""U-E2"": 36}"
AccidentTwoWays,Town15_Rep0_route_001555_route0_01_08_12_55_10,194,success,194,True,194,1.0,173,0.8918,False,written,AutoMoT/keyframe_filter/collection_output/r2_rgb_route_sheets_20260708/route_sheets/AccidentTwoWays/Town15_Rep0_route_001555_route0_01_08_12_55_10/page_000.jpg,AutoMoT/keyframe_filter/collection_output/r2_rgb_route_sheets_20260708/route_sheets/AccidentTwoWays/Town15_Rep0_route_001555_route0_01_08_12_55_10,"{""R2"": 194}","{""R-E1"": 135, ""R-E2"": 24, ""U-E2"": 35}"
AccidentTwoWays,Town15_Rep0_route_001371_route0_01_10_23_16_18,225,success,225,True,225,1.0,200,0.8889,False,written,AutoMoT/keyframe_filter/collection_output/r2_rgb_route_sheets_20260708/route_sheets/AccidentTwoWays/Town15_Rep0_route_001371_route0_01_10_23_16_18/page_000.jpg,AutoMoT/keyframe_filter/collection_output/r2_rgb_route_sheets_20260708/route_sheets/AccidentTwoWays/Town15_Rep0_route_001371_route0_01_10_23_16_18,"{""R2"": 225}","{""R-E1"": 166, ""R-E2"": 26, ""U-E2"": 33}"
AccidentTwoWays,Town15_Rep0_route_001460_route0_01_10_13_56_42,222,success,222,True,222,1.0,197,0.8874,False,written,AutoMoT/keyframe_filter/collection_output/r2_rgb_route_sheets_20260708/route_sheets/AccidentTwoWays/Town15_Rep0_route_001460_route0_01_10_13_56_42/page_000.jpg,AutoMoT/keyframe_filter/collection_output/r2_rgb_route_sheets_20260708/route_sheets/AccidentTwoWays/Town15_Rep0_route_001460_route0_01_10_13_56_42,"{""R2"": 222}","{""R-E1"": 156, ""R-E2"": 33, ""U-E2"": 33}"
AccidentTwoWays,Town15_Rep0_route_001382_route0_01_10_20_02_44,100,success,100,True,100,1.0,88,0.88,False,written,AutoMoT/keyframe_filter/collection_output/r2_rgb_route_sheets_20260708/route_sheets/AccidentTwoWays/Town15_Rep0_route_001382_route0_01_10_20_02_44/page_000.jpg,AutoMoT/keyframe_filter/collection_output/r2_rgb_route_sheets_20260708/route_sheets/AccidentTwoWays/Town15_Rep0_route_001382_route0_01_10_20_02_44,"{""R2"": 100}","{""R-E1"": 100}"
AccidentTwoWays,Town15_Rep0_route_001472_route0_01_07_22_27_43,100,success,100,True,100,1.0,88,0.88,False,written,AutoMoT/keyframe_filter/collection_output/r2_rgb_route_sheets_20260708/route_sheets/AccidentTwoWays/Town15_Rep0_route_001472_route0_01_07_22_27_43/page_000.jpg,AutoMoT/keyframe_filter/collection_output/r2_rgb_route_sheets_20260708/route_sheets/AccidentTwoWays/Town15_Rep0_route_001472_route0_01_07_22_27_43,"{""R2"": 100}","{""R-E1"": 100}"
AccidentTwoWays,Town15_Rep0_route_001498_route0_01_08_21_22_10,100,success,100,True,100,1.0,88,0.88,False,written,AutoMoT/keyframe_filter/collection_output/r2_rgb_route_sheets_20260708/route_sheets/AccidentTwoWays/Town15_Rep0_route_001498_route0_01_08_21_22_10/page_000.jpg,AutoMoT/keyframe_filter/collection_output/r2_rgb_route_sheets_20260708/route_sheets/AccidentTwoWays/Town15_Rep0_route_001498_route0_01_08_21_22_10,"{""R2"": 100}","{""R-E1"": 100}"
AccidentTwoWays,Town15_Rep0_route_001594_route0_01_09_08_42_21,99,success,99,True,99,1.0,87,0.8788,False,written,AutoMoT/keyframe_filter/collection_output/r2_rgb_route_sheets_20260708/route_sheets/AccidentTwoWays/Town15_Rep0_route_001594_route0_01_09_08_42_21/page_000.jpg,AutoMoT/keyframe_filter/collection_output/r2_rgb_route_sheets_20260708/route_sheets/AccidentTwoWays/Town15_Rep0_route_001594_route0_01_09_08_42_21,"{""R2"": 99}","{""R-E1"": 99}"
AccidentTwoWays,Town13_Rep0_1402_0_route0_01_10_14_24_39,131,success,131,True,131,1.0,115,0.8779,False,written,AutoMoT/keyframe_filter/collection_output/r2_rgb_route_sheets_20260708/route_sheets/AccidentTwoWays/Town13_Rep0_1402_0_route0_01_10_14_24_39/page_000.jpg,AutoMoT/keyframe_filter/collection_output/r2_rgb_route_sheets_20260708/route_sheets/AccidentTwoWays/Town13_Rep0_1402_0_route0_01_10_14_24_39,"{""R2"": 131}","{""R-E1"": 58, ""R-E2"": 28, ""U-E2"": 45}"
AccidentTwoWays,Town15_Rep0_route_001355_route0_01_08_14_31_04,122,success,122,True,122,1.0,107,0.877,False,written,AutoMoT/keyframe_filter/collection_output/r2_rgb_route_sheets_20260708/route_sheets/AccidentTwoWays/Town15_Rep0_route_001355_route0_01_08_14_31_04/page_000.jpg,AutoMoT/keyframe_filter/collection_output/r2_rgb_route_sheets_20260708/route_sheets/AccidentTwoWays/Town15_Rep0_route_001355_route0_01_08_14_31_04,"{""R2"": 122}","{""R-E1"": 122}"
AccidentTwoWays,Town15_Rep0_route_001567_route0_01_09_12_28_15,121,success,121,True,121,1.0,106,0.876,False,written,AutoMoT/keyframe_filter/collection_output/r2_rgb_route_sheets_20260708/route_sheets/AccidentTwoWays/Town15_Rep0_route_001567_route0_01_09_12_28_15/page_000.jpg,AutoMoT/keyframe_filter/collection_output/r2_rgb_route_sheets_20260708/route_sheets/AccidentTwoWays/Town15_Rep0_route_001567_route0_01_09_12_28_15,"{""R2"": 121}","{""R-E1"": 121}"
AccidentTwoWays,Town12_Rep0_2773_0_route0_01_09_12_45_15,156,success,156,True,156,1.0,136,0.8718,False,written,AutoMoT/keyframe_filter/collection_output/r2_rgb_route_sheets_20260708/route_sheets/AccidentTwoWays/Town12_Rep0_2773_0_route0_01_09_12_45_15/page_000.jpg,AutoMoT/keyframe_filter/collection_output/r2_rgb_route_sheets_20260708/route_sheets/AccidentTwoWays/Town12_Rep0_2773_0_route0_01_09_12_45_15,"{""R2"": 156}","{""R-E1"": 66, ""R-E2"": 19, ""U-E2"": 71}"
AccidentTwoWays,Town13_Rep0_1402_1_route0_01_11_03_42_03,132,success,132,True,132,1.0,115,0.8712,False,written,AutoMoT/keyframe_filter/collection_output/r2_rgb_route_sheets_20260708/route_sheets/AccidentTwoWays/Town13_Rep0_1402_1_route0_01_11_03_42_03/page_000.jpg,AutoMoT/keyframe_filter/collection_output/r2_rgb_route_sheets_20260708/route_sheets/AccidentTwoWays/Town13_Rep0_1402_1_route0_01_11_03_42_03,"{""R2"": 132}","{""R-E1"": 59, ""R-E2"": 32, ""U-E2"": 41}"
AccidentTwoWays,Town12_Rep0_1987_0_route0_01_09_02_03_12,144,success,144,True,144,1.0,124,0.8611,False,written,AutoMoT/keyframe_filter/collection_output/r2_rgb_route_sheets_20260708/route_sheets/AccidentTwoWays/Town12_Rep0_1987_0_route0_01_09_02_03_12/page_000.jpg,AutoMoT/keyframe_filter/collection_output/r2_rgb_route_sheets_20260708/route_sheets/AccidentTwoWays/Town12_Rep0_1987_0_route0_01_09_02_03_12,"{""R2"": 144}","{""R-E1"": 78, ""R-E2"": 26, ""U-E2"": 40}"
AccidentTwoWays,Town12_Rep0_419_0_route0_01_10_14_49_40,190,success,190,True,190,1.0,156,0.8211,False,written,AutoMoT/keyframe_filter/collection_output/r2_rgb_route_sheets_20260708/route_sheets/AccidentTwoWays/Town12_Rep0_419_0_route0_01_10_14_49_40/page_000.jpg,AutoMoT/keyframe_filter/collection_output/r2_rgb_route_sheets_20260708/route_sheets/AccidentTwoWays/Town12_Rep0_419_0_route0_01_10_14_49_40,"{""R2"": 190}","{""R-E1"": 99, ""R-E2"": 24, ""U-E2"": 67}"
AccidentTwoWays,Town15_Rep0_route_001597_route0_01_08_03_09_22,98,success,98,True,98,1.0,80,0.8163,False,written,AutoMoT/keyframe_filter/collection_output/r2_rgb_route_sheets_20260708/route_sheets/AccidentTwoWays/Town15_Rep0_route_001597_route0_01_08_03_09_22/page_000.jpg,AutoMoT/keyframe_filter/collection_output/r2_rgb_route_sheets_20260708/route_sheets/AccidentTwoWays/Town15_Rep0_route_001597_route0_01_08_03_09_22,"{""R2"": 98}","{""R-E1"": 96, ""U-E2"": 2}"
AccidentTwoWays,Town15_Rep0_route_001475_route0_01_08_22_02_40,97,success,97,True,97,1.0,79,0.8144,False,written,AutoMoT/keyframe_filter/collection_output/r2_rgb_route_sheets_20260708/route_sheets/AccidentTwoWays/Town15_Rep0_route_001475_route0_01_08_22_02_40/page_000.jpg,AutoMoT/keyframe_filter/collection_output/r2_rgb_route_sheets_20260708/route_sheets/AccidentTwoWays/Town15_Rep0_route_001475_route0_01_08_22_02_40,"{""R2"": 97}","{""R-E1"": 97}"
AccidentTwoWays,Town07_Rep0_route_001456_route0_01_08_21_56_14,50,success,50,True,50,1.0,37,0.74,False,written,AutoMoT/keyframe_filter/collection_output/r2_rgb_route_sheets_20260708/route_sheets/AccidentTwoWays/Town07_Rep0_route_001456_route0_01_08_21_56_14/page_000.jpg,AutoMoT/keyframe_filter/collection_output/r2_rgb_route_sheets_20260708/route_sheets/AccidentTwoWays/Town07_Rep0_route_001456_route0_01_08_21_56_14,"{""R2"": 50}","{""R-E2"": 21, ""U-E2"": 29}"
AccidentTwoWays,Town15_Rep0_route_001556_route0_01_10_08_39_25,215,success,215,True,215,1.0,155,0.7209,False,written,AutoMoT/keyframe_filter/collection_output/r2_rgb_route_sheets_20260708/route_sheets/AccidentTwoWays/Town15_Rep0_route_001556_route0_01_10_08_39_25/page_000.jpg,AutoMoT/keyframe_filter/collection_output/r2_rgb_route_sheets_20260708/route_sheets/AccidentTwoWays/Town15_Rep0_route_001556_route0_01_10_08_39_25,"{""R2"": 215}","{""R-E1"": 140, ""R-E2"": 33, ""U-E2"": 42}"
AccidentTwoWays,Town13_Rep0_1551_1_route0_01_11_03_35_55,150,success,150,True,150,1.0,102,0.68,False,written,AutoMoT/keyframe_filter/collection_output/r2_rgb_route_sheets_20260708/route_sheets/AccidentTwoWays/Town13_Rep0_1551_1_route0_01_11_03_35_55/page_000.jpg,AutoMoT/keyframe_filter/collection_output/r2_rgb_route_sheets_20260708/route_sheets/AccidentTwoWays/Town13_Rep0_1551_1_route0_01_11_03_35_55,"{""R2"": 150}","{""R-E1"": 57, ""R-E2"": 23, ""U-E2"": 70}"
AccidentTwoWays,Town13_Rep0_1551_0_route0_01_11_04_30_32,138,success,138,True,138,1.0,80,0.5797,False,written,AutoMoT/keyframe_filter/collection_output/r2_rgb_route_sheets_20260708/route_sheets/AccidentTwoWays/Town13_Rep0_1551_0_route0_01_11_04_30_32/page_000.jpg,AutoMoT/keyframe_filter/collection_output/r2_rgb_route_sheets_20260708/route_sheets/AccidentTwoWays/Town13_Rep0_1551_0_route0_01_11_04_30_32,"{""R2"": 138}","{""R-E1"": 68, ""R-E2"": 33, ""U-E2"": 37}"
AccidentTwoWays,Town05_Rep0_route_001580_route0_01_08_14_20_06,131,success,131,True,131,1.0,0,0.0,False,written,AutoMoT/keyframe_filter/collection_output/r2_rgb_route_sheets_20260708/route_sheets/AccidentTwoWays/Town05_Rep0_route_001580_route0_01_08_14_20_06/page_000.jpg,AutoMoT/keyframe_filter/collection_output/r2_rgb_route_sheets_20260708/route_sheets/AccidentTwoWays/Town05_Rep0_route_001580_route0_01_08_14_20_06,"{""R2"": 131}","{""R-E1"": 15, ""R-E2"": 34, ""U-E2"": 82}"
AccidentTwoWays,Town15_Rep0_route_001353_route0_01_10_12_12_38,231,success,231,True,227,0.982684,213,0.9221,False,written,AutoMoT/keyframe_filter/collection_output/r2_rgb_route_sheets_20260708/route_sheets/AccidentTwoWays/Town15_Rep0_route_001353_route0_01_10_12_12_38/page_000.jpg,AutoMoT/keyframe_filter/collection_output/r2_rgb_route_sheets_20260708/route_sheets/AccidentTwoWays/Town15_Rep0_route_001353_route0_01_10_12_12_38,"{""R2"": 227, ""R5"": 4}","{""R-E1"": 136, ""R-E2"": 24, ""R-E5"": 4, ""U-E2"": 67}"
AccidentTwoWays,Town15_Rep0_route_001470_route0_01_09_15_02_48,227,success,227,True,223,0.982379,209,0.9207,False,written,AutoMoT/keyframe_filter/collection_output/r2_rgb_route_sheets_20260708/route_sheets/AccidentTwoWays/Town15_Rep0_route_001470_route0_01_09_15_02_48/page_000.jpg,AutoMoT/keyframe_filter/collection_output/r2_rgb_route_sheets_20260708/route_sheets/AccidentTwoWays/Town15_Rep0_route_001470_route0_01_09_15_02_48,"{""R2"": 223, ""R5"": 4}","{""R-E1"": 133, ""R-E2"": 22, ""R-E5"": 4, ""U-E2"": 68}"
AccidentTwoWays,Town15_Rep0_route_001496_route0_01_10_07_12_34,208,success,208,True,204,0.980769,188,0.9038,False,written,AutoMoT/keyframe_filter/collection_output/r2_rgb_route_sheets_20260708/route_sheets/AccidentTwoWays/Town15_Rep0_route_001496_route0_01_10_07_12_34/page_000.jpg,AutoMoT/keyframe_filter/collection_output/r2_rgb_route_sheets_20260708/route_sheets/AccidentTwoWays/Town15_Rep0_route_001496_route0_01_10_07_12_34,"{""R2"": 204, ""R5"": 4}","{""R-E1"": 137, ""R-E2"": 33, ""R-E5"": 4, ""U-E2"": 34}"
AccidentTwoWays,Town15_Rep0_route_001380_route0_01_10_11_10_08,204,success,204,True,200,0.980392,161,0.7892,False,written,AutoMoT/keyframe_filter/collection_output/r2_rgb_route_sheets_20260708/route_sheets/AccidentTwoWays/Town15_Rep0_route_001380_route0_01_10_11_10_08/page_000.jpg,AutoMoT/keyframe_filter/collection_output/r2_rgb_route_sheets_20260708/route_sheets/AccidentTwoWays/Town15_Rep0_route_001380_route0_01_10_11_10_08,"{""R2"": 200, ""R5"": 4}","{""R-E1"": 136, ""R-E2"": 24, ""R-E5"": 4, ""U-E2"": 40}"
AccidentTwoWays,Town15_Rep0_route_001592_route0_01_09_14_20_17,202,success,202,True,198,0.980198,180,0.8911,False,written,AutoMoT/keyframe_filter/collection_output/r2_rgb_route_sheets_20260708/route_sheets/AccidentTwoWays/Town15_Rep0_route_001592_route0_01_09_14_20_17/page_000.jpg,AutoMoT/keyframe_filter/collection_output/r2_rgb_route_sheets_20260708/route_sheets/AccidentTwoWays/Town15_Rep0_route_001592_route0_01_09_14_20_17,"{""R2"": 198, ""R5"": 4}","{""R-E1"": 132, ""R-E2"": 30, ""R-E5"": 4, ""U-E2"": 36}"
AccidentTwoWays,Town15_Rep0_route_001565_route0_01_09_16_24_22,225,success,225,True,220,0.977778,210,0.9333,False,written,AutoMoT/keyframe_filter/collection_output/r2_rgb_route_sheets_20260708/route_sheets/AccidentTwoWays/Town15_Rep0_route_001565_route0_01_09_16_24_22/page_000.jpg,AutoMoT/keyframe_filter/collection_output/r2_rgb_route_sheets_20260708/route_sheets/AccidentTwoWays/Town15_Rep0_route_001565_route0_01_09_16_24_22,"{""R2"": 220, ""R5"": 5}","{""R-E1"": 126, ""R-E2"": 24, ""R-E5"": 5, ""U-E2"": 70}"
AccidentTwoWays,Town15_Rep0_route_001501_route0_01_10_03_48_06,116,success,116,True,112,0.965517,93,0.8017,False,written,AutoMoT/keyframe_filter/collection_output/r2_rgb_route_sheets_20260708/route_sheets/AccidentTwoWays/Town15_Rep0_route_001501_route0_01_10_03_48_06/page_000.jpg,AutoMoT/keyframe_filter/collection_output/r2_rgb_route_sheets_20260708/route_sheets/AccidentTwoWays/Town15_Rep0_route_001501_route0_01_10_03_48_06,"{""R2"": 112, ""R5"": 4}","{""R-E1"": 112, ""R-E5"": 4}"
AccidentTwoWays,Town12_Rep0_1152_0_route0_01_08_19_34_07,189,success,189,True,182,0.962963,189,1.0,False,written,AutoMoT/keyframe_filter/collection_output/r2_rgb_route_sheets_20260708/route_sheets/AccidentTwoWays/Town12_Rep0_1152_0_route0_01_08_19_34_07/page_000.jpg,AutoMoT/keyframe_filter/collection_output/r2_rgb_route_sheets_20260708/route_sheets/AccidentTwoWays/Town12_Rep0_1152_0_route0_01_08_19_34_07,"{""R2"": 182, ""R5"": 7}","{""R-E1"": 88, ""R-E2"": 25, ""R-E5"": 7, ""U-E2"": 69}"
AccidentTwoWays,Town15_Rep0_route_001569_route0_01_11_07_33_25,103,success,103,True,99,0.961165,95,0.9223,False,written,AutoMoT/keyframe_filter/collection_output/r2_rgb_route_sheets_20260708/route_sheets/AccidentTwoWays/Town15_Rep0_route_001569_route0_01_11_07_33_25/page_000.jpg,AutoMoT/keyframe_filter/collection_output/r2_rgb_route_sheets_20260708/route_sheets/AccidentTwoWays/Town15_Rep0_route_001569_route0_01_11_07_33_25,"{""R2"": 99, ""R4"": 4}","{""R-E1"": 61, ""R-E2"": 29, ""R-E4"": 1, ""U-E2"": 12}"
AccidentTwoWays,Town12_Rep0_4311_0_route0_01_08_14_25_02,124,success,124,True,119,0.959677,124,1.0,False,written,AutoMoT/keyframe_filter/collection_output/r2_rgb_route_sheets_20260708/route_sheets/AccidentTwoWays/Town12_Rep0_4311_0_route0_01_08_14_25_02/page_000.jpg,AutoMoT/keyframe_filter/collection_output/r2_rgb_route_sheets_20260708/route_sheets/AccidentTwoWays/Town12_Rep0_4311_0_route0_01_08_14_25_02,"{""R2"": 119, ""R5"": 5}","{""R-E1"": 54, ""R-E2"": 25, ""R-E5"": 5, ""U-E2"": 40}"
AccidentTwoWays,Town15_Rep0_route_001358_route0_01_09_03_47_41,98,success,98,True,94,0.959184,80,0.8163,False,written,AutoMoT/keyframe_filter/collection_output/r2_rgb_route_sheets_20260708/route_sheets/AccidentTwoWays/Town15_Rep0_route_001358_route0_01_09_03_47_41/page_000.jpg,AutoMoT/keyframe_filter/collection_output/r2_rgb_route_sheets_20260708/route_sheets/AccidentTwoWays/Town15_Rep0_route_001358_route0_01_09_03_47_41,"{""R2"": 94, ""R5"": 4}","{""R-E1"": 94, ""R-E5"": 4}"
AccidentTwoWays,Town15_Rep0_route_001474_route0_01_11_10_43_52,120,success,120,True,115,0.958333,96,0.8,False,written,AutoMoT/keyframe_filter/collection_output/r2_rgb_route_sheets_20260708/route_sheets/AccidentTwoWays/Town15_Rep0_route_001474_route0_01_11_10_43_52/page_000.jpg,AutoMoT/keyframe_filter/collection_output/r2_rgb_route_sheets_20260708/route_sheets/AccidentTwoWays/Town15_Rep0_route_001474_route0_01_11_10_43_52,"{""R2"": 115, ""R4"": 5}","{""R-E1"": 106, ""R-E4"": 5, ""U-E2"": 9}"
AccidentTwoWays,Town12_Rep0_1286_0_route0_01_09_14_12_19,142,success,142,True,136,0.957746,142,1.0,False,written,AutoMoT/keyframe_filter/collection_output/r2_rgb_route_sheets_20260708/route_sheets/AccidentTwoWays/Town12_Rep0_1286_0_route0_01_09_14_12_19/page_000.jpg,AutoMoT/keyframe_filter/collection_output/r2_rgb_route_sheets_20260708/route_sheets/AccidentTwoWays/Town12_Rep0_1286_0_route0_01_09_14_12_19,"{""R2"": 136, ""R5"": 6}","{""R-E1"": 73, ""R-E2"": 25, ""R-E5"": 6, ""U-E2"": 38}"
AccidentTwoWays,Town15_Rep0_route_001357_route0_01_08_14_22_41,115,success,115,True,110,0.956522,86,0.7478,False,written,AutoMoT/keyframe_filter/collection_output/r2_rgb_route_sheets_20260708/route_sheets/AccidentTwoWays/Town15_Rep0_route_001357_route0_01_08_14_22_41/page_000.jpg,AutoMoT/keyframe_filter/collection_output/r2_rgb_route_sheets_20260708/route_sheets/AccidentTwoWays/Town15_Rep0_route_001357_route0_01_08_14_22_41,"{""R2"": 110, ""R4"": 5}","{""R-E1"": 101, ""R-E4"": 5, ""U-E2"": 9}"
AccidentTwoWays,Town13_Rep0_1554_0_route0_01_11_04_03_42,158,success,158,True,151,0.955696,7,0.0443,False,written,AutoMoT/keyframe_filter/collection_output/r2_rgb_route_sheets_20260708/route_sheets/AccidentTwoWays/Town13_Rep0_1554_0_route0_01_11_04_03_42/page_000.jpg,AutoMoT/keyframe_filter/collection_output/r2_rgb_route_sheets_20260708/route_sheets/AccidentTwoWays/Town13_Rep0_1554_0_route0_01_11_04_03_42,"{""R2"": 151, ""R4"": 7}","{""R-E1"": 57, ""R-E2"": 28, ""R-E4"": 7, ""U-E2"": 66}"
AccidentTwoWays,Town15_Rep0_route_001384_route0_01_09_00_28_12,111,success,111,True,106,0.954955,82,0.7387,False,written,AutoMoT/keyframe_filter/collection_output/r2_rgb_route_sheets_20260708/route_sheets/AccidentTwoWays/Town15_Rep0_route_001384_route0_01_09_00_28_12/page_000.jpg,AutoMoT/keyframe_filter/collection_output/r2_rgb_route_sheets_20260708/route_sheets/AccidentTwoWays/Town15_Rep0_route_001384_route0_01_09_00_28_12,"{""R2"": 106, ""R4"": 5}","{""R-E1"": 97, ""R-E4"": 5, ""U-E2"": 9}"
AccidentTwoWays,Town12_Rep0_route_002736_route0_01_09_11_30_09,109,success,109,True,104,0.954128,109,1.0,False,written,AutoMoT/keyframe_filter/collection_output/r2_rgb_route_sheets_20260708/route_sheets/AccidentTwoWays/Town12_Rep0_route_002736_route0_01_09_11_30_09/page_000.jpg,AutoMoT/keyframe_filter/collection_output/r2_rgb_route_sheets_20260708/route_sheets/AccidentTwoWays/Town12_Rep0_route_002736_route0_01_09_11_30_09,"{""R2"": 104, ""R4"": 5}","{""R-E1"": 42, ""R-E2"": 13, ""U-E2"": 54}"
AccidentTwoWays,Town12_Rep0_route_002746_route0_01_11_06_25_33,108,success,108,True,103,0.953704,108,1.0,False,written,AutoMoT/keyframe_filter/collection_output/r2_rgb_route_sheets_20260708/route_sheets/AccidentTwoWays/Town12_Rep0_route_002746_route0_01_11_06_25_33/page_000.jpg,AutoMoT/keyframe_filter/collection_output/r2_rgb_route_sheets_20260708/route_sheets/AccidentTwoWays/Town12_Rep0_route_002746_route0_01_11_06_25_33,"{""R2"": 103, ""R4"": 5}","{""R-E1"": 42, ""R-E2"": 12, ""U-E2"": 54}"
AccidentTwoWays,Town13_Rep0_1554_1_route0_01_11_01_21_08,172,success,172,True,164,0.953488,8,0.0465,False,written,AutoMoT/keyframe_filter/collection_output/r2_rgb_route_sheets_20260708/route_sheets/AccidentTwoWays/Town13_Rep0_1554_1_route0_01_11_01_21_08/page_000.jpg,AutoMoT/keyframe_filter/collection_output/r2_rgb_route_sheets_20260708/route_sheets/AccidentTwoWays/Town13_Rep0_1554_1_route0_01_11_01_21_08,"{""R2"": 164, ""R4"": 8}","{""R-E1"": 58, ""R-E2"": 37, ""R-E4"": 8, ""U-E2"": 69}"
AccidentTwoWays,Town12_Rep0_route_002740_route0_01_10_09_24_13,106,success,106,True,101,0.95283,106,1.0,False,written,AutoMoT/keyframe_filter/collection_output/r2_rgb_route_sheets_20260708/route_sheets/AccidentTwoWays/Town12_Rep0_route_002740_route0_01_10_09_24_13/page_000.jpg,AutoMoT/keyframe_filter/collection_output/r2_rgb_route_sheets_20260708/route_sheets/AccidentTwoWays/Town12_Rep0_route_002740_route0_01_10_09_24_13,"{""R2"": 101, ""R4"": 5}","{""R-E1"": 43, ""R-E2"": 14, ""U-E2"": 49}"
AccidentTwoWays,Town12_Rep0_539_0_route0_01_08_15_02_58,124,success,124,True,118,0.951613,124,1.0,False,written,AutoMoT/keyframe_filter/collection_output/r2_rgb_route_sheets_20260708/route_sheets/AccidentTwoWays/Town12_Rep0_539_0_route0_01_08_15_02_58/page_000.jpg,AutoMoT/keyframe_filter/collection_output/r2_rgb_route_sheets_20260708/route_sheets/AccidentTwoWays/Town12_Rep0_539_0_route0_01_08_15_02_58,"{""R2"": 118, ""R4"": 6}","{""R-E1"": 50, ""R-E2"": 34, ""R-E4"": 6, ""U-E2"": 34}"
AccidentTwoWays,Town15_Rep0_route_001596_route0_01_09_21_39_10,117,success,117,True,111,0.948718,84,0.7179,False,written,AutoMoT/keyframe_filter/collection_output/r2_rgb_route_sheets_20260708/route_sheets/AccidentTwoWays/Town15_Rep0_route_001596_route0_01_09_21_39_10/page_000.jpg,AutoMoT/keyframe_filter/collection_output/r2_rgb_route_sheets_20260708/route_sheets/AccidentTwoWays/Town15_Rep0_route_001596_route0_01_09_21_39_10,"{""R2"": 111, ""R4"": 6}","{""R-E1"": 111, ""R-E4"": 6}"
AccidentTwoWays,Town12_Rep0_route_002745_route0_01_08_11_18_11,72,success,72,True,68,0.944444,72,1.0,False,written,AutoMoT/keyframe_filter/collection_output/r2_rgb_route_sheets_20260708/route_sheets/AccidentTwoWays/Town12_Rep0_route_002745_route0_01_08_11_18_11/page_000.jpg,AutoMoT/keyframe_filter/collection_output/r2_rgb_route_sheets_20260708/route_sheets/AccidentTwoWays/Town12_Rep0_route_002745_route0_01_08_11_18_11,"{""R2"": 68, ""R4"": 4}","{""R-E1"": 36, ""R-E2"": 13, ""U-E2"": 23}"
AccidentTwoWays,Town12_Rep0_route_002727_route0_01_10_16_42_44,70,success,70,True,66,0.942857,70,1.0,False,written,AutoMoT/keyframe_filter/collection_output/r2_rgb_route_sheets_20260708/route_sheets/AccidentTwoWays/Town12_Rep0_route_002727_route0_01_10_16_42_44/page_000.jpg,AutoMoT/keyframe_filter/collection_output/r2_rgb_route_sheets_20260708/route_sheets/AccidentTwoWays/Town12_Rep0_route_002727_route0_01_10_16_42_44,"{""R2"": 66, ""R4"": 4}","{""R-E1"": 37, ""R-E2"": 13, ""U-E2"": 20}"
AccidentTwoWays,Town12_Rep0_route_002750_route0_01_09_02_09_01,105,success,105,True,99,0.942857,105,1.0,False,written,AutoMoT/keyframe_filter/collection_output/r2_rgb_route_sheets_20260708/route_sheets/AccidentTwoWays/Town12_Rep0_route_002750_route0_01_09_02_09_01/page_000.jpg,AutoMoT/keyframe_filter/collection_output/r2_rgb_route_sheets_20260708/route_sheets/AccidentTwoWays/Town12_Rep0_route_002750_route0_01_09_02_09_01,"{""R2"": 99, ""R4"": 6}","{""R-E1"": 41, ""R-E2"": 14, ""U-E2"": 50}"
AccidentTwoWays,Town15_Rep0_route_001570_route0_01_08_05_34_35,101,success,101,True,95,0.940594,84,0.8317,False,written,AutoMoT/keyframe_filter/collection_output/r2_rgb_route_sheets_20260708/route_sheets/AccidentTwoWays/Town15_Rep0_route_001570_route0_01_08_05_34_35/page_000.jpg,AutoMoT/keyframe_filter/collection_output/r2_rgb_route_sheets_20260708/route_sheets/AccidentTwoWays/Town15_Rep0_route_001570_route0_01_08_05_34_35,"{""R2"": 95, ""R5"": 6}","{""R-E1"": 95, ""R-E5"": 6}"
AccidentTwoWays,Town15_Rep0_route_001385_route0_01_08_22_13_42,101,success,101,True,95,0.940594,83,0.8218,False,written,AutoMoT/keyframe_filter/collection_output/r2_rgb_route_sheets_20260708/route_sheets/AccidentTwoWays/Town15_Rep0_route_001385_route0_01_08_22_13_42/page_000.jpg,AutoMoT/keyframe_filter/collection_output/r2_rgb_route_sheets_20260708/route_sheets/AccidentTwoWays/Town15_Rep0_route_001385_route0_01_08_22_13_42,"{""R2"": 95, ""R5"": 6}","{""R-E1"": 93, ""R-E5"": 5, ""U-E2"": 3}"
AccidentTwoWays,Town12_Rep0_route_001433_route0_01_09_12_02_05,155,success,155,True,145,0.935484,155,1.0,False,written,AutoMoT/keyframe_filter/collection_output/r2_rgb_route_sheets_20260708/route_sheets/AccidentTwoWays/Town12_Rep0_route_001433_route0_01_09_12_02_05/page_000.jpg,AutoMoT/keyframe_filter/collection_output/r2_rgb_route_sheets_20260708/route_sheets/AccidentTwoWays/Town12_Rep0_route_001433_route0_01_09_12_02_05,"{""R2"": 145, ""R5"": 10}","{""R-E1"": 54, ""R-E2"": 19, ""R-E5"": 10, ""U-E2"": 72}"
AccidentTwoWays,Town07_Rep0_route_001441_route0_01_09_03_04_44,92,success,92,True,86,0.934783,92,1.0,False,written,AutoMoT/keyframe_filter/collection_output/r2_rgb_route_sheets_20260708/route_sheets/AccidentTwoWays/Town07_Rep0_route_001441_route0_01_09_03_04_44/page_000.jpg,AutoMoT/keyframe_filter/collection_output/r2_rgb_route_sheets_20260708/route_sheets/AccidentTwoWays/Town07_Rep0_route_001441_route0_01_09_03_04_44,"{""R2"": 86, ""R4"": 6}","{""R-E1"": 18, ""R-E2"": 15, ""U-E2"": 59}"
AccidentTwoWays,Town12_Rep0_route_002721_route0_01_09_02_35_17,72,success,72,True,67,0.930556,72,1.0,False,written,AutoMoT/keyframe_filter/collection_output/r2_rgb_route_sheets_20260708/route_sheets/AccidentTwoWays/Town12_Rep0_route_002721_route0_01_09_02_35_17/page_000.jpg,AutoMoT/keyframe_filter/collection_output/r2_rgb_route_sheets_20260708/route_sheets/AccidentTwoWays/Town12_Rep0_route_002721_route0_01_09_02_35_17,"{""R2"": 67, ""R4"": 5}","{""R-E1"": 37, ""R-E2"": 13, ""U-E2"": 22}"
AccidentTwoWays,Town12_Rep0_route_002757_route0_01_09_11_17_55,71,success,71,True,66,0.929577,71,1.0,False,written,AutoMoT/keyframe_filter/collection_output/r2_rgb_route_sheets_20260708/route_sheets/AccidentTwoWays/Town12_Rep0_route_002757_route0_01_09_11_17_55/page_000.jpg,AutoMoT/keyframe_filter/collection_output/r2_rgb_route_sheets_20260708/route_sheets/AccidentTwoWays/Town12_Rep0_route_002757_route0_01_09_11_17_55,"{""R2"": 66, ""R4"": 5}","{""R-E1"": 36, ""R-E2"": 13, ""U-E2"": 22}"
AccidentTwoWays,Town12_Rep0_route_002748_route0_01_10_20_06_44,85,success,85,True,79,0.929412,85,1.0,False,written,AutoMoT/keyframe_filter/collection_output/r2_rgb_route_sheets_20260708/route_sheets/AccidentTwoWays/Town12_Rep0_route_002748_route0_01_10_20_06_44/page_000.jpg,AutoMoT/keyframe_filter/collection_output/r2_rgb_route_sheets_20260708/route_sheets/AccidentTwoWays/Town12_Rep0_route_002748_route0_01_10_20_06_44,"{""R2"": 79, ""R4"": 6}","{""R-E1"": 49, ""R-E2"": 16, ""U-E2"": 20}"
AccidentTwoWays,Town15_Rep0_route_001381_route0_01_09_02_45_54,152,success,152,True,141,0.927632,136,0.8947,False,written,AutoMoT/keyframe_filter/collection_output/r2_rgb_route_sheets_20260708/route_sheets/AccidentTwoWays/Town15_Rep0_route_001381_route0_01_09_02_45_54/page_000.jpg,AutoMoT/keyframe_filter/collection_output/r2_rgb_route_sheets_20260708/route_sheets/AccidentTwoWays/Town15_Rep0_route_001381_route0_01_09_02_45_54,"{""R2"": 141, ""R5"": 11}","{""R-E1"": 141, ""R-E5"": 11}"
AccidentTwoWays,Town15_Rep0_route_001593_route0_01_09_16_52_33,143,success,143,True,132,0.923077,127,0.8881,False,written,AutoMoT/keyframe_filter/collection_output/r2_rgb_route_sheets_20260708/route_sheets/AccidentTwoWays/Town15_Rep0_route_001593_route0_01_09_16_52_33/page_000.jpg,AutoMoT/keyframe_filter/collection_output/r2_rgb_route_sheets_20260708/route_sheets/AccidentTwoWays/Town15_Rep0_route_001593_route0_01_09_16_52_33,"{""R2"": 132, ""R5"": 11}","{""R-E1"": 132, ""R-E5"": 11}"
AccidentTwoWays,Town12_Rep0_1214_0_route0_01_08_23_59_12,143,success,143,True,132,0.923077,15,0.1049,False,written,AutoMoT/keyframe_filter/collection_output/r2_rgb_route_sheets_20260708/route_sheets/AccidentTwoWays/Town12_Rep0_1214_0_route0_01_08_23_59_12/page_000.jpg,AutoMoT/keyframe_filter/collection_output/r2_rgb_route_sheets_20260708/route_sheets/AccidentTwoWays/Town12_Rep0_1214_0_route0_01_08_23_59_12,"{""R2"": 132, ""R4"": 11}","{""R-E1"": 62, ""R-E2"": 29, ""R-E4"": 11, ""U-E2"": 41}"
AccidentTwoWays,Town13_Rep0_route_001517_route0_01_08_02_37_13,244,success,244,True,225,0.922131,244,1.0,False,written,AutoMoT/keyframe_filter/collection_output/r2_rgb_route_sheets_20260708/route_sheets/AccidentTwoWays/Town13_Rep0_route_001517_route0_01_08_02_37_13/page_000.jpg,AutoMoT/keyframe_filter/collection_output/r2_rgb_route_sheets_20260708/route_sheets/AccidentTwoWays/Town13_Rep0_route_001517_route0_01_08_02_37_13,"{""R2"": 225, ""R4"": 19}","{""R-E1"": 126, ""R-E2"": 30, ""R-E4"": 19, ""U-E2"": 69}"
AccidentTwoWays,Town12_Rep0_route_001407_route0_01_10_14_39_18,88,success,88,True,81,0.920455,88,1.0,False,written,AutoMoT/keyframe_filter/collection_output/r2_rgb_route_sheets_20260708/route_sheets/AccidentTwoWays/Town12_Rep0_route_001407_route0_01_10_14_39_18/page_000.jpg,AutoMoT/keyframe_filter/collection_output/r2_rgb_route_sheets_20260708/route_sheets/AccidentTwoWays/Town12_Rep0_route_001407_route0_01_10_14_39_18,"{""R2"": 81, ""R5"": 7}","{""R-E1"": 81, ""R-E5"": 7}"
AccidentTwoWays,Town12_Rep0_route_001405_route0_01_10_21_18_18,159,success,159,True,146,0.918239,159,1.0,False,written,AutoMoT/keyframe_filter/collection_output/r2_rgb_route_sheets_20260708/route_sheets/AccidentTwoWays/Town12_Rep0_route_001405_route0_01_10_21_18_18/page_000.jpg,AutoMoT/keyframe_filter/collection_output/r2_rgb_route_sheets_20260708/route_sheets/AccidentTwoWays/Town12_Rep0_route_001405_route0_01_10_21_18_18,"{""R2"": 146, ""R5"": 13}","{""R-E1"": 52, ""R-E2"": 24, ""R-E5"": 13, ""U-E2"": 70}"
AccidentTwoWays,Town15_Rep0_route_001354_route0_01_08_09_43_38,146,success,146,True,134,0.917808,131,0.8973,False,written,AutoMoT/keyframe_filter/collection_output/r2_rgb_route_sheets_20260708/route_sheets/AccidentTwoWays/Town15_Rep0_route_001354_route0_01_08_09_43_38/page_000.jpg,AutoMoT/keyframe_filter/collection_output/r2_rgb_route_sheets_20260708/route_sheets/AccidentTwoWays/Town15_Rep0_route_001354_route0_01_08_09_43_38,"{""R2"": 134, ""R5"": 12}","{""R-E1"": 134, ""R-E5"": 12}"
AccidentTwoWays,Town15_Rep0_route_001471_route0_01_09_04_17_42,146,success,146,True,134,0.917808,131,0.8973,False,written,AutoMoT/keyframe_filter/collection_output/r2_rgb_route_sheets_20260708/route_sheets/AccidentTwoWays/Town15_Rep0_route_001471_route0_01_09_04_17_42/page_000.jpg,AutoMoT/keyframe_filter/collection_output/r2_rgb_route_sheets_20260708/route_sheets/AccidentTwoWays/Town15_Rep0_route_001471_route0_01_09_04_17_42,"{""R2"": 134, ""R5"": 12}","{""R-E1"": 134, ""R-E5"": 12}"
AccidentTwoWays,Town12_Rep0_route_002752_route0_01_09_17_36_55,72,success,72,True,66,0.916667,72,1.0,False,written,AutoMoT/keyframe_filter/collection_output/r2_rgb_route_sheets_20260708/route_sheets/AccidentTwoWays/Town12_Rep0_route_002752_route0_01_09_17_36_55/page_000.jpg,AutoMoT/keyframe_filter/collection_output/r2_rgb_route_sheets_20260708/route_sheets/AccidentTwoWays/Town12_Rep0_route_002752_route0_01_09_17_36_55,"{""R2"": 66, ""R4"": 6}","{""R-E1"": 37, ""R-E2"": 14, ""U-E2"": 21}"
AccidentTwoWays,Town15_Rep0_route_001500_route0_01_11_01_51_48,124,success,124,True,113,0.91129,91,0.7339,False,written,AutoMoT/keyframe_filter/collection_output/r2_rgb_route_sheets_20260708/route_sheets/AccidentTwoWays/Town15_Rep0_route_001500_route0_01_11_01_51_48/page_000.jpg,AutoMoT/keyframe_filter/collection_output/r2_rgb_route_sheets_20260708/route_sheets/AccidentTwoWays/Town15_Rep0_route_001500_route0_01_11_01_51_48,"{""R2"": 113, ""R4"": 11}","{""R-E1"": 104, ""R-E4"": 11, ""U-E2"": 9}"
AccidentTwoWays,Town12_Rep0_route_001395_route0_01_07_23_58_26,133,success,133,True,121,0.909774,133,1.0,False,written,AutoMoT/keyframe_filter/collection_output/r2_rgb_route_sheets_20260708/route_sheets/AccidentTwoWays/Town12_Rep0_route_001395_route0_01_07_23_58_26/page_000.jpg,AutoMoT/keyframe_filter/collection_output/r2_rgb_route_sheets_20260708/route_sheets/AccidentTwoWays/Town12_Rep0_route_001395_route0_01_07_23_58_26,"{""R2"": 121, ""R5"": 12}","{""R-E1"": 31, ""R-E2"": 22, ""R-E5"": 11, ""U-E2"": 69}"
AccidentTwoWays,Town12_Rep0_route_001397_route0_01_08_16_28_44,129,success,129,True,117,0.906977,129,1.0,False,written,AutoMoT/keyframe_filter/collection_output/r2_rgb_route_sheets_20260708/route_sheets/AccidentTwoWays/Town12_Rep0_route_001397_route0_01_08_16_28_44/page_000.jpg,AutoMoT/keyframe_filter/collection_output/r2_rgb_route_sheets_20260708/route_sheets/AccidentTwoWays/Town12_Rep0_route_001397_route0_01_08_16_28_44,"{""R2"": 117, ""R5"": 12}","{""R-E1"": 24, ""R-E2"": 24, ""R-E5"": 11, ""U-E2"": 70}"
AccidentTwoWays,Town12_Rep0_route_001401_route0_01_08_22_36_14,129,success,129,True,117,0.906977,129,1.0,False,written,AutoMoT/keyframe_filter/collection_output/r2_rgb_route_sheets_20260708/route_sheets/AccidentTwoWays/Town12_Rep0_route_001401_route0_01_08_22_36_14/page_000.jpg,AutoMoT/keyframe_filter/collection_output/r2_rgb_route_sheets_20260708/route_sheets/AccidentTwoWays/Town12_Rep0_route_001401_route0_01_08_22_36_14,"{""R2"": 117, ""R5"": 12}","{""R-E1"": 27, ""R-E2"": 21, ""R-E5"": 11, ""U-E2"": 70}"
AccidentTwoWays,Town12_Rep0_route_001406_route0_01_10_10_26_15,139,success,139,True,126,0.906475,139,1.0,False,written,AutoMoT/keyframe_filter/collection_output/r2_rgb_route_sheets_20260708/route_sheets/AccidentTwoWays/Town12_Rep0_route_001406_route0_01_10_10_26_15/page_000.jpg,AutoMoT/keyframe_filter/collection_output/r2_rgb_route_sheets_20260708/route_sheets/AccidentTwoWays/Town12_Rep0_route_001406_route0_01_10_10_26_15,"{""R2"": 126, ""R5"": 13}","{""R-E1"": 34, ""R-E2"": 22, ""R-E5"": 13, ""U-E2"": 70}"
AccidentTwoWays,Town12_Rep0_route_001426_route0_01_09_00_18_15,175,success,175,True,158,0.902857,175,1.0,False,written,AutoMoT/keyframe_filter/collection_output/r2_rgb_route_sheets_20260708/route_sheets/AccidentTwoWays/Town12_Rep0_route_001426_route0_01_09_00_18_15/page_000.jpg,AutoMoT/keyframe_filter/collection_output/r2_rgb_route_sheets_20260708/route_sheets/AccidentTwoWays/Town12_Rep0_route_001426_route0_01_09_00_18_15,"{""R2"": 158, ""R4"": 17}","{""R-E1"": 21, ""R-E2"": 87, ""R-E4"": 17, ""U-E2"": 50}"
AccidentTwoWays,Town13_Rep0_1499_1_route0_01_09_18_52_03,215,success,215,True,194,0.902326,215,1.0,False,written,AutoMoT/keyframe_filter/collection_output/r2_rgb_route_sheets_20260708/route_sheets/AccidentTwoWays/Town13_Rep0_1499_1_route0_01_09_18_52_03/page_000.jpg,AutoMoT/keyframe_filter/collection_output/r2_rgb_route_sheets_20260708/route_sheets/AccidentTwoWays/Town13_Rep0_1499_1_route0_01_09_18_52_03,"{""R2"": 194, ""R5"": 21}","{""R-E1"": 45, ""R-E2"": 25, ""R-E5"": 21, ""U-E2"": 124}"
AccidentTwoWays,Town12_Rep0_route_001416_route0_01_08_08_48_40,152,success,152,True,137,0.901316,152,1.0,False,written,AutoMoT/keyframe_filter/collection_output/r2_rgb_route_sheets_20260708/route_sheets/AccidentTwoWays/Town12_Rep0_route_001416_route0_01_08_08_48_40/page_000.jpg,AutoMoT/keyframe_filter/collection_output/r2_rgb_route_sheets_20260708/route_sheets/AccidentTwoWays/Town12_Rep0_route_001416_route0_01_08_08_48_40,"{""R2"": 137, ""R4"": 15}","{""R-E1"": 45, ""R-E2"": 19, ""R-E4"": 15, ""U-E2"": 73}"
AccidentTwoWays,Town12_Rep0_route_001396_route0_01_09_10_28_20,130,success,130,True,117,0.9,130,1.0,False,written,AutoMoT/keyframe_filter/collection_output/r2_rgb_route_sheets_20260708/route_sheets/AccidentTwoWays/Town12_Rep0_route_001396_route0_01_09_10_28_20/page_000.jpg,AutoMoT/keyframe_filter/collection_output/r2_rgb_route_sheets_20260708/route_sheets/AccidentTwoWays/Town12_Rep0_route_001396_route0_01_09_10_28_20,"{""R2"": 117, ""R5"": 13}","{""R-E1"": 21, ""R-E2"": 21, ""R-E5"": 13, ""U-E2"": 75}"
AccidentTwoWays,Town15_Rep0_route_001497_route0_01_10_17_54_46,167,success,167,True,150,0.898204,151,0.9042,False,written,AutoMoT/keyframe_filter/collection_output/r2_rgb_route_sheets_20260708/route_sheets/AccidentTwoWays/Town15_Rep0_route_001497_route0_01_10_17_54_46/page_000.jpg,AutoMoT/keyframe_filter/collection_output/r2_rgb_route_sheets_20260708/route_sheets/AccidentTwoWays/Town15_Rep0_route_001497_route0_01_10_17_54_46,"{""R2"": 150, ""R5"": 17}","{""R-E1"": 150, ""R-E5"": 17}"
AccidentTwoWays,Town12_Rep0_route_001399_route0_01_08_08_51_20,123,success,123,True,110,0.894309,123,1.0,False,written,AutoMoT/keyframe_filter/collection_output/r2_rgb_route_sheets_20260708/route_sheets/AccidentTwoWays/Town12_Rep0_route_001399_route0_01_08_08_51_20/page_000.jpg,AutoMoT/keyframe_filter/collection_output/r2_rgb_route_sheets_20260708/route_sheets/AccidentTwoWays/Town12_Rep0_route_001399_route0_01_08_08_51_20,"{""R2"": 110, ""R5"": 13}","{""R-E1"": 17, ""R-E2"": 19, ""R-E5"": 13, ""U-E2"": 74}"
AccidentTwoWays,Town12_Rep0_route_001419_route0_01_09_07_50_48,140,success,140,True,125,0.892857,140,1.0,False,written,AutoMoT/keyframe_filter/collection_output/r2_rgb_route_sheets_20260708/route_sheets/AccidentTwoWays/Town12_Rep0_route_001419_route0_01_09_07_50_48/page_000.jpg,AutoMoT/keyframe_filter/collection_output/r2_rgb_route_sheets_20260708/route_sheets/AccidentTwoWays/Town12_Rep0_route_001419_route0_01_09_07_50_48,"{""R2"": 125, ""R4"": 15}","{""R-E1"": 23, ""R-E2"": 23, ""R-E4"": 15, ""U-E2"": 79}"
AccidentTwoWays,Town12_Rep0_route_001418_route0_01_08_14_53_46,202,success,202,True,180,0.891089,202,1.0,False,written,AutoMoT/keyframe_filter/collection_output/r2_rgb_route_sheets_20260708/route_sheets/AccidentTwoWays/Town12_Rep0_route_001418_route0_01_08_14_53_46/page_000.jpg,AutoMoT/keyframe_filter/collection_output/r2_rgb_route_sheets_20260708/route_sheets/AccidentTwoWays/Town12_Rep0_route_001418_route0_01_08_14_53_46,"{""R2"": 180, ""R4"": 22}","{""R-E1"": 83, ""R-E2"": 28, ""R-E4"": 22, ""U-E2"": 69}"
AccidentTwoWays,Town12_Rep0_2113_0_route0_01_10_13_36_11,100,success,100,True,89,0.89,100,1.0,False,written,AutoMoT/keyframe_filter/collection_output/r2_rgb_route_sheets_20260708/route_sheets/AccidentTwoWays/Town12_Rep0_2113_0_route0_01_10_13_36_11/page_000.jpg,AutoMoT/keyframe_filter/collection_output/r2_rgb_route_sheets_20260708/route_sheets/AccidentTwoWays/Town12_Rep0_2113_0_route0_01_10_13_36_11,"{""R2"": 89, ""R4"": 11}","{""R-E1"": 34, ""R-E2"": 19, ""R-E4"": 11, ""U-E2"": 36}"
AccidentTwoWays,Town12_Rep0_route_001400_route0_01_08_11_24_17,127,success,127,True,113,0.889764,127,1.0,False,written,AutoMoT/keyframe_filter/collection_output/r2_rgb_route_sheets_20260708/route_sheets/AccidentTwoWays/Town12_Rep0_route_001400_route0_01_08_11_24_17/page_000.jpg,AutoMoT/keyframe_filter/collection_output/r2_rgb_route_sheets_20260708/route_sheets/AccidentTwoWays/Town12_Rep0_route_001400_route0_01_08_11_24_17,"{""R2"": 113, ""R5"": 14}","{""R-E1"": 25, ""R-E2"": 24, ""R-E5"": 14, ""U-E2"": 64}"
AccidentTwoWays,Town12_Rep0_route_001403_route0_01_09_12_55_13,114,success,114,True,101,0.885965,114,1.0,False,written,AutoMoT/keyframe_filter/collection_output/r2_rgb_route_sheets_20260708/route_sheets/AccidentTwoWays/Town12_Rep0_route_001403_route0_01_09_12_55_13/page_000.jpg,AutoMoT/keyframe_filter/collection_output/r2_rgb_route_sheets_20260708/route_sheets/AccidentTwoWays/Town12_Rep0_route_001403_route0_01_09_12_55_13,"{""R2"": 101, ""R5"": 13}","{""R-E1"": 1, ""R-E2"": 35, ""R-E5"": 13, ""U-E2"": 65}"
AccidentTwoWays,Town13_Rep0_1756_0_route0_01_10_16_08_58,149,success,149,True,132,0.885906,149,1.0,False,written,AutoMoT/keyframe_filter/collection_output/r2_rgb_route_sheets_20260708/route_sheets/AccidentTwoWays/Town13_Rep0_1756_0_route0_01_10_16_08_58/page_000.jpg,AutoMoT/keyframe_filter/collection_output/r2_rgb_route_sheets_20260708/route_sheets/AccidentTwoWays/Town13_Rep0_1756_0_route0_01_10_16_08_58,"{""R2"": 132, ""R5"": 17}","{""R-E1"": 39, ""R-E2"": 22, ""R-E5"": 17, ""U-E2"": 71}"
AccidentTwoWays,Town12_Rep0_route_001423_route0_01_08_20_28_40,138,success,138,True,122,0.884058,138,1.0,False,written,AutoMoT/keyframe_filter/collection_output/r2_rgb_route_sheets_20260708/route_sheets/AccidentTwoWays/Town12_Rep0_route_001423_route0_01_08_20_28_40/page_000.jpg,AutoMoT/keyframe_filter/collection_output/r2_rgb_route_sheets_20260708/route_sheets/AccidentTwoWays/Town12_Rep0_route_001423_route0_01_08_20_28_40,"{""R2"": 122, ""R4"": 16}","{""R-E1"": 32, ""R-E2"": 18, ""R-E4"": 16, ""U-E2"": 72}"
AccidentTwoWays,Town12_Rep0_route_001409_route0_01_08_15_59_15,166,success,166,True,146,0.879518,166,1.0,False,written,AutoMoT/keyframe_filter/collection_output/r2_rgb_route_sheets_20260708/route_sheets/AccidentTwoWays/Town12_Rep0_route_001409_route0_01_08_15_59_15/page_000.jpg,AutoMoT/keyframe_filter/collection_output/r2_rgb_route_sheets_20260708/route_sheets/AccidentTwoWays/Town12_Rep0_route_001409_route0_01_08_15_59_15,"{""R2"": 146, ""R4"": 20}","{""R-E1"": 16, ""R-E2"": 54, ""R-E4"": 20, ""U-E2"": 76}"
AccidentTwoWays,Town12_Rep0_route_002885_route0_01_11_02_15_26,91,success,91,True,80,0.879121,91,1.0,False,written,AutoMoT/keyframe_filter/collection_output/r2_rgb_route_sheets_20260708/route_sheets/AccidentTwoWays/Town12_Rep0_route_002885_route0_01_11_02_15_26/page_000.jpg,AutoMoT/keyframe_filter/collection_output/r2_rgb_route_sheets_20260708/route_sheets/AccidentTwoWays/Town12_Rep0_route_002885_route0_01_11_02_15_26,"{""R2"": 80, ""R4"": 11}","{""R-E1"": 8, ""R-E2"": 26, ""U-E2"": 57}"
AccidentTwoWays,Town12_Rep0_1218_0_route0_01_09_02_09_18,148,success,148,True,130,0.878378,148,1.0,False,written,AutoMoT/keyframe_filter/collection_output/r2_rgb_route_sheets_20260708/route_sheets/AccidentTwoWays/Town12_Rep0_1218_0_route0_01_09_02_09_18/page_000.jpg,AutoMoT/keyframe_filter/collection_output/r2_rgb_route_sheets_20260708/route_sheets/AccidentTwoWays/Town12_Rep0_1218_0_route0_01_09_02_09_18,"{""R2"": 130, ""R5"": 18}","{""R-E1"": 38, ""R-E2"": 21, ""R-E5"": 18, ""U-E2"": 71}"
AccidentTwoWays,Town12_Rep0_route_001434_route0_01_08_19_47_57,124,success,124,True,108,0.870968,124,1.0,False,written,AutoMoT/keyframe_filter/collection_output/r2_rgb_route_sheets_20260708/route_sheets/AccidentTwoWays/Town12_Rep0_route_001434_route0_01_08_19_47_57/page_000.jpg,AutoMoT/keyframe_filter/collection_output/r2_rgb_route_sheets_20260708/route_sheets/AccidentTwoWays/Town12_Rep0_route_001434_route0_01_08_19_47_57,"{""R2"": 108, ""R4"": 16}","{""R-E1"": 28, ""R-E2"": 37, ""R-E4"": 16, ""U-E2"": 43}"
AccidentTwoWays,Town12_Rep0_route_001421_route0_01_08_01_38_01,154,success,154,True,134,0.87013,154,1.0,False,written,AutoMoT/keyframe_filter/collection_output/r2_rgb_route_sheets_20260708/route_sheets/AccidentTwoWays/Town12_Rep0_route_001421_route0_01_08_01_38_01/page_000.jpg,AutoMoT/keyframe_filter/collection_output/r2_rgb_route_sheets_20260708/route_sheets/AccidentTwoWays/Town12_Rep0_route_001421_route0_01_08_01_38_01,"{""R2"": 134, ""R4"": 20}","{""R-E1"": 34, ""R-E2"": 24, ""R-E4"": 20, ""U-E2"": 76}"
AccidentTwoWays,Town12_Rep0_route_001429_route0_01_08_20_55_15,138,success,138,True,120,0.869565,138,1.0,False,written,AutoMoT/keyframe_filter/collection_output/r2_rgb_route_sheets_20260708/route_sheets/AccidentTwoWays/Town12_Rep0_route_001429_route0_01_08_20_55_15/page_000.jpg,AutoMoT/keyframe_filter/collection_output/r2_rgb_route_sheets_20260708/route_sheets/AccidentTwoWays/Town12_Rep0_route_001429_route0_01_08_20_55_15,"{""R2"": 120, ""R4"": 18}","{""R-E1"": 18, ""R-E2"": 31, ""R-E4"": 18, ""U-E2"": 71}"
AccidentTwoWays,Town12_Rep0_route_002909_route0_01_10_08_02_21,91,success,91,True,79,0.868132,91,1.0,False,written,AutoMoT/keyframe_filter/collection_output/r2_rgb_route_sheets_20260708/route_sheets/AccidentTwoWays/Town12_Rep0_route_002909_route0_01_10_08_02_21/page_000.jpg,AutoMoT/keyframe_filter/collection_output/r2_rgb_route_sheets_20260708/route_sheets/AccidentTwoWays/Town12_Rep0_route_002909_route0_01_10_08_02_21,"{""R2"": 79, ""R4"": 12}","{""R-E2"": 25, ""U-E2"": 66}"
AccidentTwoWays,Town15_Rep0_route_001566_route0_01_09_18_35_19,197,success,197,True,171,0.86802,125,0.6345,False,written,AutoMoT/keyframe_filter/collection_output/r2_rgb_route_sheets_20260708/route_sheets/AccidentTwoWays/Town15_Rep0_route_001566_route0_01_09_18_35_19/page_000.jpg,AutoMoT/keyframe_filter/collection_output/r2_rgb_route_sheets_20260708/route_sheets/AccidentTwoWays/Town15_Rep0_route_001566_route0_01_09_18_35_19,"{""R2"": 171, ""R5"": 26}","{""R-E1"": 80, ""R-E2"": 22, ""R-E5"": 26, ""U-E2"": 69}"
AccidentTwoWays,Town12_Rep0_2919_0_route0_01_11_09_44_00,143,success,143,True,124,0.867133,143,1.0,False,written,AutoMoT/keyframe_filter/collection_output/r2_rgb_route_sheets_20260708/route_sheets/AccidentTwoWays/Town12_Rep0_2919_0_route0_01_11_09_44_00/page_000.jpg,AutoMoT/keyframe_filter/collection_output/r2_rgb_route_sheets_20260708/route_sheets/AccidentTwoWays/Town12_Rep0_2919_0_route0_01_11_09_44_00,"{""R2"": 124, ""R5"": 19}","{""R-E1"": 25, ""R-E2"": 32, ""R-E5"": 19, ""U-E2"": 67}"
AccidentTwoWays,Town15_Rep0_route_001342_route0_01_10_04_33_06,127,success,127,True,110,0.866142,127,1.0,False,written,AutoMoT/keyframe_filter/collection_output/r2_rgb_route_sheets_20260708/route_sheets/AccidentTwoWays/Town15_Rep0_route_001342_route0_01_10_04_33_06/page_000.jpg,AutoMoT/keyframe_filter/collection_output/r2_rgb_route_sheets_20260708/route_sheets/AccidentTwoWays/Town15_Rep0_route_001342_route0_01_10_04_33_06,"{""R2"": 110, ""R5"": 17}","{""R-E1"": 4, ""R-E2"": 46, ""R-E5"": 2, ""U-E2"": 75}"
AccidentTwoWays,Town13_Rep0_1740_0_route0_01_09_05_19_09,162,success,162,True,140,0.864198,162,1.0,False,written,AutoMoT/keyframe_filter/collection_output/r2_rgb_route_sheets_20260708/route_sheets/AccidentTwoWays/Town13_Rep0_1740_0_route0_01_09_05_19_09/page_000.jpg,AutoMoT/keyframe_filter/collection_output/r2_rgb_route_sheets_20260708/route_sheets/AccidentTwoWays/Town13_Rep0_1740_0_route0_01_09_05_19_09,"{""R2"": 140, ""R5"": 22}","{""R-E1"": 48, ""R-E2"": 24, ""R-E5"": 22, ""U-E2"": 68}"
AccidentTwoWays,Town12_Rep0_route_002868_route0_01_08_06_47_22,88,success,88,True,76,0.863636,88,1.0,False,written,AutoMoT/keyframe_filter/collection_output/r2_rgb_route_sheets_20260708/route_sheets/AccidentTwoWays/Town12_Rep0_route_002868_route0_01_08_06_47_22/page_000.jpg,AutoMoT/keyframe_filter/collection_output/r2_rgb_route_sheets_20260708/route_sheets/AccidentTwoWays/Town12_Rep0_route_002868_route0_01_08_06_47_22,"{""R2"": 76, ""R4"": 12}","{""R-E2"": 27, ""U-E2"": 61}"
AccidentTwoWays,Town12_Rep0_route_001402_route0_01_08_10_01_13,95,success,95,True,82,0.863158,95,1.0,False,written,AutoMoT/keyframe_filter/collection_output/r2_rgb_route_sheets_20260708/route_sheets/AccidentTwoWays/Town12_Rep0_route_001402_route0_01_08_10_01_13/page_000.jpg,AutoMoT/keyframe_filter/collection_output/r2_rgb_route_sheets_20260708/route_sheets/AccidentTwoWays/Town12_Rep0_route_001402_route0_01_08_10_01_13,"{""R2"": 82, ""R5"": 13}","{""R-E1"": 25, ""R-E2"": 22, ""R-E5"": 13, ""U-E2"": 35}"
AccidentTwoWays,Town12_Rep0_route_002879_route0_01_10_04_56_14,95,success,95,True,82,0.863158,95,1.0,False,written,AutoMoT/keyframe_filter/collection_output/r2_rgb_route_sheets_20260708/route_sheets/AccidentTwoWays/Town12_Rep0_route_002879_route0_01_10_04_56_14/page_000.jpg,AutoMoT/keyframe_filter/collection_output/r2_rgb_route_sheets_20260708/route_sheets/AccidentTwoWays/Town12_Rep0_route_002879_route0_01_10_04_56_14,"{""R2"": 82, ""R4"": 13}","{""R-E2"": 25, ""U-E2"": 70}"
AccidentTwoWays,Town13_Rep0_route_001538_route0_01_10_06_19_41,219,success,219,True,189,0.863014,219,1.0,False,written,AutoMoT/keyframe_filter/collection_output/r2_rgb_route_sheets_20260708/route_sheets/AccidentTwoWays/Town13_Rep0_route_001538_route0_01_10_06_19_41/page_000.jpg,AutoMoT/keyframe_filter/collection_output/r2_rgb_route_sheets_20260708/route_sheets/AccidentTwoWays/Town13_Rep0_route_001538_route0_01_10_06_19_41,"{""R2"": 189, ""R4"": 30}","{""R-E1"": 87, ""R-E2"": 34, ""R-E4"": 30, ""U-E2"": 68}"
AccidentTwoWays,Town13_Rep0_1499_0_route0_01_09_09_37_40,160,success,160,True,138,0.8625,160,1.0,False,written,AutoMoT/keyframe_filter/collection_output/r2_rgb_route_sheets_20260708/route_sheets/AccidentTwoWays/Town13_Rep0_1499_0_route0_01_09_09_37_40/page_000.jpg,AutoMoT/keyframe_filter/collection_output/r2_rgb_route_sheets_20260708/route_sheets/AccidentTwoWays/Town13_Rep0_1499_0_route0_01_09_09_37_40,"{""R2"": 138, ""R5"": 22}","{""R-E1"": 44, ""R-E2"": 23, ""R-E5"": 22, ""U-E2"": 71}"
AccidentTwoWays,Town13_Rep0_route_001528_route0_01_07_21_56_50,231,success,231,True,199,0.861472,231,1.0,False,written,AutoMoT/keyframe_filter/collection_output/r2_rgb_route_sheets_20260708/route_sheets/AccidentTwoWays/Town13_Rep0_route_001528_route0_01_07_21_56_50/page_000.jpg,AutoMoT/keyframe_filter/collection_output/r2_rgb_route_sheets_20260708/route_sheets/AccidentTwoWays/Town13_Rep0_route_001528_route0_01_07_21_56_50,"{""R2"": 199, ""R4"": 32}","{""R-E1"": 133, ""R-E2"": 32, ""R-E4"": 32, ""U-E2"": 34}"
AccidentTwoWays,Town12_Rep0_3161_0_route0_01_08_16_40_12,151,success,151,True,130,0.860927,151,1.0,False,written,AutoMoT/keyframe_filter/collection_output/r2_rgb_route_sheets_20260708/route_sheets/AccidentTwoWays/Town12_Rep0_3161_0_route0_01_08_16_40_12/page_000.jpg,AutoMoT/keyframe_filter/collection_output/r2_rgb_route_sheets_20260708/route_sheets/AccidentTwoWays/Town12_Rep0_3161_0_route0_01_08_16_40_12,"{""R2"": 130, ""R5"": 21}","{""R-E1"": 38, ""R-E2"": 21, ""R-E5"": 21, ""U-E2"": 71}"
AccidentTwoWays,Town12_Rep0_route_001398_route0_01_08_14_02_48,93,success,93,True,80,0.860215,93,1.0,False,written,AutoMoT/keyframe_filter/collection_output/r2_rgb_route_sheets_20260708/route_sheets/AccidentTwoWays/Town12_Rep0_route_001398_route0_01_08_14_02_48/page_000.jpg,AutoMoT/keyframe_filter/collection_output/r2_rgb_route_sheets_20260708/route_sheets/AccidentTwoWays/Town12_Rep0_route_001398_route0_01_08_14_02_48,"{""R2"": 80, ""R5"": 13}","{""R-E2"": 24, ""R-E5"": 13, ""U-E2"": 56}"
AccidentTwoWays,Town12_Rep0_479_0_route0_01_09_23_26_05,150,success,150,True,129,0.86,150,1.0,False,written,AutoMoT/keyframe_filter/collection_output/r2_rgb_route_sheets_20260708/route_sheets/AccidentTwoWays/Town12_Rep0_479_0_route0_01_09_23_26_05/page_000.jpg,AutoMoT/keyframe_filter/collection_output/r2_rgb_route_sheets_20260708/route_sheets/AccidentTwoWays/Town12_Rep0_479_0_route0_01_09_23_26_05,"{""R2"": 129, ""R5"": 21}","{""R-E1"": 38, ""R-E2"": 21, ""R-E5"": 21, ""U-E2"": 70}"
AccidentTwoWays,Town12_Rep0_route_002894_route0_01_08_14_49_28,92,success,92,True,79,0.858696,92,1.0,False,written,AutoMoT/keyframe_filter/collection_output/r2_rgb_route_sheets_20260708/route_sheets/AccidentTwoWays/Town12_Rep0_route_002894_route0_01_08_14_49_28/page_000.jpg,AutoMoT/keyframe_filter/collection_output/r2_rgb_route_sheets_20260708/route_sheets/AccidentTwoWays/Town12_Rep0_route_002894_route0_01_08_14_49_28,"{""R2"": 79, ""R4"": 13}","{""R-E1"": 8, ""R-E2"": 29, ""U-E2"": 55}"
AccidentTwoWays,Town12_Rep0_route_001422_route0_01_10_20_16_16,147,success,147,True,126,0.857143,147,1.0,False,written,AutoMoT/keyframe_filter/collection_output/r2_rgb_route_sheets_20260708/route_sheets/AccidentTwoWays/Town12_Rep0_route_001422_route0_01_10_20_16_16/page_000.jpg,AutoMoT/keyframe_filter/collection_output/r2_rgb_route_sheets_20260708/route_sheets/AccidentTwoWays/Town12_Rep0_route_001422_route0_01_10_20_16_16,"{""R2"": 126, ""R4"": 21}","{""R-E1"": 36, ""R-E2"": 25, ""R-E4"": 21, ""U-E2"": 65}"
AccidentTwoWays,Town12_Rep0_route_002904_route0_01_10_12_20_07,90,success,90,True,77,0.855556,90,1.0,False,written,AutoMoT/keyframe_filter/collection_output/r2_rgb_route_sheets_20260708/route_sheets/AccidentTwoWays/Town12_Rep0_route_002904_route0_01_10_12_20_07/page_000.jpg,AutoMoT/keyframe_filter/collection_output/r2_rgb_route_sheets_20260708/route_sheets/AccidentTwoWays/Town12_Rep0_route_002904_route0_01_10_12_20_07,"{""R2"": 77, ""R4"": 13}","{""R-E1"": 8, ""R-E2"": 27, ""U-E2"": 55}"
AccidentTwoWays,Town12_Rep0_route_001412_route0_01_11_13_17_32,128,success,128,True,109,0.851562,128,1.0,False,written,AutoMoT/keyframe_filter/collection_output/r2_rgb_route_sheets_20260708/route_sheets/AccidentTwoWays/Town12_Rep0_route_001412_route0_01_11_13_17_32/page_000.jpg,AutoMoT/keyframe_filter/collection_output/r2_rgb_route_sheets_20260708/route_sheets/AccidentTwoWays/Town12_Rep0_route_001412_route0_01_11_13_17_32,"{""R2"": 109, ""R4"": 19}","{""R-E2"": 57, ""R-E4"": 19, ""U-E2"": 52}"
AccidentTwoWays,Town13_Rep0_route_001529_route0_01_08_05_01_49,215,success,215,True,183,0.851163,215,1.0,False,written,AutoMoT/keyframe_filter/collection_output/r2_rgb_route_sheets_20260708/route_sheets/AccidentTwoWays/Town13_Rep0_route_001529_route0_01_08_05_01_49/page_000.jpg,AutoMoT/keyframe_filter/collection_output/r2_rgb_route_sheets_20260708/route_sheets/AccidentTwoWays/Town13_Rep0_route_001529_route0_01_08_05_01_49,"{""R2"": 183, ""R4"": 32}","{""R-E1"": 83, ""R-E2"": 31, ""R-E4"": 32, ""U-E2"": 69}"
AccidentTwoWays,Town13_Rep0_route_001512_route0_01_08_12_55_40,147,success,147,True,125,0.85034,147,1.0,False,written,AutoMoT/keyframe_filter/collection_output/r2_rgb_route_sheets_20260708/route_sheets/AccidentTwoWays/Town13_Rep0_route_001512_route0_01_08_12_55_40/page_000.jpg,AutoMoT/keyframe_filter/collection_output/r2_rgb_route_sheets_20260708/route_sheets/AccidentTwoWays/Town13_Rep0_route_001512_route0_01_08_12_55_40,"{""R2"": 125, ""R4"": 22}","{""R-E1"": 23, ""R-E2"": 23, ""R-E4"": 22, ""U-E2"": 79}"
AccidentTwoWays,Town13_Rep0_route_001531_route0_01_08_06_31_13,202,success,202,True,171,0.846535,202,1.0,False,written,AutoMoT/keyframe_filter/collection_output/r2_rgb_route_sheets_20260708/route_sheets/AccidentTwoWays/Town13_Rep0_route_001531_route0_01_08_06_31_13/page_000.jpg,AutoMoT/keyframe_filter/collection_output/r2_rgb_route_sheets_20260708/route_sheets/AccidentTwoWays/Town13_Rep0_route_001531_route0_01_08_06_31_13,"{""R2"": 171, ""R4"": 31}","{""R-E1"": 67, ""R-E2"": 24, ""R-E4"": 31, ""U-E2"": 80}"
AccidentTwoWays,Town12_Rep0_route_001428_route0_01_10_13_16_00,156,success,156,True,132,0.846154,156,1.0,False,written,AutoMoT/keyframe_filter/collection_output/r2_rgb_route_sheets_20260708/route_sheets/AccidentTwoWays/Town12_Rep0_route_001428_route0_01_10_13_16_00/page_000.jpg,AutoMoT/keyframe_filter/collection_output/r2_rgb_route_sheets_20260708/route_sheets/AccidentTwoWays/Town12_Rep0_route_001428_route0_01_10_13_16_00,"{""R2"": 132, ""R4"": 24}","{""R-E1"": 40, ""R-E2"": 24, ""R-E4"": 24, ""U-E2"": 68}"
AccidentTwoWays,Town15_Rep0_route_001484_route0_01_11_03_21_40,65,success,65,True,55,0.846154,65,1.0,False,written,AutoMoT/keyframe_filter/collection_output/r2_rgb_route_sheets_20260708/route_sheets/AccidentTwoWays/Town15_Rep0_route_001484_route0_01_11_03_21_40/page_000.jpg,AutoMoT/keyframe_filter/collection_output/r2_rgb_route_sheets_20260708/route_sheets/AccidentTwoWays/Town15_Rep0_route_001484_route0_01_11_03_21_40,"{""R2"": 55, ""R4"": 10}","{""R-E1"": 19, ""R-E2"": 25, ""R-E4"": 10, ""U-E2"": 11}"
AccidentTwoWays,Town12_Rep0_route_001430_route0_01_08_16_12_45,192,success,192,True,162,0.84375,192,1.0,False,written,AutoMoT/keyframe_filter/collection_output/r2_rgb_route_sheets_20260708/route_sheets/AccidentTwoWays/Town12_Rep0_route_001430_route0_01_08_16_12_45/page_000.jpg,AutoMoT/keyframe_filter/collection_output/r2_rgb_route_sheets_20260708/route_sheets/AccidentTwoWays/Town12_Rep0_route_001430_route0_01_08_16_12_45,"{""R2"": 162, ""R4"": 30}","{""R-E1"": 36, ""R-E2"": 88, ""R-E4"": 30, ""U-E2"": 38}"
AccidentTwoWays,Town15_Rep0_route_001394_route0_01_10_17_31_09,64,success,64,True,54,0.84375,64,1.0,False,written,AutoMoT/keyframe_filter/collection_output/r2_rgb_route_sheets_20260708/route_sheets/AccidentTwoWays/Town15_Rep0_route_001394_route0_01_10_17_31_09/page_000.jpg,AutoMoT/keyframe_filter/collection_output/r2_rgb_route_sheets_20260708/route_sheets/AccidentTwoWays/Town15_Rep0_route_001394_route0_01_10_17_31_09,"{""R2"": 54, ""R4"": 10}","{""R-E1"": 23, ""R-E2"": 22, ""R-E4"": 10, ""U-E2"": 9}"
AccidentTwoWays,Town15_Rep0_route_001606_route0_01_08_16_14_10,64,success,64,True,54,0.84375,64,1.0,False,written,AutoMoT/keyframe_filter/collection_output/r2_rgb_route_sheets_20260708/route_sheets/AccidentTwoWays/Town15_Rep0_route_001606_route0_01_08_16_14_10/page_000.jpg,AutoMoT/keyframe_filter/collection_output/r2_rgb_route_sheets_20260708/route_sheets/AccidentTwoWays/Town15_Rep0_route_001606_route0_01_08_16_14_10,"{""R2"": 54, ""R4"": 10}","{""R-E1"": 15, ""R-E2"": 30, ""R-E4"": 10, ""U-E2"": 9}"
AccidentTwoWays,Town07_Rep0_route_001440_route0_01_11_01_57_13,108,success,108,True,91,0.842593,97,0.8981,False,written,AutoMoT/keyframe_filter/collection_output/r2_rgb_route_sheets_20260708/route_sheets/AccidentTwoWays/Town07_Rep0_route_001440_route0_01_11_01_57_13/page_000.jpg,AutoMoT/keyframe_filter/collection_output/r2_rgb_route_sheets_20260708/route_sheets/AccidentTwoWays/Town07_Rep0_route_001440_route0_01_11_01_57_13,"{""R2"": 91, ""R4"": 17}","{""R-E1"": 13, ""R-E2"": 34, ""R-E4"": 17, ""U-E2"": 44}"
AccidentTwoWays,Town12_Rep0_route_001431_route0_01_10_05_57_03,157,success,157,True,132,0.840764,157,1.0,False,written,AutoMoT/keyframe_filter/collection_output/r2_rgb_route_sheets_20260708/route_sheets/AccidentTwoWays/Town12_Rep0_route_001431_route0_01_10_05_57_03/page_000.jpg,AutoMoT/keyframe_filter/collection_output/r2_rgb_route_sheets_20260708/route_sheets/AccidentTwoWays/Town12_Rep0_route_001431_route0_01_10_05_57_03,"{""R2"": 132, ""R4"": 25}","{""R-E1"": 34, ""R-E2"": 24, ""R-E4"": 25, ""U-E2"": 74}"
AccidentTwoWays,Town12_Rep0_route_002866_route0_01_09_19_07_42,100,success,100,True,84,0.84,100,1.0,False,written,AutoMoT/keyframe_filter/collection_output/r2_rgb_route_sheets_20260708/route_sheets/AccidentTwoWays/Town12_Rep0_route_002866_route0_01_09_19_07_42/page_000.jpg,AutoMoT/keyframe_filter/collection_output/r2_rgb_route_sheets_20260708/route_sheets/AccidentTwoWays/Town12_Rep0_route_002866_route0_01_09_19_07_42,"{""R2"": 84, ""R4"": 16}","{""R-E1"": 6, ""R-E2"": 28, ""U-E2"": 66}"
AccidentTwoWays,Town15_Rep0_route_001367_route0_01_08_16_55_10,74,success,74,True,62,0.837838,74,1.0,False,written,AutoMoT/keyframe_filter/collection_output/r2_rgb_route_sheets_20260708/route_sheets/AccidentTwoWays/Town15_Rep0_route_001367_route0_01_08_16_55_10/page_000.jpg,AutoMoT/keyframe_filter/collection_output/r2_rgb_route_sheets_20260708/route_sheets/AccidentTwoWays/Town15_Rep0_route_001367_route0_01_08_16_55_10,"{""R2"": 62, ""R4"": 12}","{""R-E1"": 22, ""R-E2"": 28, ""R-E4"": 12, ""U-E2"": 12}"
AccidentTwoWays,Town12_Rep0_route_001411_route0_01_10_04_58_10,151,success,151,True,126,0.834437,151,1.0,False,written,AutoMoT/keyframe_filter/collection_output/r2_rgb_route_sheets_20260708/route_sheets/AccidentTwoWays/Town12_Rep0_route_001411_route0_01_10_04_58_10/page_000.jpg,AutoMoT/keyframe_filter/collection_output/r2_rgb_route_sheets_20260708/route_sheets/AccidentTwoWays/Town12_Rep0_route_001411_route0_01_10_04_58_10,"{""R2"": 126, ""R4"": 25}","{""R-E1"": 26, ""R-E2"": 22, ""R-E4"": 25, ""U-E2"": 78}"
AccidentTwoWays,Town12_Rep0_route_001420_route0_01_09_08_51_51,108,success,108,True,89,0.824074,108,1.0,False,written,AutoMoT/keyframe_filter/collection_output/r2_rgb_route_sheets_20260708/route_sheets/AccidentTwoWays/Town12_Rep0_route_001420_route0_01_09_08_51_51/page_000.jpg,AutoMoT/keyframe_filter/collection_output/r2_rgb_route_sheets_20260708/route_sheets/AccidentTwoWays/Town12_Rep0_route_001420_route0_01_09_08_51_51,"{""R2"": 89, ""R4"": 19}","{""R-E1"": 34, ""R-E2"": 21, ""R-E4"": 19, ""U-E2"": 34}"
AccidentTwoWays,Town12_Rep0_route_001438_route0_01_08_21_15_13,159,success,159,True,131,0.823899,159,1.0,False,written,AutoMoT/keyframe_filter/collection_output/r2_rgb_route_sheets_20260708/route_sheets/AccidentTwoWays/Town12_Rep0_route_001438_route0_01_08_21_15_13/page_000.jpg,AutoMoT/keyframe_filter/collection_output/r2_rgb_route_sheets_20260708/route_sheets/AccidentTwoWays/Town12_Rep0_route_001438_route0_01_08_21_15_13,"{""R2"": 131, ""R4"": 28}","{""R-E1"": 33, ""R-E2"": 23, ""R-E4"": 28, ""U-E2"": 75}"
AccidentTwoWays,Town13_Rep0_route_001513_route0_01_10_10_24_07,129,success,129,True,106,0.821705,129,1.0,False,written,AutoMoT/keyframe_filter/collection_output/r2_rgb_route_sheets_20260708/route_sheets/AccidentTwoWays/Town13_Rep0_route_001513_route0_01_10_10_24_07/page_000.jpg,AutoMoT/keyframe_filter/collection_output/r2_rgb_route_sheets_20260708/route_sheets/AccidentTwoWays/Town13_Rep0_route_001513_route0_01_10_10_24_07,"{""R2"": 106, ""R4"": 23}","{""R-E2"": 27, ""R-E4"": 23, ""U-E2"": 79}"
AccidentTwoWays,Town13_Rep0_route_001519_route0_01_10_14_20_38,185,success,185,True,152,0.821622,185,1.0,False,written,AutoMoT/keyframe_filter/collection_output/r2_rgb_route_sheets_20260708/route_sheets/AccidentTwoWays/Town13_Rep0_route_001519_route0_01_10_14_20_38/page_000.jpg,AutoMoT/keyframe_filter/collection_output/r2_rgb_route_sheets_20260708/route_sheets/AccidentTwoWays/Town13_Rep0_route_001519_route0_01_10_14_20_38,"{""R2"": 152, ""R4"": 33}","{""R-E1"": 49, ""R-E2"": 25, ""R-E4"": 33, ""U-E2"": 78}"
AccidentTwoWays,Town07_Rep0_route_001446_route0_01_10_06_16_32,100,success,100,True,82,0.82,83,0.83,False,written,AutoMoT/keyframe_filter/collection_output/r2_rgb_route_sheets_20260708/route_sheets/AccidentTwoWays/Town07_Rep0_route_001446_route0_01_10_06_16_32/page_000.jpg,AutoMoT/keyframe_filter/collection_output/r2_rgb_route_sheets_20260708/route_sheets/AccidentTwoWays/Town07_Rep0_route_001446_route0_01_10_06_16_32,"{""R2"": 82, ""R4"": 9, ""R5"": 9}","{""R-E1"": 1, ""R-E2"": 24, ""R-E4"": 6, ""R-E5"": 9, ""U-E2"": 60}"
AccidentTwoWays,Town15_Rep0_route_001464_route0_01_10_08_20_42,233,success,233,True,191,0.819742,209,0.897,False,written,AutoMoT/keyframe_filter/collection_output/r2_rgb_route_sheets_20260708/route_sheets/AccidentTwoWays/Town15_Rep0_route_001464_route0_01_10_08_20_42/page_000.jpg,AutoMoT/keyframe_filter/collection_output/r2_rgb_route_sheets_20260708/route_sheets/AccidentTwoWays/Town15_Rep0_route_001464_route0_01_10_08_20_42,"{""R2"": 191, ""R5"": 42}","{""R-E1"": 181, ""R-E5"": 42, ""U-E2"": 10}"
AccidentTwoWays,Town15_Rep0_route_001374_route0_01_09_23_08_55,237,success,237,True,194,0.818565,212,0.8945,False,written,AutoMoT/keyframe_filter/collection_output/r2_rgb_route_sheets_20260708/route_sheets/AccidentTwoWays/Town15_Rep0_route_001374_route0_01_09_23_08_55/page_000.jpg,AutoMoT/keyframe_filter/collection_output/r2_rgb_route_sheets_20260708/route_sheets/AccidentTwoWays/Town15_Rep0_route_001374_route0_01_09_23_08_55,"{""R2"": 194, ""R5"": 43}","{""R-E1"": 185, ""R-E5"": 43, ""U-E2"": 9}"
AccidentTwoWays,Town12_Rep0_route_001410_route0_01_09_10_55_41,148,success,148,True,121,0.817568,148,1.0,False,written,AutoMoT/keyframe_filter/collection_output/r2_rgb_route_sheets_20260708/route_sheets/AccidentTwoWays/Town12_Rep0_route_001410_route0_01_09_10_55_41/page_000.jpg,AutoMoT/keyframe_filter/collection_output/r2_rgb_route_sheets_20260708/route_sheets/AccidentTwoWays/Town12_Rep0_route_001410_route0_01_09_10_55_41,"{""R2"": 121, ""R4"": 27}","{""R-E1"": 22, ""R-E2"": 34, ""R-E4"": 27, ""U-E2"": 65}"
AccidentTwoWays,Town12_Rep0_route_002719_route0_01_09_21_36_00,153,success,153,True,125,0.816993,153,1.0,False,written,AutoMoT/keyframe_filter/collection_output/r2_rgb_route_sheets_20260708/route_sheets/AccidentTwoWays/Town12_Rep0_route_002719_route0_01_09_21_36_00/page_000.jpg,AutoMoT/keyframe_filter/collection_output/r2_rgb_route_sheets_20260708/route_sheets/AccidentTwoWays/Town12_Rep0_route_002719_route0_01_09_21_36_00,"{""R2"": 125, ""R4"": 17, ""R5"": 11}","{""R-E1"": 86, ""R-E2"": 40, ""R-E4"": 15, ""R-E5"": 3, ""U-E2"": 9}"
AccidentTwoWays,Town15_Rep0_route_001490_route0_01_10_03_40_35,234,success,234,True,191,0.816239,210,0.8974,False,written,AutoMoT/keyframe_filter/collection_output/r2_rgb_route_sheets_20260708/route_sheets/AccidentTwoWays/Town15_Rep0_route_001490_route0_01_10_03_40_35/page_000.jpg,AutoMoT/keyframe_filter/collection_output/r2_rgb_route_sheets_20260708/route_sheets/AccidentTwoWays/Town15_Rep0_route_001490_route0_01_10_03_40_35,"{""R2"": 191, ""R5"": 43}","{""R-E1"": 182, ""R-E5"": 43, ""U-E2"": 9}"
AccidentTwoWays,Town13_Rep0_route_001536_route0_01_08_16_12_51,157,success,157,True,128,0.815287,157,1.0,False,written,AutoMoT/keyframe_filter/collection_output/r2_rgb_route_sheets_20260708/route_sheets/AccidentTwoWays/Town13_Rep0_route_001536_route0_01_08_16_12_51/page_000.jpg,AutoMoT/keyframe_filter/collection_output/r2_rgb_route_sheets_20260708/route_sheets/AccidentTwoWays/Town13_Rep0_route_001536_route0_01_08_16_12_51,"{""R2"": 128, ""R4"": 29}","{""R-E1"": 47, ""R-E2"": 44, ""R-E4"": 29, ""U-E2"": 37}"
AccidentTwoWays,Town02_Rep0_route_001609_route0_01_09_00_27_17,108,success,108,True,88,0.814815,108,1.0,False,written,AutoMoT/keyframe_filter/collection_output/r2_rgb_route_sheets_20260708/route_sheets/AccidentTwoWays/Town02_Rep0_route_001609_route0_01_09_00_27_17/page_000.jpg,AutoMoT/keyframe_filter/collection_output/r2_rgb_route_sheets_20260708/route_sheets/AccidentTwoWays/Town02_Rep0_route_001609_route0_01_09_00_27_17,"{""R2"": 88, ""R4"": 20}","{""R-E1"": 53, ""R-E2"": 17, ""R-E4"": 18, ""U-E2"": 20}"
AccidentTwoWays,Town13_Rep0_route_001524_route0_01_10_21_41_32,177,success,177,True,144,0.813559,177,1.0,False,written,AutoMoT/keyframe_filter/collection_output/r2_rgb_route_sheets_20260708/route_sheets/AccidentTwoWays/Town13_Rep0_route_001524_route0_01_10_21_41_32/page_000.jpg,AutoMoT/keyframe_filter/collection_output/r2_rgb_route_sheets_20260708/route_sheets/AccidentTwoWays/Town13_Rep0_route_001524_route0_01_10_21_41_32,"{""R2"": 144, ""R4"": 33}","{""R-E1"": 58, ""R-E2"": 39, ""R-E4"": 33, ""U-E2"": 47}"
AccidentTwoWays,Town12_Rep0_route_001413_route0_01_11_06_18_52,127,success,127,True,103,0.811024,127,1.0,False,written,AutoMoT/keyframe_filter/collection_output/r2_rgb_route_sheets_20260708/route_sheets/AccidentTwoWays/Town12_Rep0_route_001413_route0_01_11_06_18_52/page_000.jpg,AutoMoT/keyframe_filter/collection_output/r2_rgb_route_sheets_20260708/route_sheets/AccidentTwoWays/Town12_Rep0_route_001413_route0_01_11_06_18_52,"{""R2"": 103, ""R4"": 24}","{""R-E2"": 28, ""R-E4"": 24, ""U-E2"": 75}"
AccidentTwoWays,Town12_Rep0_route_001408_route0_01_09_23_59_50,135,success,135,True,109,0.807407,135,1.0,False,written,AutoMoT/keyframe_filter/collection_output/r2_rgb_route_sheets_20260708/route_sheets/AccidentTwoWays/Town12_Rep0_route_001408_route0_01_09_23_59_50/page_000.jpg,AutoMoT/keyframe_filter/collection_output/r2_rgb_route_sheets_20260708/route_sheets/AccidentTwoWays/Town12_Rep0_route_001408_route0_01_09_23_59_50,"{""R2"": 109, ""R4"": 26}","{""R-E2"": 35, ""R-E4"": 26, ""U-E2"": 74}"
AccidentTwoWays,Town13_Rep0_route_003087_route0_01_09_09_49_31,166,success,166,True,134,0.807229,166,1.0,False,written,AutoMoT/keyframe_filter/collection_output/r2_rgb_route_sheets_20260708/route_sheets/AccidentTwoWays/Town13_Rep0_route_003087_route0_01_09_09_49_31/page_000.jpg,AutoMoT/keyframe_filter/collection_output/r2_rgb_route_sheets_20260708/route_sheets/AccidentTwoWays/Town13_Rep0_route_003087_route0_01_09_09_49_31,"{""R2"": 134, ""R4"": 21, ""R5"": 11}","{""R-E1"": 40, ""R-E2"": 58, ""R-E4"": 21, ""R-E5"": 11, ""U-E2"": 36}"
AccidentTwoWays,Town15_Rep0_route_001586_route0_01_09_03_12_41,209,success,209,True,167,0.799043,189,0.9043,False,written,AutoMoT/keyframe_filter/collection_output/r2_rgb_route_sheets_20260708/route_sheets/AccidentTwoWays/Town15_Rep0_route_001586_route0_01_09_03_12_41/page_000.jpg,AutoMoT/keyframe_filter/collection_output/r2_rgb_route_sheets_20260708/route_sheets/AccidentTwoWays/Town15_Rep0_route_001586_route0_01_09_03_12_41,"{""R2"": 167, ""R5"": 42}","{""R-E1"": 158, ""R-E5"": 42, ""U-E2"": 9}"
AccidentTwoWays,Town13_Rep0_route_001518_route0_01_09_08_08_25,147,success,147,True,116,0.789116,147,1.0,False,written,AutoMoT/keyframe_filter/collection_output/r2_rgb_route_sheets_20260708/route_sheets/AccidentTwoWays/Town13_Rep0_route_001518_route0_01_09_08_08_25/page_000.jpg,AutoMoT/keyframe_filter/collection_output/r2_rgb_route_sheets_20260708/route_sheets/AccidentTwoWays/Town13_Rep0_route_001518_route0_01_09_08_08_25,"{""R2"": 116, ""R4"": 31}","{""R-E2"": 42, ""R-E4"": 31, ""U-E2"": 74}"
AccidentTwoWays,Town15_Rep0_route_001347_route0_01_10_07_42_57,212,success,212,True,166,0.783019,191,0.9009,False,written,AutoMoT/keyframe_filter/collection_output/r2_rgb_route_sheets_20260708/route_sheets/AccidentTwoWays/Town15_Rep0_route_001347_route0_01_10_07_42_57/page_000.jpg,AutoMoT/keyframe_filter/collection_output/r2_rgb_route_sheets_20260708/route_sheets/AccidentTwoWays/Town15_Rep0_route_001347_route0_01_10_07_42_57,"{""R2"": 166, ""R5"": 46}","{""R-E1"": 166, ""R-E5"": 46}"
AccidentTwoWays,Town15_Rep0_route_001559_route0_01_08_08_40_27,207,success,207,True,162,0.782609,187,0.9034,False,written,AutoMoT/keyframe_filter/collection_output/r2_rgb_route_sheets_20260708/route_sheets/AccidentTwoWays/Town15_Rep0_route_001559_route0_01_08_08_40_27/page_000.jpg,AutoMoT/keyframe_filter/collection_output/r2_rgb_route_sheets_20260708/route_sheets/AccidentTwoWays/Town15_Rep0_route_001559_route0_01_08_08_40_27,"{""R2"": 162, ""R5"": 45}","{""R-E1"": 153, ""R-E5"": 45, ""U-E2"": 9}"
AccidentTwoWays,Town07_Rep0_route_001450_route0_01_08_21_10_03,133,success,133,True,104,0.781955,132,0.9925,False,written,AutoMoT/keyframe_filter/collection_output/r2_rgb_route_sheets_20260708/route_sheets/AccidentTwoWays/Town07_Rep0_route_001450_route0_01_08_21_10_03/page_000.jpg,AutoMoT/keyframe_filter/collection_output/r2_rgb_route_sheets_20260708/route_sheets/AccidentTwoWays/Town07_Rep0_route_001450_route0_01_08_21_10_03,"{""R2"": 104, ""R4"": 5, ""R5"": 24}","{""R-E1"": 104, ""R-E4"": 5, ""R-E5"": 24}"
AccidentTwoWays,Town12_Rep0_1573_0_route0_01_10_07_00_13,246,success,246,True,192,0.780488,246,1.0,False,written,AutoMoT/keyframe_filter/collection_output/r2_rgb_route_sheets_20260708/route_sheets/AccidentTwoWays/Town12_Rep0_1573_0_route0_01_10_07_00_13/page_000.jpg,AutoMoT/keyframe_filter/collection_output/r2_rgb_route_sheets_20260708/route_sheets/AccidentTwoWays/Town12_Rep0_1573_0_route0_01_10_07_00_13,"{""R2"": 192, ""R5"": 54}","{""R-E1"": 99, ""R-E2"": 27, ""R-E5"": 54, ""U-E2"": 66}"
AccidentTwoWays,Town12_Rep0_route_001424_route0_01_10_19_44_04,123,success,123,True,96,0.780488,123,1.0,False,written,AutoMoT/keyframe_filter/collection_output/r2_rgb_route_sheets_20260708/route_sheets/AccidentTwoWays/Town12_Rep0_route_001424_route0_01_10_19_44_04/page_000.jpg,AutoMoT/keyframe_filter/collection_output/r2_rgb_route_sheets_20260708/route_sheets/AccidentTwoWays/Town12_Rep0_route_001424_route0_01_10_19_44_04,"{""R2"": 96, ""R4"": 27}","{""R-E1"": 35, ""R-E2"": 25, ""R-E4"": 27, ""U-E2"": 36}"
AccidentTwoWays,Town12_Rep0_2868_0_route0_01_09_06_21_45,238,success,238,True,185,0.777311,238,1.0,False,written,AutoMoT/keyframe_filter/collection_output/r2_rgb_route_sheets_20260708/route_sheets/AccidentTwoWays/Town12_Rep0_2868_0_route0_01_09_06_21_45/page_000.jpg,AutoMoT/keyframe_filter/collection_output/r2_rgb_route_sheets_20260708/route_sheets/AccidentTwoWays/Town12_Rep0_2868_0_route0_01_09_06_21_45,"{""R2"": 185, ""R5"": 53}","{""R-E1"": 94, ""R-E2"": 25, ""R-E5"": 53, ""U-E2"": 66}"
AccidentTwoWays,Town13_Rep0_route_003077_route0_01_10_04_21_37,147,success,147,True,111,0.755102,144,0.9796,False,written,AutoMoT/keyframe_filter/collection_output/r2_rgb_route_sheets_20260708/route_sheets/AccidentTwoWays/Town13_Rep0_route_003077_route0_01_10_04_21_37/page_000.jpg,AutoMoT/keyframe_filter/collection_output/r2_rgb_route_sheets_20260708/route_sheets/AccidentTwoWays/Town13_Rep0_route_003077_route0_01_10_04_21_37,"{""R2"": 111, ""R4"": 25, ""R5"": 11}","{""R-E1"": 38, ""R-E2"": 14, ""R-E4"": 20, ""R-E5"": 11, ""U-E2"": 64}"
AccidentTwoWays,Town13_Rep0_route_003080_route0_01_08_14_21_28,146,success,146,True,110,0.753425,143,0.9795,False,written,AutoMoT/keyframe_filter/collection_output/r2_rgb_route_sheets_20260708/route_sheets/AccidentTwoWays/Town13_Rep0_route_003080_route0_01_08_14_21_28/page_000.jpg,AutoMoT/keyframe_filter/collection_output/r2_rgb_route_sheets_20260708/route_sheets/AccidentTwoWays/Town13_Rep0_route_003080_route0_01_08_14_21_28,"{""R2"": 110, ""R4"": 25, ""R5"": 11}","{""R-E1"": 37, ""R-E2"": 13, ""R-E4"": 20, ""R-E5"": 11, ""U-E2"": 65}"
AccidentTwoWays,Town12_Rep0_1809_0_route0_01_08_05_56_13,272,success,272,True,204,0.75,272,1.0,False,written,AutoMoT/keyframe_filter/collection_output/r2_rgb_route_sheets_20260708/route_sheets/AccidentTwoWays/Town12_Rep0_1809_0_route0_01_08_05_56_13/page_000.jpg,AutoMoT/keyframe_filter/collection_output/r2_rgb_route_sheets_20260708/route_sheets/AccidentTwoWays/Town12_Rep0_1809_0_route0_01_08_05_56_13,"{""R2"": 204, ""R5"": 68}","{""R-E1"": 83, ""R-E2"": 34, ""R-E5"": 68, ""U-E2"": 87}"
AccidentTwoWays,Town12_Rep0_route_002889_route0_01_08_09_18_32,112,success,112,True,84,0.75,112,1.0,False,written,AutoMoT/keyframe_filter/collection_output/r2_rgb_route_sheets_20260708/route_sheets/AccidentTwoWays/Town12_Rep0_route_002889_route0_01_08_09_18_32/page_000.jpg,AutoMoT/keyframe_filter/collection_output/r2_rgb_route_sheets_20260708/route_sheets/AccidentTwoWays/Town12_Rep0_route_002889_route0_01_08_09_18_32,"{""R2"": 84, ""R4"": 19, ""R5"": 9}","{""R-E1"": 14, ""R-E2"": 30, ""R-E4"": 2, ""R-E5"": 9, ""U-E2"": 57}"
AccidentTwoWays,Town12_Rep0_route_002869_route0_01_09_06_44_26,130,success,130,True,97,0.746154,130,1.0,False,written,AutoMoT/keyframe_filter/collection_output/r2_rgb_route_sheets_20260708/route_sheets/AccidentTwoWays/Town12_Rep0_route_002869_route0_01_09_06_44_26/page_000.jpg,AutoMoT/keyframe_filter/collection_output/r2_rgb_route_sheets_20260708/route_sheets/AccidentTwoWays/Town12_Rep0_route_002869_route0_01_09_06_44_26,"{""R2"": 97, ""R4"": 33}","{""R-E1"": 12, ""R-E2"": 79, ""R-E4"": 8, ""U-E2"": 31}"
AccidentTwoWays,Town01_Rep0_route_001545_route0_01_09_09_27_39,207,success,207,True,152,0.7343,207,1.0,False,written,AutoMoT/keyframe_filter/collection_output/r2_rgb_route_sheets_20260708/route_sheets/AccidentTwoWays/Town01_Rep0_route_001545_route0_01_09_09_27_39/page_000.jpg,AutoMoT/keyframe_filter/collection_output/r2_rgb_route_sheets_20260708/route_sheets/AccidentTwoWays/Town01_Rep0_route_001545_route0_01_09_09_27_39,"{""R2"": 152, ""R4"": 55}","{""R-E1"": 68, ""R-E2"": 24, ""R-E4"": 42, ""U-E2"": 73}"
AccidentTwoWays,Town13_Rep0_route_001540_route0_01_10_05_32_47,131,success,131,True,96,0.732824,131,1.0,False,written,AutoMoT/keyframe_filter/collection_output/r2_rgb_route_sheets_20260708/route_sheets/AccidentTwoWays/Town13_Rep0_route_001540_route0_01_10_05_32_47/page_000.jpg,AutoMoT/keyframe_filter/collection_output/r2_rgb_route_sheets_20260708/route_sheets/AccidentTwoWays/Town13_Rep0_route_001540_route0_01_10_05_32_47,"{""R2"": 96, ""R4"": 35}","{""R-E1"": 92, ""R-E4"": 35, ""U-E2"": 4}"
AccidentTwoWays,Town13_Rep0_1599_1_route0_01_09_05_22_00,132,success,132,True,96,0.727273,132,1.0,False,written,AutoMoT/keyframe_filter/collection_output/r2_rgb_route_sheets_20260708/route_sheets/AccidentTwoWays/Town13_Rep0_1599_1_route0_01_09_05_22_00/page_000.jpg,AutoMoT/keyframe_filter/collection_output/r2_rgb_route_sheets_20260708/route_sheets/AccidentTwoWays/Town13_Rep0_1599_1_route0_01_09_05_22_00,"{""R2"": 96, ""R4"": 20, ""R5"": 16}","{""R-E1"": 17, ""R-E2"": 30, ""R-E4"": 20, ""R-E5"": 16, ""U-E2"": 49}"
AccidentTwoWays,Town13_Rep0_1174_0_route0_01_09_00_57_20,189,success,189,True,136,0.719577,189,1.0,False,written,AutoMoT/keyframe_filter/collection_output/r2_rgb_route_sheets_20260708/route_sheets/AccidentTwoWays/Town13_Rep0_1174_0_route0_01_09_00_57_20/page_000.jpg,AutoMoT/keyframe_filter/collection_output/r2_rgb_route_sheets_20260708/route_sheets/AccidentTwoWays/Town13_Rep0_1174_0_route0_01_09_00_57_20,"{""R2"": 136, ""R5"": 53}","{""R-E1"": 44, ""R-E2"": 22, ""R-E5"": 53, ""U-E2"": 70}"
AccidentTwoWays,Town13_Rep0_1174_1_route0_01_08_07_39_27,192,success,192,True,138,0.71875,192,1.0,False,written,AutoMoT/keyframe_filter/collection_output/r2_rgb_route_sheets_20260708/route_sheets/AccidentTwoWays/Town13_Rep0_1174_1_route0_01_08_07_39_27/page_000.jpg,AutoMoT/keyframe_filter/collection_output/r2_rgb_route_sheets_20260708/route_sheets/AccidentTwoWays/Town13_Rep0_1174_1_route0_01_08_07_39_27,"{""R2"": 138, ""R5"": 54}","{""R-E1"": 45, ""R-E2"": 26, ""R-E5"": 54, ""U-E2"": 67}"
AccidentTwoWays,Town12_Rep0_route_001425_route0_01_11_02_20_37,184,success,184,True,132,0.717391,184,1.0,False,written,AutoMoT/keyframe_filter/collection_output/r2_rgb_route_sheets_20260708/route_sheets/AccidentTwoWays/Town12_Rep0_route_001425_route0_01_11_02_20_37/page_000.jpg,AutoMoT/keyframe_filter/collection_output/r2_rgb_route_sheets_20260708/route_sheets/AccidentTwoWays/Town12_Rep0_route_001425_route0_01_11_02_20_37,"{""R2"": 132, ""R4"": 52}","{""R-E1"": 44, ""R-E2"": 22, ""R-E4"": 52, ""U-E2"": 66}"
AccidentTwoWays,Town13_Rep0_route_001515_route0_01_09_13_11_13,98,success,98,True,70,0.714286,98,1.0,False,written,AutoMoT/keyframe_filter/collection_output/r2_rgb_route_sheets_20260708/route_sheets/AccidentTwoWays/Town13_Rep0_route_001515_route0_01_09_13_11_13/page_000.jpg,AutoMoT/keyframe_filter/collection_output/r2_rgb_route_sheets_20260708/route_sheets/AccidentTwoWays/Town13_Rep0_route_001515_route0_01_09_13_11_13,"{""R2"": 70, ""R4"": 28}","{""R-E1"": 60, ""R-E2"": 10, ""R-E4"": 28}"
AccidentTwoWays,Town13_Rep0_1599_0_route0_01_08_04_48_21,128,success,128,True,91,0.710938,128,1.0,False,written,AutoMoT/keyframe_filter/collection_output/r2_rgb_route_sheets_20260708/route_sheets/AccidentTwoWays/Town13_Rep0_1599_0_route0_01_08_04_48_21/page_000.jpg,AutoMoT/keyframe_filter/collection_output/r2_rgb_route_sheets_20260708/route_sheets/AccidentTwoWays/Town13_Rep0_1599_0_route0_01_08_04_48_21,"{""R2"": 91, ""R4"": 21, ""R5"": 16}","{""R-E1"": 14, ""R-E2"": 29, ""R-E4"": 21, ""R-E5"": 16, ""U-E2"": 48}"
AccidentTwoWays,Town02_Rep0_route_001607_route0_01_09_20_17_48,110,success,110,True,78,0.709091,110,1.0,False,written,AutoMoT/keyframe_filter/collection_output/r2_rgb_route_sheets_20260708/route_sheets/AccidentTwoWays/Town02_Rep0_route_001607_route0_01_09_20_17_48/page_000.jpg,AutoMoT/keyframe_filter/collection_output/r2_rgb_route_sheets_20260708/route_sheets/AccidentTwoWays/Town02_Rep0_route_001607_route0_01_09_20_17_48,"{""R2"": 78, ""R4"": 32}","{""R-E1"": 37, ""R-E2"": 27, ""R-E4"": 32, ""U-E2"": 14}"
AccidentTwoWays,Town13_Rep0_1491_0_route0_01_09_08_19_09,206,success,206,True,145,0.703883,206,1.0,False,written,AutoMoT/keyframe_filter/collection_output/r2_rgb_route_sheets_20260708/route_sheets/AccidentTwoWays/Town13_Rep0_1491_0_route0_01_09_08_19_09/page_000.jpg,AutoMoT/keyframe_filter/collection_output/r2_rgb_route_sheets_20260708/route_sheets/AccidentTwoWays/Town13_Rep0_1491_0_route0_01_09_08_19_09,"{""R2"": 145, ""R5"": 61}","{""R-E1"": 51, ""R-E2"": 26, ""R-E5"": 61, ""U-E2"": 68}"
AccidentTwoWays,Town13_Rep0_1153_0_route0_01_10_10_03_19,191,success,191,True,131,0.685864,191,1.0,False,written,AutoMoT/keyframe_filter/collection_output/r2_rgb_route_sheets_20260708/route_sheets/AccidentTwoWays/Town13_Rep0_1153_0_route0_01_10_10_03_19/page_000.jpg,AutoMoT/keyframe_filter/collection_output/r2_rgb_route_sheets_20260708/route_sheets/AccidentTwoWays/Town13_Rep0_1153_0_route0_01_10_10_03_19,"{""R2"": 131, ""R5"": 60}","{""R-E1"": 38, ""R-E2"": 22, ""R-E5"": 60, ""U-E2"": 71}"
AccidentTwoWays,Town13_Rep0_1574_0_route0_01_10_22_50_20,206,success,206,True,141,0.684466,206,1.0,False,written,AutoMoT/keyframe_filter/collection_output/r2_rgb_route_sheets_20260708/route_sheets/AccidentTwoWays/Town13_Rep0_1574_0_route0_01_10_22_50_20/page_000.jpg,AutoMoT/keyframe_filter/collection_output/r2_rgb_route_sheets_20260708/route_sheets/AccidentTwoWays/Town13_Rep0_1574_0_route0_01_10_22_50_20,"{""R2"": 141, ""R5"": 65}","{""R-E1"": 40, ""R-E2"": 29, ""R-E5"": 65, ""U-E2"": 72}"
AccidentTwoWays,Town02_Rep0_route_001608_route0_01_07_21_43_19,133,success,133,True,91,0.684211,133,1.0,False,written,AutoMoT/keyframe_filter/collection_output/r2_rgb_route_sheets_20260708/route_sheets/AccidentTwoWays/Town02_Rep0_route_001608_route0_01_07_21_43_19/page_000.jpg,AutoMoT/keyframe_filter/collection_output/r2_rgb_route_sheets_20260708/route_sheets/AccidentTwoWays/Town02_Rep0_route_001608_route0_01_07_21_43_19,"{""R2"": 91, ""R4"": 42}","{""R-E1"": 38, ""R-E2"": 27, ""R-E4"": 32, ""U-E2"": 36}"
AccidentTwoWays,Town13_Rep0_route_001533_route0_01_10_07_08_02,250,success,250,True,171,0.684,213,0.852,False,written,AutoMoT/keyframe_filter/collection_output/r2_rgb_route_sheets_20260708/route_sheets/AccidentTwoWays/Town13_Rep0_route_001533_route0_01_10_07_08_02/page_000.jpg,AutoMoT/keyframe_filter/collection_output/r2_rgb_route_sheets_20260708/route_sheets/AccidentTwoWays/Town13_Rep0_route_001533_route0_01_10_07_08_02,"{""R2"": 171, ""R4"": 79}","{""R-E1"": 74, ""R-E2"": 31, ""R-E4"": 79, ""U-E2"": 66}"
AccidentTwoWays,Town13_Rep0_route_003081_route0_01_08_23_19_03,98,success,98,True,67,0.683673,98,1.0,False,written,AutoMoT/keyframe_filter/collection_output/r2_rgb_route_sheets_20260708/route_sheets/AccidentTwoWays/Town13_Rep0_route_003081_route0_01_08_23_19_03/page_000.jpg,AutoMoT/keyframe_filter/collection_output/r2_rgb_route_sheets_20260708/route_sheets/AccidentTwoWays/Town13_Rep0_route_003081_route0_01_08_23_19_03,"{""R2"": 67, ""R5"": 31}","{""R-E1"": 21, ""R-E2"": 13, ""R-E5"": 31, ""U-E2"": 33}"
AccidentTwoWays,Town13_Rep0_1421_0_route0_01_09_20_15_12,186,success,186,True,125,0.672043,186,1.0,False,written,AutoMoT/keyframe_filter/collection_output/r2_rgb_route_sheets_20260708/route_sheets/AccidentTwoWays/Town13_Rep0_1421_0_route0_01_09_20_15_12/page_000.jpg,AutoMoT/keyframe_filter/collection_output/r2_rgb_route_sheets_20260708/route_sheets/AccidentTwoWays/Town13_Rep0_1421_0_route0_01_09_20_15_12,"{""R2"": 125, ""R4"": 8, ""R5"": 53}","{""R-E1"": 31, ""R-E2"": 24, ""R-E4"": 8, ""R-E5"": 53, ""U-E2"": 70}"
AccidentTwoWays,Town13_Rep0_1574_1_route0_01_09_06_22_59,198,success,198,True,133,0.671717,198,1.0,False,written,AutoMoT/keyframe_filter/collection_output/r2_rgb_route_sheets_20260708/route_sheets/AccidentTwoWays/Town13_Rep0_1574_1_route0_01_09_06_22_59/page_000.jpg,AutoMoT/keyframe_filter/collection_output/r2_rgb_route_sheets_20260708/route_sheets/AccidentTwoWays/Town13_Rep0_1574_1_route0_01_09_06_22_59,"{""R2"": 133, ""R5"": 65}","{""R-E1"": 41, ""R-E2"": 21, ""R-E5"": 65, ""U-E2"": 71}"
AccidentTwoWays,Town13_Rep0_route_003101_route0_01_11_15_37_37,94,success,94,True,63,0.670213,94,1.0,False,written,AutoMoT/keyframe_filter/collection_output/r2_rgb_route_sheets_20260708/route_sheets/AccidentTwoWays/Town13_Rep0_route_003101_route0_01_11_15_37_37/page_000.jpg,AutoMoT/keyframe_filter/collection_output/r2_rgb_route_sheets_20260708/route_sheets/AccidentTwoWays/Town13_Rep0_route_003101_route0_01_11_15_37_37,"{""R2"": 63, ""R4"": 22, ""R5"": 9}","{""R-E1"": 30, ""R-E2"": 13, ""R-E4"": 22, ""R-E5"": 9, ""U-E2"": 20}"
AccidentTwoWays,Town12_Rep0_route_002874_route0_01_10_00_07_29,75,success,75,True,50,0.666667,75,1.0,False,written,AutoMoT/keyframe_filter/collection_output/r2_rgb_route_sheets_20260708/route_sheets/AccidentTwoWays/Town12_Rep0_route_002874_route0_01_10_00_07_29/page_000.jpg,AutoMoT/keyframe_filter/collection_output/r2_rgb_route_sheets_20260708/route_sheets/AccidentTwoWays/Town12_Rep0_route_002874_route0_01_10_00_07_29,"{""R2"": 50, ""R4"": 25}","{""R-E1"": 6, ""R-E2"": 31, ""R-E4"": 13, ""U-E2"": 25}"
AccidentTwoWays,Town13_Rep0_1491_1_route0_01_09_02_31_35,210,success,210,True,140,0.666667,210,1.0,False,written,AutoMoT/keyframe_filter/collection_output/r2_rgb_route_sheets_20260708/route_sheets/AccidentTwoWays/Town13_Rep0_1491_1_route0_01_09_02_31_35/page_000.jpg,AutoMoT/keyframe_filter/collection_output/r2_rgb_route_sheets_20260708/route_sheets/AccidentTwoWays/Town13_Rep0_1491_1_route0_01_09_02_31_35,"{""R2"": 140, ""R5"": 70}","{""R-E1"": 44, ""R-E2"": 22, ""R-E5"": 70, ""U-E2"": 74}"
AccidentTwoWays,Town13_Rep0_1506_0_route0_01_09_12_04_21,165,success,165,True,110,0.666667,165,1.0,False,written,AutoMoT/keyframe_filter/collection_output/r2_rgb_route_sheets_20260708/route_sheets/AccidentTwoWays/Town13_Rep0_1506_0_route0_01_09_12_04_21/page_000.jpg,AutoMoT/keyframe_filter/collection_output/r2_rgb_route_sheets_20260708/route_sheets/AccidentTwoWays/Town13_Rep0_1506_0_route0_01_09_12_04_21,"{""R2"": 110, ""R5"": 55}","{""R-E1"": 25, ""R-E2"": 24, ""R-E5"": 55, ""U-E2"": 61}"
AccidentTwoWays,Town13_Rep0_route_003066_route0_01_08_13_57_10,96,success,96,True,64,0.666667,96,1.0,False,written,AutoMoT/keyframe_filter/collection_output/r2_rgb_route_sheets_20260708/route_sheets/AccidentTwoWays/Town13_Rep0_route_003066_route0_01_08_13_57_10/page_000.jpg,AutoMoT/keyframe_filter/collection_output/r2_rgb_route_sheets_20260708/route_sheets/AccidentTwoWays/Town13_Rep0_route_003066_route0_01_08_13_57_10,"{""R2"": 64, ""R4"": 20, ""R5"": 12}","{""R-E1"": 28, ""R-E2"": 12, ""R-E4"": 20, ""R-E5"": 12, ""U-E2"": 24}"
AccidentTwoWays,Town13_Rep0_route_003094_route0_01_08_10_55_25,96,success,96,True,64,0.666667,96,1.0,False,written,AutoMoT/keyframe_filter/collection_output/r2_rgb_route_sheets_20260708/route_sheets/AccidentTwoWays/Town13_Rep0_route_003094_route0_01_08_10_55_25/page_000.jpg,AutoMoT/keyframe_filter/collection_output/r2_rgb_route_sheets_20260708/route_sheets/AccidentTwoWays/Town13_Rep0_route_003094_route0_01_08_10_55_25,"{""R2"": 64, ""R4"": 20, ""R5"": 12}","{""R-E1"": 29, ""R-E2"": 13, ""R-E4"": 20, ""R-E5"": 12, ""U-E2"": 22}"
AccidentTwoWays,Town13_Rep0_1643_0_route0_01_10_03_28_45,230,success,230,True,153,0.665217,230,1.0,False,written,AutoMoT/keyframe_filter/collection_output/r2_rgb_route_sheets_20260708/route_sheets/AccidentTwoWays/Town13_Rep0_1643_0_route0_01_10_03_28_45/page_000.jpg,AutoMoT/keyframe_filter/collection_output/r2_rgb_route_sheets_20260708/route_sheets/AccidentTwoWays/Town13_Rep0_1643_0_route0_01_10_03_28_45,"{""R2"": 153, ""R4"": 27, ""R5"": 50}","{""R-E1"": 32, ""R-E2"": 27, ""R-E4"": 25, ""R-E5"": 50, ""U-E2"": 96}"
AccidentTwoWays,Town13_Rep0_route_003073_route0_01_10_23_09_44,95,success,95,True,63,0.663158,95,1.0,False,written,AutoMoT/keyframe_filter/collection_output/r2_rgb_route_sheets_20260708/route_sheets/AccidentTwoWays/Town13_Rep0_route_003073_route0_01_10_23_09_44/page_000.jpg,AutoMoT/keyframe_filter/collection_output/r2_rgb_route_sheets_20260708/route_sheets/AccidentTwoWays/Town13_Rep0_route_003073_route0_01_10_23_09_44,"{""R2"": 63, ""R5"": 32}","{""R-E1"": 20, ""R-E2"": 12, ""R-E5"": 32, ""U-E2"": 31}"
AccidentTwoWays,Town13_Rep0_1157_0_route0_01_10_11_07_30,227,success,227,True,150,0.660793,227,1.0,False,written,AutoMoT/keyframe_filter/collection_output/r2_rgb_route_sheets_20260708/route_sheets/AccidentTwoWays/Town13_Rep0_1157_0_route0_01_10_11_07_30/page_000.jpg,AutoMoT/keyframe_filter/collection_output/r2_rgb_route_sheets_20260708/route_sheets/AccidentTwoWays/Town13_Rep0_1157_0_route0_01_10_11_07_30,"{""R2"": 150, ""R5"": 77}","{""R-E1"": 60, ""R-E2"": 24, ""R-E5"": 77, ""U-E2"": 66}"
AccidentTwoWays,Town13_Rep0_1421_1_route0_01_10_19_07_53,187,success,187,True,123,0.657754,187,1.0,False,written,AutoMoT/keyframe_filter/collection_output/r2_rgb_route_sheets_20260708/route_sheets/AccidentTwoWays/Town13_Rep0_1421_1_route0_01_10_19_07_53/page_000.jpg,AutoMoT/keyframe_filter/collection_output/r2_rgb_route_sheets_20260708/route_sheets/AccidentTwoWays/Town13_Rep0_1421_1_route0_01_10_19_07_53,"{""R2"": 123, ""R4"": 8, ""R5"": 56}","{""R-E1"": 31, ""R-E2"": 21, ""R-E4"": 8, ""R-E5"": 56, ""U-E2"": 71}"
AccidentTwoWays,Town13_Rep0_route_003112_route0_01_08_15_17_32,93,success,93,True,61,0.655914,93,1.0,False,written,AutoMoT/keyframe_filter/collection_output/r2_rgb_route_sheets_20260708/route_sheets/AccidentTwoWays/Town13_Rep0_route_003112_route0_01_08_15_17_32/page_000.jpg,AutoMoT/keyframe_filter/collection_output/r2_rgb_route_sheets_20260708/route_sheets/AccidentTwoWays/Town13_Rep0_route_003112_route0_01_08_15_17_32,"{""R2"": 61, ""R4"": 20, ""R5"": 12}","{""R-E1"": 28, ""R-E2"": 12, ""R-E4"": 20, ""R-E5"": 12, ""U-E2"": 21}"
AccidentTwoWays,Town13_Rep0_route_001514_route0_01_11_12_13_21,86,success,86,True,56,0.651163,86,1.0,False,written,AutoMoT/keyframe_filter/collection_output/r2_rgb_route_sheets_20260708/route_sheets/AccidentTwoWays/Town13_Rep0_route_001514_route0_01_11_12_13_21/page_000.jpg,AutoMoT/keyframe_filter/collection_output/r2_rgb_route_sheets_20260708/route_sheets/AccidentTwoWays/Town13_Rep0_route_001514_route0_01_11_12_13_21,"{""R2"": 56, ""R4"": 30}","{""R-E1"": 47, ""R-E4"": 30, ""U-E2"": 9}"
AccidentTwoWays,Town13_Rep0_route_001511_route0_01_09_17_43_50,193,success,193,True,125,0.647668,193,1.0,False,written,AutoMoT/keyframe_filter/collection_output/r2_rgb_route_sheets_20260708/route_sheets/AccidentTwoWays/Town13_Rep0_route_001511_route0_01_09_17_43_50/page_000.jpg,AutoMoT/keyframe_filter/collection_output/r2_rgb_route_sheets_20260708/route_sheets/AccidentTwoWays/Town13_Rep0_route_001511_route0_01_09_17_43_50,"{""R2"": 125, ""R4"": 68}","{""R-E1"": 60, ""R-E2"": 28, ""R-E4"": 68, ""U-E2"": 37}"
AccidentTwoWays,Town12_Rep0_route_002871_route0_01_10_03_44_19,136,success,136,True,88,0.647059,136,1.0,False,written,AutoMoT/keyframe_filter/collection_output/r2_rgb_route_sheets_20260708/route_sheets/AccidentTwoWays/Town12_Rep0_route_002871_route0_01_10_03_44_19/page_000.jpg,AutoMoT/keyframe_filter/collection_output/r2_rgb_route_sheets_20260708/route_sheets/AccidentTwoWays/Town12_Rep0_route_002871_route0_01_10_03_44_19,"{""R2"": 88, ""R4"": 48}","{""R-E1"": 7, ""R-E2"": 49, ""R-E4"": 16, ""U-E2"": 64}"
AccidentTwoWays,Town13_Rep0_1157_1_route0_01_09_07_00_34,246,success,246,True,159,0.646341,246,1.0,False,written,AutoMoT/keyframe_filter/collection_output/r2_rgb_route_sheets_20260708/route_sheets/AccidentTwoWays/Town13_Rep0_1157_1_route0_01_09_07_00_34/page_000.jpg,AutoMoT/keyframe_filter/collection_output/r2_rgb_route_sheets_20260708/route_sheets/AccidentTwoWays/Town13_Rep0_1157_1_route0_01_09_07_00_34,"{""R2"": 159, ""R5"": 87}","{""R-E1"": 62, ""R-E2"": 29, ""R-E5"": 87, ""U-E2"": 68}"
AccidentTwoWays,Town15_Rep0_route_001577_route0_01_10_17_07_40,42,success,42,True,26,0.619048,42,1.0,False,written,AutoMoT/keyframe_filter/collection_output/r2_rgb_route_sheets_20260708/route_sheets/AccidentTwoWays/Town15_Rep0_route_001577_route0_01_10_17_07_40/page_000.jpg,AutoMoT/keyframe_filter/collection_output/r2_rgb_route_sheets_20260708/route_sheets/AccidentTwoWays/Town15_Rep0_route_001577_route0_01_10_17_07_40,"{""R2"": 26, ""R4"": 16}","{""R-E1"": 13, ""R-E4"": 16, ""U-E2"": 13}"
AccidentTwoWays,Town13_Rep0_1427_1_route0_01_09_10_19_25,154,success,154,True,95,0.616883,154,1.0,False,written,AutoMoT/keyframe_filter/collection_output/r2_rgb_route_sheets_20260708/route_sheets/AccidentTwoWays/Town13_Rep0_1427_1_route0_01_09_10_19_25/page_000.jpg,AutoMoT/keyframe_filter/collection_output/r2_rgb_route_sheets_20260708/route_sheets/AccidentTwoWays/Town13_Rep0_1427_1_route0_01_09_10_19_25,"{""R2"": 95, ""R5"": 59}","{""R-E1"": 15, ""R-E2"": 30, ""R-E5"": 59, ""U-E2"": 50}"
AccidentTwoWays,Town13_Rep0_1153_1_route0_01_09_11_08_38,180,success,180,True,109,0.605556,180,1.0,False,written,AutoMoT/keyframe_filter/collection_output/r2_rgb_route_sheets_20260708/route_sheets/AccidentTwoWays/Town13_Rep0_1153_1_route0_01_09_11_08_38/page_000.jpg,AutoMoT/keyframe_filter/collection_output/r2_rgb_route_sheets_20260708/route_sheets/AccidentTwoWays/Town13_Rep0_1153_1_route0_01_09_11_08_38,"{""R2"": 109, ""R5"": 71}","{""R-E1"": 40, ""R-E2"": 26, ""R-E5"": 71, ""U-E2"": 43}"
AccidentTwoWays,Town13_Rep0_route_001541_route0_01_09_06_06_52,194,success,194,True,117,0.603093,194,1.0,False,written,AutoMoT/keyframe_filter/collection_output/r2_rgb_route_sheets_20260708/route_sheets/AccidentTwoWays/Town13_Rep0_route_001541_route0_01_09_06_06_52/page_000.jpg,AutoMoT/keyframe_filter/collection_output/r2_rgb_route_sheets_20260708/route_sheets/AccidentTwoWays/Town13_Rep0_route_001541_route0_01_09_06_06_52,"{""R2"": 117, ""R4"": 77}","{""R-E1"": 109, ""R-E4"": 77, ""U-E2"": 8}"
AccidentTwoWays,Town13_Rep0_route_001523_route0_01_11_05_31_30,245,success,245,True,144,0.587755,245,1.0,False,written,AutoMoT/keyframe_filter/collection_output/r2_rgb_route_sheets_20260708/route_sheets/AccidentTwoWays/Town13_Rep0_route_001523_route0_01_11_05_31_30/page_000.jpg,AutoMoT/keyframe_filter/collection_output/r2_rgb_route_sheets_20260708/route_sheets/AccidentTwoWays/Town13_Rep0_route_001523_route0_01_11_05_31_30,"{""R2"": 144, ""R4"": 101}","{""R-E1"": 56, ""R-E2"": 43, ""R-E4"": 101, ""U-E2"": 45}"
AccidentTwoWays,Town07_Rep0_route_001459_route0_01_09_12_08_17,138,success,138,True,81,0.586957,138,1.0,False,written,AutoMoT/keyframe_filter/collection_output/r2_rgb_route_sheets_20260708/route_sheets/AccidentTwoWays/Town07_Rep0_route_001459_route0_01_09_12_08_17/page_000.jpg,AutoMoT/keyframe_filter/collection_output/r2_rgb_route_sheets_20260708/route_sheets/AccidentTwoWays/Town07_Rep0_route_001459_route0_01_09_12_08_17,"{""R2"": 81, ""R4"": 57}","{""R-E1"": 15, ""R-E2"": 30, ""R-E4"": 53, ""U-E2"": 40}"
AccidentTwoWays,Town12_Rep0_route_002892_route0_01_08_15_05_15,135,success,135,True,79,0.585185,135,1.0,False,written,AutoMoT/keyframe_filter/collection_output/r2_rgb_route_sheets_20260708/route_sheets/AccidentTwoWays/Town12_Rep0_route_002892_route0_01_08_15_05_15/page_000.jpg,AutoMoT/keyframe_filter/collection_output/r2_rgb_route_sheets_20260708/route_sheets/AccidentTwoWays/Town12_Rep0_route_002892_route0_01_08_15_05_15,"{""R2"": 79, ""R4"": 56}","{""R-E1"": 7, ""R-E2"": 63, ""R-E4"": 1, ""U-E2"": 64}"
AccidentTwoWays,Town12_Rep0_route_002895_route0_01_11_15_17_05,130,success,130,True,76,0.584615,130,1.0,False,written,AutoMoT/keyframe_filter/collection_output/r2_rgb_route_sheets_20260708/route_sheets/AccidentTwoWays/Town12_Rep0_route_002895_route0_01_11_15_17_05/page_000.jpg,AutoMoT/keyframe_filter/collection_output/r2_rgb_route_sheets_20260708/route_sheets/AccidentTwoWays/Town12_Rep0_route_002895_route0_01_11_15_17_05,"{""R2"": 76, ""R4"": 54}","{""R-E1"": 14, ""R-E2"": 62, ""U-E2"": 54}"
AccidentTwoWays,Town13_Rep0_route_003064_route0_01_09_03_00_57,195,success,195,True,114,0.584615,195,1.0,False,written,AutoMoT/keyframe_filter/collection_output/r2_rgb_route_sheets_20260708/route_sheets/AccidentTwoWays/Town13_Rep0_route_003064_route0_01_09_03_00_57/page_000.jpg,AutoMoT/keyframe_filter/collection_output/r2_rgb_route_sheets_20260708/route_sheets/AccidentTwoWays/Town13_Rep0_route_003064_route0_01_09_03_00_57,"{""R2"": 114, ""R4"": 68, ""R5"": 13}","{""R-E1"": 19, ""R-E2"": 78, ""R-E4"": 68, ""R-E5"": 13, ""U-E2"": 17}"
AccidentTwoWays,Town12_Rep0_866_0_route0_01_09_15_27_17,207,success,207,True,121,0.584541,207,1.0,False,written,AutoMoT/keyframe_filter/collection_output/r2_rgb_route_sheets_20260708/route_sheets/AccidentTwoWays/Town12_Rep0_866_0_route0_01_09_15_27_17/page_000.jpg,AutoMoT/keyframe_filter/collection_output/r2_rgb_route_sheets_20260708/route_sheets/AccidentTwoWays/Town12_Rep0_866_0_route0_01_09_15_27_17,"{""R2"": 121, ""R4"": 86}","{""R-E1"": 50, ""R-E2"": 28, ""R-E4"": 62, ""U-E2"": 67}"
AccidentTwoWays,Town12_Rep0_2058_0_route0_01_10_22_27_16,195,success,195,True,113,0.579487,195,1.0,False,written,AutoMoT/keyframe_filter/collection_output/r2_rgb_route_sheets_20260708/route_sheets/AccidentTwoWays/Town12_Rep0_2058_0_route0_01_10_22_27_16/page_000.jpg,AutoMoT/keyframe_filter/collection_output/r2_rgb_route_sheets_20260708/route_sheets/AccidentTwoWays/Town12_Rep0_2058_0_route0_01_10_22_27_16,"{""R2"": 113, ""R4"": 82}","{""R-E1"": 46, ""R-E2"": 22, ""R-E4"": 67, ""U-E2"": 60}"
AccidentTwoWays,Town12_Rep0_route_002715_route0_01_09_13_51_51,185,success,185,True,107,0.578378,185,1.0,False,written,AutoMoT/keyframe_filter/collection_output/r2_rgb_route_sheets_20260708/route_sheets/AccidentTwoWays/Town12_Rep0_route_002715_route0_01_09_13_51_51/page_000.jpg,AutoMoT/keyframe_filter/collection_output/r2_rgb_route_sheets_20260708/route_sheets/AccidentTwoWays/Town12_Rep0_route_002715_route0_01_09_13_51_51,"{""R2"": 107, ""R4"": 71, ""R5"": 7}","{""R-E1"": 20, ""R-E2"": 47, ""R-E4"": 69, ""R-E5"": 7, ""U-E2"": 42}"
AccidentTwoWays,Town13_Rep0_1779_0_route0_01_07_21_30_54,319,success,319,True,178,0.557994,319,1.0,False,written,AutoMoT/keyframe_filter/collection_output/r2_rgb_route_sheets_20260708/route_sheets/AccidentTwoWays/Town13_Rep0_1779_0_route0_01_07_21_30_54/page_000.jpg,AutoMoT/keyframe_filter/collection_output/r2_rgb_route_sheets_20260708/route_sheets/AccidentTwoWays/Town13_Rep0_1779_0_route0_01_07_21_30_54,"{""R2"": 178, ""R5"": 141}","{""R-E1"": 60, ""R-E2"": 23, ""R-E5"": 141, ""U-E2"": 95}"
AccidentTwoWays,Town12_Rep0_route_002890_route0_01_09_20_36_25,135,success,135,True,75,0.555556,135,1.0,False,written,AutoMoT/keyframe_filter/collection_output/r2_rgb_route_sheets_20260708/route_sheets/AccidentTwoWays/Town12_Rep0_route_002890_route0_01_09_20_36_25/page_000.jpg,AutoMoT/keyframe_filter/collection_output/r2_rgb_route_sheets_20260708/route_sheets/AccidentTwoWays/Town12_Rep0_route_002890_route0_01_09_20_36_25,"{""R2"": 75, ""R4"": 60}","{""R-E1"": 14, ""R-E2"": 68, ""U-E2"": 53}"
AccidentTwoWays,Town13_Rep0_50_0_route0_01_09_10_08_29,165,success,165,True,90,0.545455,165,1.0,False,written,AutoMoT/keyframe_filter/collection_output/r2_rgb_route_sheets_20260708/route_sheets/AccidentTwoWays/Town13_Rep0_50_0_route0_01_09_10_08_29/page_000.jpg,AutoMoT/keyframe_filter/collection_output/r2_rgb_route_sheets_20260708/route_sheets/AccidentTwoWays/Town13_Rep0_50_0_route0_01_09_10_08_29,"{""R2"": 90, ""R4"": 68, ""R5"": 7}","{""R-E1"": 18, ""R-E2"": 32, ""R-E4"": 68, ""R-E5"": 7, ""U-E2"": 40}"
AccidentTwoWays,Town12_Rep0_route_002882_route0_01_08_22_44_21,153,success,153,True,83,0.542484,153,1.0,False,written,AutoMoT/keyframe_filter/collection_output/r2_rgb_route_sheets_20260708/route_sheets/AccidentTwoWays/Town12_Rep0_route_002882_route0_01_08_22_44_21/page_000.jpg,AutoMoT/keyframe_filter/collection_output/r2_rgb_route_sheets_20260708/route_sheets/AccidentTwoWays/Town12_Rep0_route_002882_route0_01_08_22_44_21,"{""R2"": 83, ""R4"": 58, ""R5"": 12}","{""R-E1"": 8, ""R-E2"": 61, ""R-E4"": 28, ""R-E5"": 3, ""U-E2"": 53}"
AccidentTwoWays,Town01_Rep0_route_001552_route0_01_10_03_07_41,260,success,260,True,141,0.542308,260,1.0,False,written,AutoMoT/keyframe_filter/collection_output/r2_rgb_route_sheets_20260708/route_sheets/AccidentTwoWays/Town01_Rep0_route_001552_route0_01_10_03_07_41/page_000.jpg,AutoMoT/keyframe_filter/collection_output/r2_rgb_route_sheets_20260708/route_sheets/AccidentTwoWays/Town01_Rep0_route_001552_route0_01_10_03_07_41,"{""R2"": 141, ""R4"": 119}","{""R-E1"": 64, ""R-E2"": 22, ""R-E4"": 106, ""U-E2"": 68}"
AccidentTwoWays,Town13_Rep0_route_003105_route0_01_08_01_28_28,170,success,170,True,92,0.541176,170,1.0,False,written,AutoMoT/keyframe_filter/collection_output/r2_rgb_route_sheets_20260708/route_sheets/AccidentTwoWays/Town13_Rep0_route_003105_route0_01_08_01_28_28/page_000.jpg,AutoMoT/keyframe_filter/collection_output/r2_rgb_route_sheets_20260708/route_sheets/AccidentTwoWays/Town13_Rep0_route_003105_route0_01_08_01_28_28,"{""R2"": 92, ""R4"": 68, ""R5"": 10}","{""R-E1"": 39, ""R-E2"": 17, ""R-E4"": 68, ""R-E5"": 10, ""U-E2"": 36}"
AccidentTwoWays,Town12_Rep0_route_002865_route0_01_09_15_53_27,163,success,163,True,88,0.539877,163,1.0,False,written,AutoMoT/keyframe_filter/collection_output/r2_rgb_route_sheets_20260708/route_sheets/AccidentTwoWays/Town12_Rep0_route_002865_route0_01_09_15_53_27/page_000.jpg,AutoMoT/keyframe_filter/collection_output/r2_rgb_route_sheets_20260708/route_sheets/AccidentTwoWays/Town12_Rep0_route_002865_route0_01_09_15_53_27,"{""R2"": 88, ""R4"": 64, ""R5"": 11}","{""R-E1"": 8, ""R-E2"": 62, ""R-E4"": 32, ""R-E5"": 2, ""U-E2"": 59}"
AccidentTwoWays,Town12_Rep0_route_002887_route0_01_08_14_02_58,153,success,153,True,82,0.535948,153,1.0,False,written,AutoMoT/keyframe_filter/collection_output/r2_rgb_route_sheets_20260708/route_sheets/AccidentTwoWays/Town12_Rep0_route_002887_route0_01_08_14_02_58/page_000.jpg,AutoMoT/keyframe_filter/collection_output/r2_rgb_route_sheets_20260708/route_sheets/AccidentTwoWays/Town12_Rep0_route_002887_route0_01_08_14_02_58,"{""R2"": 82, ""R4"": 60, ""R5"": 11}","{""R-E1"": 17, ""R-E2"": 27, ""R-E4"": 53, ""R-E5"": 3, ""U-E2"": 53}"
AccidentTwoWays,Town12_Rep0_3687_0_route0_01_07_23_22_11,256,success,256,True,136,0.53125,256,1.0,False,written,AutoMoT/keyframe_filter/collection_output/r2_rgb_route_sheets_20260708/route_sheets/AccidentTwoWays/Town12_Rep0_3687_0_route0_01_07_23_22_11/page_000.jpg,AutoMoT/keyframe_filter/collection_output/r2_rgb_route_sheets_20260708/route_sheets/AccidentTwoWays/Town12_Rep0_3687_0_route0_01_07_23_22_11,"{""R2"": 136, ""R4"": 120}","{""R-E1"": 54, ""R-E2"": 27, ""R-E4"": 107, ""U-E2"": 68}"
AccidentTwoWays,Town01_Rep0_route_001549_route0_01_10_16_14_16,260,success,260,True,138,0.530769,260,1.0,False,written,AutoMoT/keyframe_filter/collection_output/r2_rgb_route_sheets_20260708/route_sheets/AccidentTwoWays/Town01_Rep0_route_001549_route0_01_10_16_14_16/page_000.jpg,AutoMoT/keyframe_filter/collection_output/r2_rgb_route_sheets_20260708/route_sheets/AccidentTwoWays/Town01_Rep0_route_001549_route0_01_10_16_14_16,"{""R2"": 138, ""R4"": 122}","{""R-E1"": 60, ""R-E2"": 21, ""R-E4"": 109, ""U-E2"": 70}"
AccidentTwoWays,Town01_Rep0_route_001543_route0_01_08_23_18_47,263,success,263,True,137,0.520913,263,1.0,False,written,AutoMoT/keyframe_filter/collection_output/r2_rgb_route_sheets_20260708/route_sheets/AccidentTwoWays/Town01_Rep0_route_001543_route0_01_08_23_18_47/page_000.jpg,AutoMoT/keyframe_filter/collection_output/r2_rgb_route_sheets_20260708/route_sheets/AccidentTwoWays/Town01_Rep0_route_001543_route0_01_08_23_18_47,"{""R2"": 137, ""R4"": 126}","{""R-E1"": 55, ""R-E2"": 52, ""R-E4"": 114, ""U-E2"": 42}"
AccidentTwoWays,Town13_Rep0_route_003111_route0_01_10_15_31_56,164,success,164,True,83,0.506098,164,1.0,False,written,AutoMoT/keyframe_filter/collection_output/r2_rgb_route_sheets_20260708/route_sheets/AccidentTwoWays/Town13_Rep0_route_003111_route0_01_10_15_31_56/page_000.jpg,AutoMoT/keyframe_filter/collection_output/r2_rgb_route_sheets_20260708/route_sheets/AccidentTwoWays/Town13_Rep0_route_003111_route0_01_10_15_31_56,"{""R2"": 83, ""R4"": 68, ""R5"": 13}","{""R-E1"": 27, ""R-E2"": 19, ""R-E4"": 68, ""R-E5"": 13, ""U-E2"": 37}"
AccidentTwoWays,Town13_Rep0_route_003088_route0_01_10_18_42_32,154,success,154,True,77,0.5,154,1.0,False,written,AutoMoT/keyframe_filter/collection_output/r2_rgb_route_sheets_20260708/route_sheets/AccidentTwoWays/Town13_Rep0_route_003088_route0_01_10_18_42_32/page_000.jpg,AutoMoT/keyframe_filter/collection_output/r2_rgb_route_sheets_20260708/route_sheets/AccidentTwoWays/Town13_Rep0_route_003088_route0_01_10_18_42_32,"{""R2"": 77, ""R4"": 67, ""R5"": 10}","{""R-E1"": 47, ""R-E2"": 13, ""R-E4"": 63, ""R-E5"": 10, ""U-E2"": 21}"
AccidentTwoWays,Town13_Rep0_route_003078_route0_01_11_07_43_02,151,success,151,True,75,0.496689,151,1.0,False,written,AutoMoT/keyframe_filter/collection_output/r2_rgb_route_sheets_20260708/route_sheets/AccidentTwoWays/Town13_Rep0_route_003078_route0_01_11_07_43_02/page_000.jpg,AutoMoT/keyframe_filter/collection_output/r2_rgb_route_sheets_20260708/route_sheets/AccidentTwoWays/Town13_Rep0_route_003078_route0_01_11_07_43_02,"{""R2"": 75, ""R4"": 68, ""R5"": 8}","{""R-E1"": 29, ""R-E2"": 14, ""R-E4"": 68, ""R-E5"": 8, ""U-E2"": 32}"
AccidentTwoWays,Town13_Rep0_route_003074_route0_01_08_15_24_43,154,success,154,True,76,0.493506,154,1.0,False,written,AutoMoT/keyframe_filter/collection_output/r2_rgb_route_sheets_20260708/route_sheets/AccidentTwoWays/Town13_Rep0_route_003074_route0_01_08_15_24_43/page_000.jpg,AutoMoT/keyframe_filter/collection_output/r2_rgb_route_sheets_20260708/route_sheets/AccidentTwoWays/Town13_Rep0_route_003074_route0_01_08_15_24_43,"{""R2"": 76, ""R4"": 67, ""R5"": 11}","{""R-E1"": 47, ""R-E2"": 13, ""R-E4"": 63, ""R-E5"": 11, ""U-E2"": 20}"
AccidentTwoWays,Town13_Rep0_route_003065_route0_01_09_00_37_49,150,success,150,True,74,0.493333,150,1.0,False,written,AutoMoT/keyframe_filter/collection_output/r2_rgb_route_sheets_20260708/route_sheets/AccidentTwoWays/Town13_Rep0_route_003065_route0_01_09_00_37_49/page_000.jpg,AutoMoT/keyframe_filter/collection_output/r2_rgb_route_sheets_20260708/route_sheets/AccidentTwoWays/Town13_Rep0_route_003065_route0_01_09_00_37_49,"{""R2"": 74, ""R4"": 68, ""R5"": 8}","{""R-E1"": 30, ""R-E2"": 14, ""R-E4"": 68, ""R-E5"": 8, ""U-E2"": 30}"
AccidentTwoWays,Town12_Rep0_26_0_route0_01_10_16_02_46,301,success,301,True,148,0.491694,301,1.0,False,written,AutoMoT/keyframe_filter/collection_output/r2_rgb_route_sheets_20260708/route_sheets/AccidentTwoWays/Town12_Rep0_26_0_route0_01_10_16_02_46/page_000.jpg,AutoMoT/keyframe_filter/collection_output/r2_rgb_route_sheets_20260708/route_sheets/AccidentTwoWays/Town12_Rep0_26_0_route0_01_10_16_02_46,"{""R2"": 148, ""R5"": 153}","{""R-E1"": 60, ""R-E2"": 23, ""R-E5"": 153, ""U-E2"": 65}"
AccidentTwoWays,Town13_Rep0_route_001532_route0_01_09_07_57_58,314,success,314,True,154,0.490446,314,1.0,False,written,AutoMoT/keyframe_filter/collection_output/r2_rgb_route_sheets_20260708/route_sheets/AccidentTwoWays/Town13_Rep0_route_001532_route0_01_09_07_57_58/page_000.jpg,AutoMoT/keyframe_filter/collection_output/r2_rgb_route_sheets_20260708/route_sheets/AccidentTwoWays/Town13_Rep0_route_001532_route0_01_09_07_57_58,"{""R2"": 154, ""R4"": 160}","{""R-E1"": 55, ""R-E2"": 31, ""R-E4"": 160, ""U-E2"": 68}"
AccidentTwoWays,Town13_Rep0_route_003096_route0_01_11_06_32_34,149,success,149,True,73,0.489933,149,1.0,False,written,AutoMoT/keyframe_filter/collection_output/r2_rgb_route_sheets_20260708/route_sheets/AccidentTwoWays/Town13_Rep0_route_003096_route0_01_11_06_32_34/page_000.jpg,AutoMoT/keyframe_filter/collection_output/r2_rgb_route_sheets_20260708/route_sheets/AccidentTwoWays/Town13_Rep0_route_003096_route0_01_11_06_32_34,"{""R2"": 73, ""R4"": 68, ""R5"": 8}","{""R-E1"": 30, ""R-E2"": 13, ""R-E4"": 68, ""R-E5"": 8, ""U-E2"": 30}"
AccidentTwoWays,Town12_Rep0_route_001553_route0_01_10_10_45_19,197,success,197,True,95,0.482234,197,1.0,False,written,AutoMoT/keyframe_filter/collection_output/r2_rgb_route_sheets_20260708/route_sheets/AccidentTwoWays/Town12_Rep0_route_001553_route0_01_10_10_45_19/page_000.jpg,AutoMoT/keyframe_filter/collection_output/r2_rgb_route_sheets_20260708/route_sheets/AccidentTwoWays/Town12_Rep0_route_001553_route0_01_10_10_45_19,"{""R2"": 95, ""R4"": 102}","{""R-E1"": 4, ""R-E2"": 122, ""U-E2"": 71}"
AccidentTwoWays,Town13_Rep0_route_001520_route0_01_09_13_37_03,250,success,250,True,120,0.48,250,1.0,False,written,AutoMoT/keyframe_filter/collection_output/r2_rgb_route_sheets_20260708/route_sheets/AccidentTwoWays/Town13_Rep0_route_001520_route0_01_09_13_37_03/page_000.jpg,AutoMoT/keyframe_filter/collection_output/r2_rgb_route_sheets_20260708/route_sheets/AccidentTwoWays/Town13_Rep0_route_001520_route0_01_09_13_37_03,"{""R2"": 120, ""R4"": 130}","{""R-E1"": 21, ""R-E2"": 32, ""R-E4"": 130, ""U-E2"": 67}"
AccidentTwoWays,Town13_Rep0_route_001525_route0_01_10_08_23_37,314,success,314,True,150,0.477707,314,1.0,False,written,AutoMoT/keyframe_filter/collection_output/r2_rgb_route_sheets_20260708/route_sheets/AccidentTwoWays/Town13_Rep0_route_001525_route0_01_10_08_23_37/page_000.jpg,AutoMoT/keyframe_filter/collection_output/r2_rgb_route_sheets_20260708/route_sheets/AccidentTwoWays/Town13_Rep0_route_001525_route0_01_10_08_23_37,"{""R2"": 150, ""R4"": 164}","{""R-E1"": 84, ""R-E2"": 33, ""R-E4"": 164, ""U-E2"": 33}"
AccidentTwoWays,Town12_Rep0_route_001417_route0_01_10_22_00_12,188,success,188,True,89,0.473404,188,1.0,False,written,AutoMoT/keyframe_filter/collection_output/r2_rgb_route_sheets_20260708/route_sheets/AccidentTwoWays/Town12_Rep0_route_001417_route0_01_10_22_00_12/page_000.jpg,AutoMoT/keyframe_filter/collection_output/r2_rgb_route_sheets_20260708/route_sheets/AccidentTwoWays/Town12_Rep0_route_001417_route0_01_10_22_00_12,"{""R2"": 89, ""R4"": 99}","{""R-E1"": 20, ""R-E2"": 35, ""R-E4"": 99, ""U-E2"": 34}"
AccidentTwoWays,Town13_Rep0_route_001534_route0_01_11_03_30_37,257,success,257,True,121,0.470817,256,0.9961,False,written,AutoMoT/keyframe_filter/collection_output/r2_rgb_route_sheets_20260708/route_sheets/AccidentTwoWays/Town13_Rep0_route_001534_route0_01_11_03_30_37/page_000.jpg,AutoMoT/keyframe_filter/collection_output/r2_rgb_route_sheets_20260708/route_sheets/AccidentTwoWays/Town13_Rep0_route_001534_route0_01_11_03_30_37,"{""R2"": 121, ""R4"": 136}","{""R-E1"": 20, ""R-E2"": 32, ""R-E4"": 136, ""U-E2"": 69}"
AccidentTwoWays,Town13_Rep0_route_003090_route0_01_10_16_59_06,153,success,153,True,72,0.470588,153,1.0,False,written,AutoMoT/keyframe_filter/collection_output/r2_rgb_route_sheets_20260708/route_sheets/AccidentTwoWays/Town13_Rep0_route_003090_route0_01_10_16_59_06/page_000.jpg,AutoMoT/keyframe_filter/collection_output/r2_rgb_route_sheets_20260708/route_sheets/AccidentTwoWays/Town13_Rep0_route_003090_route0_01_10_16_59_06,"{""R2"": 72, ""R4"": 68, ""R5"": 13}","{""R-E1"": 25, ""R-E2"": 27, ""R-E4"": 68, ""R-E5"": 13, ""U-E2"": 20}"
AccidentTwoWays,Town13_Rep0_route_003075_route0_01_09_20_26_18,149,success,149,True,69,0.463087,149,1.0,False,written,AutoMoT/keyframe_filter/collection_output/r2_rgb_route_sheets_20260708/route_sheets/AccidentTwoWays/Town13_Rep0_route_003075_route0_01_09_20_26_18/page_000.jpg,AutoMoT/keyframe_filter/collection_output/r2_rgb_route_sheets_20260708/route_sheets/AccidentTwoWays/Town13_Rep0_route_003075_route0_01_09_20_26_18,"{""R2"": 69, ""R4"": 68, ""R5"": 12}","{""R-E1"": 27, ""R-E2"": 10, ""R-E4"": 68, ""R-E5"": 12, ""U-E2"": 32}"
AccidentTwoWays,Town13_Rep0_route_003079_route0_01_10_00_10_24,139,success,139,True,64,0.460432,139,1.0,False,written,AutoMoT/keyframe_filter/collection_output/r2_rgb_route_sheets_20260708/route_sheets/AccidentTwoWays/Town13_Rep0_route_003079_route0_01_10_00_10_24/page_000.jpg,AutoMoT/keyframe_filter/collection_output/r2_rgb_route_sheets_20260708/route_sheets/AccidentTwoWays/Town13_Rep0_route_003079_route0_01_10_00_10_24,"{""R2"": 64, ""R4"": 68, ""R5"": 7}","{""R-E1"": 29, ""R-E2"": 13, ""R-E4"": 68, ""R-E5"": 7, ""U-E2"": 22}"
AccidentTwoWays,Town13_Rep0_route_003102_route0_01_09_05_36_28,138,success,138,True,63,0.456522,138,1.0,False,written,AutoMoT/keyframe_filter/collection_output/r2_rgb_route_sheets_20260708/route_sheets/AccidentTwoWays/Town13_Rep0_route_003102_route0_01_09_05_36_28/page_000.jpg,AutoMoT/keyframe_filter/collection_output/r2_rgb_route_sheets_20260708/route_sheets/AccidentTwoWays/Town13_Rep0_route_003102_route0_01_09_05_36_28,"{""R2"": 63, ""R4"": 68, ""R5"": 7}","{""R-E1"": 29, ""R-E2"": 13, ""R-E4"": 68, ""R-E5"": 7, ""U-E2"": 21}"
AccidentTwoWays,Town12_Rep0_route_001437_route0_01_08_22_48_44,306,success,306,True,137,0.447712,306,1.0,False,written,AutoMoT/keyframe_filter/collection_output/r2_rgb_route_sheets_20260708/route_sheets/AccidentTwoWays/Town12_Rep0_route_001437_route0_01_08_22_48_44/page_000.jpg,AutoMoT/keyframe_filter/collection_output/r2_rgb_route_sheets_20260708/route_sheets/AccidentTwoWays/Town12_Rep0_route_001437_route0_01_08_22_48_44,"{""R2"": 137, ""R4"": 169}","{""R-E1"": 45, ""R-E2"": 24, ""R-E4"": 169, ""U-E2"": 68}"
AccidentTwoWays,Town13_Rep0_route_003070_route0_01_08_13_09_35,141,success,141,True,63,0.446809,141,1.0,False,written,AutoMoT/keyframe_filter/collection_output/r2_rgb_route_sheets_20260708/route_sheets/AccidentTwoWays/Town13_Rep0_route_003070_route0_01_08_13_09_35/page_000.jpg,AutoMoT/keyframe_filter/collection_output/r2_rgb_route_sheets_20260708/route_sheets/AccidentTwoWays/Town13_Rep0_route_003070_route0_01_08_13_09_35,"{""R2"": 63, ""R4"": 68, ""R5"": 10}","{""R-E1"": 29, ""R-E2"": 13, ""R-E4"": 68, ""R-E5"": 10, ""U-E2"": 21}"
AccidentTwoWays,Town13_Rep0_route_003110_route0_01_08_21_24_29,143,success,143,True,63,0.440559,143,1.0,False,written,AutoMoT/keyframe_filter/collection_output/r2_rgb_route_sheets_20260708/route_sheets/AccidentTwoWays/Town13_Rep0_route_003110_route0_01_08_21_24_29/page_000.jpg,AutoMoT/keyframe_filter/collection_output/r2_rgb_route_sheets_20260708/route_sheets/AccidentTwoWays/Town13_Rep0_route_003110_route0_01_08_21_24_29,"{""R2"": 63, ""R4"": 68, ""R5"": 12}","{""R-E1"": 27, ""R-E2"": 11, ""R-E4"": 68, ""R-E5"": 12, ""U-E2"": 25}"
AccidentTwoWays,Town01_Rep0_route_001544_route0_01_10_16_18_34,264,success,264,True,114,0.431818,264,1.0,False,written,AutoMoT/keyframe_filter/collection_output/r2_rgb_route_sheets_20260708/route_sheets/AccidentTwoWays/Town01_Rep0_route_001544_route0_01_10_16_18_34/page_000.jpg,AutoMoT/keyframe_filter/collection_output/r2_rgb_route_sheets_20260708/route_sheets/AccidentTwoWays/Town01_Rep0_route_001544_route0_01_10_16_18_34,"{""R2"": 114, ""R4"": 150}","{""R-E1"": 59, ""R-E2"": 23, ""R-E4"": 146, ""U-E2"": 36}"
AccidentTwoWays,Town12_Rep0_route_002723_route0_01_09_19_09_28,167,success,167,True,72,0.431138,167,1.0,False,written,AutoMoT/keyframe_filter/collection_output/r2_rgb_route_sheets_20260708/route_sheets/AccidentTwoWays/Town12_Rep0_route_002723_route0_01_09_19_09_28/page_000.jpg,AutoMoT/keyframe_filter/collection_output/r2_rgb_route_sheets_20260708/route_sheets/AccidentTwoWays/Town12_Rep0_route_002723_route0_01_09_19_09_28,"{""R2"": 72, ""R4"": 85, ""R5"": 10}","{""R-E1"": 4, ""R-E2"": 39, ""R-E4"": 62, ""R-E5"": 10, ""U-E2"": 52}"
AccidentTwoWays,Town12_Rep0_route_002880_route0_01_08_19_56_51,196,success,196,True,84,0.428571,196,1.0,False,written,AutoMoT/keyframe_filter/collection_output/r2_rgb_route_sheets_20260708/route_sheets/AccidentTwoWays/Town12_Rep0_route_002880_route0_01_08_19_56_51/page_000.jpg,AutoMoT/keyframe_filter/collection_output/r2_rgb_route_sheets_20260708/route_sheets/AccidentTwoWays/Town12_Rep0_route_002880_route0_01_08_19_56_51,"{""R2"": 84, ""R4"": 112}","{""R-E1"": 14, ""R-E2"": 125, ""U-E2"": 57}"
AccidentTwoWays,Town12_Rep0_route_001415_route0_01_10_01_31_08,316,success,316,True,132,0.417722,316,1.0,False,written,AutoMoT/keyframe_filter/collection_output/r2_rgb_route_sheets_20260708/route_sheets/AccidentTwoWays/Town12_Rep0_route_001415_route0_01_10_01_31_08/page_000.jpg,AutoMoT/keyframe_filter/collection_output/r2_rgb_route_sheets_20260708/route_sheets/AccidentTwoWays/Town12_Rep0_route_001415_route0_01_10_01_31_08,"{""R2"": 132, ""R4"": 184}","{""R-E1"": 45, ""R-E2"": 23, ""R-E4"": 184, ""U-E2"": 64}"
AccidentTwoWays,Town12_Rep0_route_002873_route0_01_08_17_16_46,192,success,192,True,80,0.416667,192,1.0,False,written,AutoMoT/keyframe_filter/collection_output/r2_rgb_route_sheets_20260708/route_sheets/AccidentTwoWays/Town12_Rep0_route_002873_route0_01_08_17_16_46/page_000.jpg,AutoMoT/keyframe_filter/collection_output/r2_rgb_route_sheets_20260708/route_sheets/AccidentTwoWays/Town12_Rep0_route_002873_route0_01_08_17_16_46,"{""R2"": 80, ""R4"": 112}","{""R-E2"": 120, ""U-E2"": 72}"
AccidentTwoWays,Town12_Rep0_route_002908_route0_01_10_22_55_31,191,success,191,True,78,0.408377,191,1.0,False,written,AutoMoT/keyframe_filter/collection_output/r2_rgb_route_sheets_20260708/route_sheets/AccidentTwoWays/Town12_Rep0_route_002908_route0_01_10_22_55_31/page_000.jpg,AutoMoT/keyframe_filter/collection_output/r2_rgb_route_sheets_20260708/route_sheets/AccidentTwoWays/Town12_Rep0_route_002908_route0_01_10_22_55_31,"{""R2"": 78, ""R4"": 113}","{""R-E2"": 126, ""U-E2"": 65}"
AccidentTwoWays,Town12_Rep0_route_002906_route0_01_09_06_46_08,195,success,195,True,77,0.394872,195,1.0,False,written,AutoMoT/keyframe_filter/collection_output/r2_rgb_route_sheets_20260708/route_sheets/AccidentTwoWays/Town12_Rep0_route_002906_route0_01_09_06_46_08/page_000.jpg,AutoMoT/keyframe_filter/collection_output/r2_rgb_route_sheets_20260708/route_sheets/AccidentTwoWays/Town12_Rep0_route_002906_route0_01_09_06_46_08,"{""R2"": 77, ""R4"": 118}","{""R-E2"": 133, ""U-E2"": 62}"
AccidentTwoWays,Town13_Rep0_route_003083_route0_01_09_01_52_15,214,success,214,True,84,0.392523,214,1.0,False,written,AutoMoT/keyframe_filter/collection_output/r2_rgb_route_sheets_20260708/route_sheets/AccidentTwoWays/Town13_Rep0_route_003083_route0_01_09_01_52_15/page_000.jpg,AutoMoT/keyframe_filter/collection_output/r2_rgb_route_sheets_20260708/route_sheets/AccidentTwoWays/Town13_Rep0_route_003083_route0_01_09_01_52_15,"{""R2"": 84, ""R4"": 123, ""R5"": 7}","{""R-E1"": 26, ""R-E2"": 12, ""R-E4"": 123, ""R-E5"": 7, ""U-E2"": 46}"
AccidentTwoWays,Town13_Rep0_route_003106_route0_01_08_23_22_52,219,success,219,True,85,0.388128,219,1.0,False,written,AutoMoT/keyframe_filter/collection_output/r2_rgb_route_sheets_20260708/route_sheets/AccidentTwoWays/Town13_Rep0_route_003106_route0_01_08_23_22_52/page_000.jpg,AutoMoT/keyframe_filter/collection_output/r2_rgb_route_sheets_20260708/route_sheets/AccidentTwoWays/Town13_Rep0_route_003106_route0_01_08_23_22_52,"{""R2"": 85, ""R4"": 123, ""R5"": 11}","{""R-E1"": 43, ""R-E2"": 12, ""R-E4"": 123, ""R-E5"": 11, ""U-E2"": 30}"
AccidentTwoWays,Town13_Rep0_route_003108_route0_01_08_18_52_47,218,success,218,True,84,0.385321,218,1.0,False,written,AutoMoT/keyframe_filter/collection_output/r2_rgb_route_sheets_20260708/route_sheets/AccidentTwoWays/Town13_Rep0_route_003108_route0_01_08_18_52_47/page_000.jpg,AutoMoT/keyframe_filter/collection_output/r2_rgb_route_sheets_20260708/route_sheets/AccidentTwoWays/Town13_Rep0_route_003108_route0_01_08_18_52_47,"{""R2"": 84, ""R4"": 123, ""R5"": 11}","{""R-E1"": 44, ""R-E2"": 13, ""R-E4"": 123, ""R-E5"": 11, ""U-E2"": 27}"
AccidentTwoWays,Town13_Rep0_route_001535_route0_01_09_16_26_34,199,success,199,True,76,0.38191,199,1.0,False,written,AutoMoT/keyframe_filter/collection_output/r2_rgb_route_sheets_20260708/route_sheets/AccidentTwoWays/Town13_Rep0_route_001535_route0_01_09_16_26_34/page_000.jpg,AutoMoT/keyframe_filter/collection_output/r2_rgb_route_sheets_20260708/route_sheets/AccidentTwoWays/Town13_Rep0_route_001535_route0_01_09_16_26_34,"{""R2"": 76, ""R4"": 123}","{""R-E1"": 67, ""R-E4"": 123, ""U-E2"": 9}"
AccidentTwoWays,Town12_Rep0_route_001414_route0_01_08_03_11_13,313,success,313,True,119,0.380192,313,1.0,False,written,AutoMoT/keyframe_filter/collection_output/r2_rgb_route_sheets_20260708/route_sheets/AccidentTwoWays/Town12_Rep0_route_001414_route0_01_08_03_11_13/page_000.jpg,AutoMoT/keyframe_filter/collection_output/r2_rgb_route_sheets_20260708/route_sheets/AccidentTwoWays/Town12_Rep0_route_001414_route0_01_08_03_11_13,"{""R2"": 119, ""R4"": 194}","{""R-E1"": 20, ""R-E2"": 33, ""R-E4"": 194, ""U-E2"": 66}"
AccidentTwoWays,Town13_Rep0_route_003084_route0_01_09_17_50_58,222,success,222,True,81,0.364865,222,1.0,False,written,AutoMoT/keyframe_filter/collection_output/r2_rgb_route_sheets_20260708/route_sheets/AccidentTwoWays/Town13_Rep0_route_003084_route0_01_09_17_50_58/page_000.jpg,AutoMoT/keyframe_filter/collection_output/r2_rgb_route_sheets_20260708/route_sheets/AccidentTwoWays/Town13_Rep0_route_003084_route0_01_09_17_50_58,"{""R2"": 81, ""R4"": 128, ""R5"": 13}","{""R-E1"": 29, ""R-E2"": 17, ""R-E4"": 128, ""R-E5"": 13, ""U-E2"": 35}"
AccidentTwoWays,Town12_Rep0_route_001436_route0_01_09_08_53_28,248,success,248,True,90,0.362903,248,1.0,False,written,AutoMoT/keyframe_filter/collection_output/r2_rgb_route_sheets_20260708/route_sheets/AccidentTwoWays/Town12_Rep0_route_001436_route0_01_09_08_53_28/page_000.jpg,AutoMoT/keyframe_filter/collection_output/r2_rgb_route_sheets_20260708/route_sheets/AccidentTwoWays/Town12_Rep0_route_001436_route0_01_09_08_53_28,"{""R2"": 90, ""R4"": 158}","{""R-E1"": 30, ""R-E2"": 23, ""R-E4"": 158, ""U-E2"": 37}"
AccidentTwoWays,Town12_Rep0_route_002899_route0_01_08_15_57_29,191,success,191,True,69,0.361257,191,1.0,False,written,AutoMoT/keyframe_filter/collection_output/r2_rgb_route_sheets_20260708/route_sheets/AccidentTwoWays/Town12_Rep0_route_002899_route0_01_08_15_57_29/page_000.jpg,AutoMoT/keyframe_filter/collection_output/r2_rgb_route_sheets_20260708/route_sheets/AccidentTwoWays/Town12_Rep0_route_002899_route0_01_08_15_57_29,"{""R2"": 69, ""R4"": 122}","{""R-E2"": 127, ""R-E4"": 3, ""U-E2"": 61}"
AccidentTwoWays,Town12_Rep0_route_002883_route0_01_09_09_23_58,190,success,190,True,68,0.357895,190,1.0,False,written,AutoMoT/keyframe_filter/collection_output/r2_rgb_route_sheets_20260708/route_sheets/AccidentTwoWays/Town12_Rep0_route_002883_route0_01_09_09_23_58/page_000.jpg,AutoMoT/keyframe_filter/collection_output/r2_rgb_route_sheets_20260708/route_sheets/AccidentTwoWays/Town12_Rep0_route_002883_route0_01_09_09_23_58,"{""R2"": 68, ""R4"": 122}","{""R-E1"": 14, ""R-E2"": 129, ""R-E4"": 1, ""U-E2"": 46}"
AccidentTwoWays,Town12_Rep0_route_002900_route0_01_08_22_19_23,194,success,194,True,69,0.35567,194,1.0,False,written,AutoMoT/keyframe_filter/collection_output/r2_rgb_route_sheets_20260708/route_sheets/AccidentTwoWays/Town12_Rep0_route_002900_route0_01_08_22_19_23/page_000.jpg,AutoMoT/keyframe_filter/collection_output/r2_rgb_route_sheets_20260708/route_sheets/AccidentTwoWays/Town12_Rep0_route_002900_route0_01_08_22_19_23,"{""R2"": 69, ""R4"": 125}","{""R-E1"": 8, ""R-E2"": 138, ""R-E4"": 1, ""U-E2"": 47}"
AccidentTwoWays,Town12_Rep0_route_002886_route0_01_09_19_06_57,195,success,195,True,69,0.353846,195,1.0,False,written,AutoMoT/keyframe_filter/collection_output/r2_rgb_route_sheets_20260708/route_sheets/AccidentTwoWays/Town12_Rep0_route_002886_route0_01_09_19_06_57/page_000.jpg,AutoMoT/keyframe_filter/collection_output/r2_rgb_route_sheets_20260708/route_sheets/AccidentTwoWays/Town12_Rep0_route_002886_route0_01_09_19_06_57,"{""R2"": 69, ""R4"": 126}","{""R-E2"": 127, ""R-E4"": 7, ""U-E2"": 61}"
AccidentTwoWays,Town13_Rep0_route_003107_route0_01_11_06_47_26,217,success,217,True,76,0.35023,217,1.0,False,written,AutoMoT/keyframe_filter/collection_output/r2_rgb_route_sheets_20260708/route_sheets/AccidentTwoWays/Town13_Rep0_route_003107_route0_01_11_06_47_26/page_000.jpg,AutoMoT/keyframe_filter/collection_output/r2_rgb_route_sheets_20260708/route_sheets/AccidentTwoWays/Town13_Rep0_route_003107_route0_01_11_06_47_26,"{""R2"": 76, ""R4"": 128, ""R5"": 13}","{""R-E1"": 28, ""R-E2"": 15, ""R-E4"": 128, ""R-E5"": 13, ""U-E2"": 33}"
AccidentTwoWays,Town07_Rep0_route_001447_route0_01_11_03_03_23,196,success,196,True,62,0.316327,196,1.0,False,written,AutoMoT/keyframe_filter/collection_output/r2_rgb_route_sheets_20260708/route_sheets/AccidentTwoWays/Town07_Rep0_route_001447_route0_01_11_03_03_23/page_000.jpg,AutoMoT/keyframe_filter/collection_output/r2_rgb_route_sheets_20260708/route_sheets/AccidentTwoWays/Town07_Rep0_route_001447_route0_01_11_03_03_23,"{""R2"": 62, ""R4"": 134}","{""R-E1"": 62, ""R-E4"": 134}"
AccidentTwoWays,Town13_Rep0_route_001581_route0_01_08_22_29_39,245,success,245,True,77,0.314286,245,1.0,False,written,AutoMoT/keyframe_filter/collection_output/r2_rgb_route_sheets_20260708/route_sheets/AccidentTwoWays/Town13_Rep0_route_001581_route0_01_08_22_29_39/page_000.jpg,AutoMoT/keyframe_filter/collection_output/r2_rgb_route_sheets_20260708/route_sheets/AccidentTwoWays/Town13_Rep0_route_001581_route0_01_08_22_29_39,"{""R2"": 77, ""R4"": 168}","{""R-E1"": 10, ""R-E2"": 32, ""R-E4"": 154, ""U-E2"": 49}"
AccidentTwoWays,Town12_Rep0_route_002867_route0_01_08_08_03_54,252,success,252,True,79,0.313492,252,1.0,False,written,AutoMoT/keyframe_filter/collection_output/r2_rgb_route_sheets_20260708/route_sheets/AccidentTwoWays/Town12_Rep0_route_002867_route0_01_08_08_03_54/page_000.jpg,AutoMoT/keyframe_filter/collection_output/r2_rgb_route_sheets_20260708/route_sheets/AccidentTwoWays/Town12_Rep0_route_002867_route0_01_08_08_03_54,"{""R2"": 79, ""R4"": 173}","{""R-E2"": 181, ""U-E2"": 71}"
AccidentTwoWays,Town13_Rep0_route_001539_route0_01_09_23_22_51,315,success,315,True,98,0.311111,315,1.0,False,written,AutoMoT/keyframe_filter/collection_output/r2_rgb_route_sheets_20260708/route_sheets/AccidentTwoWays/Town13_Rep0_route_001539_route0_01_09_23_22_51/page_000.jpg,AutoMoT/keyframe_filter/collection_output/r2_rgb_route_sheets_20260708/route_sheets/AccidentTwoWays/Town13_Rep0_route_001539_route0_01_09_23_22_51,"{""R2"": 98, ""R4"": 217}","{""R-E1"": 88, ""R-E4"": 217, ""U-E2"": 10}"
AccidentTwoWays,Town12_Rep0_846_0_route0_01_08_17_18_08,339,success,339,True,104,0.306785,339,1.0,False,written,AutoMoT/keyframe_filter/collection_output/r2_rgb_route_sheets_20260708/route_sheets/AccidentTwoWays/Town12_Rep0_846_0_route0_01_08_17_18_08/page_000.jpg,AutoMoT/keyframe_filter/collection_output/r2_rgb_route_sheets_20260708/route_sheets/AccidentTwoWays/Town12_Rep0_846_0_route0_01_08_17_18_08,"{""R2"": 104, ""R4"": 227, ""R5"": 8}","{""R-E1"": 34, ""R-E2"": 21, ""R-E4"": 212, ""R-E5"": 8, ""U-E2"": 64}"
AccidentTwoWays,Town12_Rep0_route_002896_route0_01_09_08_10_25,255,success,255,True,78,0.305882,255,1.0,False,written,AutoMoT/keyframe_filter/collection_output/r2_rgb_route_sheets_20260708/route_sheets/AccidentTwoWays/Town12_Rep0_route_002896_route0_01_09_08_10_25/page_000.jpg,AutoMoT/keyframe_filter/collection_output/r2_rgb_route_sheets_20260708/route_sheets/AccidentTwoWays/Town12_Rep0_route_002896_route0_01_09_08_10_25,"{""R2"": 78, ""R4"": 177}","{""R-E1"": 13, ""R-E2"": 184, ""R-E4"": 1, ""U-E2"": 57}"
AccidentTwoWays,Town12_Rep0_route_002864_route0_01_10_13_52_25,256,success,256,True,78,0.304688,256,1.0,False,written,AutoMoT/keyframe_filter/collection_output/r2_rgb_route_sheets_20260708/route_sheets/AccidentTwoWays/Town12_Rep0_route_002864_route0_01_10_13_52_25/page_000.jpg,AutoMoT/keyframe_filter/collection_output/r2_rgb_route_sheets_20260708/route_sheets/AccidentTwoWays/Town12_Rep0_route_002864_route0_01_10_13_52_25,"{""R2"": 78, ""R4"": 178}","{""R-E1"": 13, ""R-E2"": 183, ""R-E4"": 3, ""U-E2"": 57}"
AccidentTwoWays,Town12_Rep0_route_002726_route0_01_08_20_35_19,226,success,226,True,67,0.29646,226,1.0,False,written,AutoMoT/keyframe_filter/collection_output/r2_rgb_route_sheets_20260708/route_sheets/AccidentTwoWays/Town12_Rep0_route_002726_route0_01_08_20_35_19/page_000.jpg,AutoMoT/keyframe_filter/collection_output/r2_rgb_route_sheets_20260708/route_sheets/AccidentTwoWays/Town12_Rep0_route_002726_route0_01_08_20_35_19,"{""R2"": 67, ""R4"": 136, ""R5"": 23}","{""R-E1"": 40, ""R-E2"": 14, ""R-E4"": 135, ""R-E5"": 23, ""U-E2"": 14}"
AccidentTwoWays,Town12_Rep0_route_002753_route0_01_11_02_11_50,227,success,227,True,67,0.295154,227,1.0,False,written,AutoMoT/keyframe_filter/collection_output/r2_rgb_route_sheets_20260708/route_sheets/AccidentTwoWays/Town12_Rep0_route_002753_route0_01_11_02_11_50/page_000.jpg,AutoMoT/keyframe_filter/collection_output/r2_rgb_route_sheets_20260708/route_sheets/AccidentTwoWays/Town12_Rep0_route_002753_route0_01_11_02_11_50,"{""R2"": 67, ""R4"": 139, ""R5"": 21}","{""R-E1"": 52, ""R-E2"": 9, ""R-E4"": 138, ""R-E5"": 20, ""U-E2"": 8}"
AccidentTwoWays,Town12_Rep0_route_002884_route0_01_11_02_49_04,255,success,255,True,75,0.294118,255,1.0,False,written,AutoMoT/keyframe_filter/collection_output/r2_rgb_route_sheets_20260708/route_sheets/AccidentTwoWays/Town12_Rep0_route_002884_route0_01_11_02_49_04/page_000.jpg,AutoMoT/keyframe_filter/collection_output/r2_rgb_route_sheets_20260708/route_sheets/AccidentTwoWays/Town12_Rep0_route_002884_route0_01_11_02_49_04,"{""R2"": 75, ""R4"": 180}","{""R-E1"": 8, ""R-E2"": 190, ""R-E4"": 2, ""U-E2"": 55}"
AccidentTwoWays,Town07_Rep0_route_001449_route0_01_10_00_31_01,77,success,77,True,22,0.285714,75,0.974,False,written,AutoMoT/keyframe_filter/collection_output/r2_rgb_route_sheets_20260708/route_sheets/AccidentTwoWays/Town07_Rep0_route_001449_route0_01_10_00_31_01/page_000.jpg,AutoMoT/keyframe_filter/collection_output/r2_rgb_route_sheets_20260708/route_sheets/AccidentTwoWays/Town07_Rep0_route_001449_route0_01_10_00_31_01,"{""R2"": 22, ""R4"": 44, ""R5"": 11}","{""R-E1"": 13, ""R-E4"": 44, ""R-E5"": 3, ""U-E2"": 17}"
AccidentTwoWays,Town12_Rep0_route_002907_route0_01_11_02_51_09,256,success,256,True,72,0.28125,256,1.0,False,written,AutoMoT/keyframe_filter/collection_output/r2_rgb_route_sheets_20260708/route_sheets/AccidentTwoWays/Town12_Rep0_route_002907_route0_01_11_02_51_09/page_000.jpg,AutoMoT/keyframe_filter/collection_output/r2_rgb_route_sheets_20260708/route_sheets/AccidentTwoWays/Town12_Rep0_route_002907_route0_01_11_02_51_09,"{""R2"": 72, ""R4"": 184}","{""R-E1"": 8, ""R-E2"": 197, ""R-E4"": 1, ""U-E2"": 50}"
AccidentTwoWays,Town12_Rep0_route_002747_route0_01_08_19_50_23,274,success,274,True,76,0.277372,274,1.0,False,written,AutoMoT/keyframe_filter/collection_output/r2_rgb_route_sheets_20260708/route_sheets/AccidentTwoWays/Town12_Rep0_route_002747_route0_01_08_19_50_23/page_000.jpg,AutoMoT/keyframe_filter/collection_output/r2_rgb_route_sheets_20260708/route_sheets/AccidentTwoWays/Town12_Rep0_route_002747_route0_01_08_19_50_23,"{""R2"": 76, ""R4"": 184, ""R5"": 14}","{""R-E1"": 3, ""R-E2"": 20, ""R-E4"": 184, ""R-E5"": 14, ""U-E2"": 53}"
AccidentTwoWays,Town12_Rep0_route_002902_route0_01_11_10_04_37,318,success,318,True,85,0.267296,318,1.0,False,written,AutoMoT/keyframe_filter/collection_output/r2_rgb_route_sheets_20260708/route_sheets/AccidentTwoWays/Town12_Rep0_route_002902_route0_01_11_10_04_37/page_000.jpg,AutoMoT/keyframe_filter/collection_output/r2_rgb_route_sheets_20260708/route_sheets/AccidentTwoWays/Town12_Rep0_route_002902_route0_01_11_10_04_37,"{""R2"": 85, ""R4"": 224, ""R5"": 9}","{""R-E1"": 15, ""R-E2"": 34, ""R-E4"": 200, ""R-E5"": 9, ""U-E2"": 60}"
AccidentTwoWays,Town12_Rep0_route_002749_route0_01_10_20_45_11,274,success,274,True,71,0.259124,274,1.0,False,written,AutoMoT/keyframe_filter/collection_output/r2_rgb_route_sheets_20260708/route_sheets/AccidentTwoWays/Town12_Rep0_route_002749_route0_01_10_20_45_11/page_000.jpg,AutoMoT/keyframe_filter/collection_output/r2_rgb_route_sheets_20260708/route_sheets/AccidentTwoWays/Town12_Rep0_route_002749_route0_01_10_20_45_11,"{""R2"": 71, ""R4"": 189, ""R5"": 14}","{""R-E1"": 2, ""R-E2"": 19, ""R-E4"": 184, ""R-E5"": 14, ""U-E2"": 55}"
AccidentTwoWays,Town12_Rep0_route_002724_route0_01_10_23_41_03,317,success,317,True,76,0.239748,317,1.0,False,written,AutoMoT/keyframe_filter/collection_output/r2_rgb_route_sheets_20260708/route_sheets/AccidentTwoWays/Town12_Rep0_route_002724_route0_01_10_23_41_03/page_000.jpg,AutoMoT/keyframe_filter/collection_output/r2_rgb_route_sheets_20260708/route_sheets/AccidentTwoWays/Town12_Rep0_route_002724_route0_01_10_23_41_03,"{""R2"": 76, ""R4"": 218, ""R5"": 23}","{""R-E1"": 66, ""R-E2"": 47, ""R-E4"": 184, ""R-E5"": 18, ""U-E2"": 2}"
AccidentTwoWays,Town12_Rep0_route_002718_route0_01_09_08_11_56,317,success,317,True,67,0.211356,317,1.0,False,written,AutoMoT/keyframe_filter/collection_output/r2_rgb_route_sheets_20260708/route_sheets/AccidentTwoWays/Town12_Rep0_route_002718_route0_01_09_08_11_56/page_000.jpg,AutoMoT/keyframe_filter/collection_output/r2_rgb_route_sheets_20260708/route_sheets/AccidentTwoWays/Town12_Rep0_route_002718_route0_01_09_08_11_56,"{""R2"": 67, ""R4"": 226, ""R5"": 24}","{""R-E1"": 57, ""R-E2"": 43, ""R-E4"": 196, ""R-E5"": 19, ""U-E2"": 2}"
AccidentTwoWays,Town12_Rep0_route_002734_route0_01_11_15_52_37,315,success,315,True,63,0.2,315,1.0,False,written,AutoMoT/keyframe_filter/collection_output/r2_rgb_route_sheets_20260708/route_sheets/AccidentTwoWays/Town12_Rep0_route_002734_route0_01_11_15_52_37/page_000.jpg,AutoMoT/keyframe_filter/collection_output/r2_rgb_route_sheets_20260708/route_sheets/AccidentTwoWays/Town12_Rep0_route_002734_route0_01_11_15_52_37,"{""R2"": 63, ""R4"": 231, ""R5"": 21}","{""R-E1"": 54, ""R-E2"": 50, ""R-E4"": 191, ""R-E5"": 18, ""U-E2"": 2}"
AccidentTwoWays,Town12_Rep0_route_002739_route0_01_09_08_50_14,227,success,227,True,22,0.096916,227,1.0,False,written,AutoMoT/keyframe_filter/collection_output/r2_rgb_route_sheets_20260708/route_sheets/AccidentTwoWays/Town12_Rep0_route_002739_route0_01_09_08_50_14/page_000.jpg,AutoMoT/keyframe_filter/collection_output/r2_rgb_route_sheets_20260708/route_sheets/AccidentTwoWays/Town12_Rep0_route_002739_route0_01_09_08_50_14,"{""R2"": 22, ""R4"": 187, ""R5"": 18}","{""R-E1"": 14, ""R-E4"": 187, ""R-E5"": 18, ""U-E2"": 8}"
AccidentTwoWays,Town12_Rep0_route_002761_route0_01_08_23_10_18,336,success,336,True,13,0.03869,336,1.0,False,written,AutoMoT/keyframe_filter/collection_output/r2_rgb_route_sheets_20260708/route_sheets/AccidentTwoWays/Town12_Rep0_route_002761_route0_01_08_23_10_18/page_000.jpg,AutoMoT/keyframe_filter/collection_output/r2_rgb_route_sheets_20260708/route_sheets/AccidentTwoWays/Town12_Rep0_route_002761_route0_01_08_23_10_18,"{""R2"": 13, ""R4"": 312, ""R5"": 11}","{""R-E1"": 9, ""R-E4"": 312, ""R-E5"": 11, ""U-E2"": 4}"
ConstructionObstacleTwoWays,Town01_Rep0_route_001280_route0_01_10_09_26_58,150,success,150,True,150,1.0,150,1.0,False,written,AutoMoT/keyframe_filter/collection_output/r2_rgb_route_sheets_20260708/route_sheets/ConstructionObstacleTwoWays/Town01_Rep0_route_001280_route0_01_10_09_26_58/page_000.jpg,AutoMoT/keyframe_filter/collection_output/r2_rgb_route_sheets_20260708/route_sheets/ConstructionObstacleTwoWays/Town01_Rep0_route_001280_route0_01_10_09_26_58,"{""R2"": 150}","{""R-E1"": 78, ""R-E2"": 17, ""U-E2"": 55}"
ConstructionObstacleTwoWays,Town07_Rep0_route_001189_route0_01_10_06_53_45,65,success,65,True,65,1.0,65,1.0,False,written,AutoMoT/keyframe_filter/collection_output/r2_rgb_route_sheets_20260708/route_sheets/ConstructionObstacleTwoWays/Town07_Rep0_route_001189_route0_01_10_06_53_45/page_000.jpg,AutoMoT/keyframe_filter/collection_output/r2_rgb_route_sheets_20260708/route_sheets/ConstructionObstacleTwoWays/Town07_Rep0_route_001189_route0_01_10_06_53_45,"{""R2"": 65}","{""R-E1"": 15, ""R-E2"": 17, ""U-E2"": 33}"
ConstructionObstacleTwoWays,Town12_Rep0_1178_0_route0_01_10_19_02_17,174,success,174,True,174,1.0,174,1.0,False,written,AutoMoT/keyframe_filter/collection_output/r2_rgb_route_sheets_20260708/route_sheets/ConstructionObstacleTwoWays/Town12_Rep0_1178_0_route0_01_10_19_02_17/page_000.jpg,AutoMoT/keyframe_filter/collection_output/r2_rgb_route_sheets_20260708/route_sheets/ConstructionObstacleTwoWays/Town12_Rep0_1178_0_route0_01_10_19_02_17,"{""R2"": 174}","{""R-E1"": 82, ""R-E2"": 16, ""U-E2"": 76}"
ConstructionObstacleTwoWays,Town12_Rep0_1240_0_route0_01_08_12_09_49,152,success,152,True,152,1.0,152,1.0,False,written,AutoMoT/keyframe_filter/collection_output/r2_rgb_route_sheets_20260708/route_sheets/ConstructionObstacleTwoWays/Town12_Rep0_1240_0_route0_01_08_12_09_49/page_000.jpg,AutoMoT/keyframe_filter/collection_output/r2_rgb_route_sheets_20260708/route_sheets/ConstructionObstacleTwoWays/Town12_Rep0_1240_0_route0_01_08_12_09_49,"{""R2"": 152}","{""R-E1"": 88, ""R-E2"": 20, ""U-E2"": 44}"
ConstructionObstacleTwoWays,Town12_Rep0_1248_0_route0_01_08_09_25_20,131,success,131,True,131,1.0,131,1.0,False,written,AutoMoT/keyframe_filter/collection_output/r2_rgb_route_sheets_20260708/route_sheets/ConstructionObstacleTwoWays/Town12_Rep0_1248_0_route0_01_08_09_25_20/page_000.jpg,AutoMoT/keyframe_filter/collection_output/r2_rgb_route_sheets_20260708/route_sheets/ConstructionObstacleTwoWays/Town12_Rep0_1248_0_route0_01_08_09_25_20,"{""R2"": 131}","{""R-E1"": 67, ""R-E2"": 19, ""U-E2"": 45}"
ConstructionObstacleTwoWays,Town12_Rep0_1323_0_route0_01_11_03_47_50,137,success,137,True,137,1.0,137,1.0,False,written,AutoMoT/keyframe_filter/collection_output/r2_rgb_route_sheets_20260708/route_sheets/ConstructionObstacleTwoWays/Town12_Rep0_1323_0_route0_01_11_03_47_50/page_000.jpg,AutoMoT/keyframe_filter/collection_output/r2_rgb_route_sheets_20260708/route_sheets/ConstructionObstacleTwoWays/Town12_Rep0_1323_0_route0_01_11_03_47_50,"{""R2"": 137}","{""R-E1"": 69, ""R-E2"": 22, ""U-E2"": 46}"
ConstructionObstacleTwoWays,Town12_Rep0_1490_0_route0_01_09_20_06_08,106,success,106,True,106,1.0,106,1.0,False,written,AutoMoT/keyframe_filter/collection_output/r2_rgb_route_sheets_20260708/route_sheets/ConstructionObstacleTwoWays/Town12_Rep0_1490_0_route0_01_09_20_06_08/page_000.jpg,AutoMoT/keyframe_filter/collection_output/r2_rgb_route_sheets_20260708/route_sheets/ConstructionObstacleTwoWays/Town12_Rep0_1490_0_route0_01_09_20_06_08,"{""R2"": 106}","{""R-E1"": 30, ""R-E2"": 15, ""U-E2"": 61}"
ConstructionObstacleTwoWays,Town12_Rep0_1945_0_route0_01_11_03_50_56,148,success,148,True,148,1.0,148,1.0,False,written,AutoMoT/keyframe_filter/collection_output/r2_rgb_route_sheets_20260708/route_sheets/ConstructionObstacleTwoWays/Town12_Rep0_1945_0_route0_01_11_03_50_56/page_000.jpg,AutoMoT/keyframe_filter/collection_output/r2_rgb_route_sheets_20260708/route_sheets/ConstructionObstacleTwoWays/Town12_Rep0_1945_0_route0_01_11_03_50_56,"{""R2"": 148}","{""R-E1"": 58, ""R-E2"": 16, ""U-E2"": 74}"
ConstructionObstacleTwoWays,Town12_Rep0_1977_0_route0_01_08_09_32_37,294,success,294,True,294,1.0,294,1.0,False,written,AutoMoT/keyframe_filter/collection_output/r2_rgb_route_sheets_20260708/route_sheets/ConstructionObstacleTwoWays/Town12_Rep0_1977_0_route0_01_08_09_32_37/page_000.jpg,AutoMoT/keyframe_filter/collection_output/r2_rgb_route_sheets_20260708/route_sheets/ConstructionObstacleTwoWays/Town12_Rep0_1977_0_route0_01_08_09_32_37,"{""R2"": 294}","{""R-E1"": 204, ""R-E2"": 17, ""U-E2"": 73}"
ConstructionObstacleTwoWays,Town12_Rep0_1977_1_route0_01_10_01_49_53,252,success,252,True,252,1.0,252,1.0,False,written,AutoMoT/keyframe_filter/collection_output/r2_rgb_route_sheets_20260708/route_sheets/ConstructionObstacleTwoWays/Town12_Rep0_1977_1_route0_01_10_01_49_53/page_000.jpg,AutoMoT/keyframe_filter/collection_output/r2_rgb_route_sheets_20260708/route_sheets/ConstructionObstacleTwoWays/Town12_Rep0_1977_1_route0_01_10_01_49_53,"{""R2"": 252}","{""R-E1"": 161, ""R-E2"": 16, ""U-E2"": 75}"
ConstructionObstacleTwoWays,Town12_Rep0_2028_0_route0_01_10_13_09_33,188,success,188,True,188,1.0,188,1.0,False,written,AutoMoT/keyframe_filter/collection_output/r2_rgb_route_sheets_20260708/route_sheets/ConstructionObstacleTwoWays/Town12_Rep0_2028_0_route0_01_10_13_09_33/page_000.jpg,AutoMoT/keyframe_filter/collection_output/r2_rgb_route_sheets_20260708/route_sheets/ConstructionObstacleTwoWays/Town12_Rep0_2028_0_route0_01_10_13_09_33,"{""R2"": 188}","{""R-E1"": 129, ""R-E2"": 15, ""U-E2"": 44}"
ConstructionObstacleTwoWays,Town12_Rep0_2034_0_route0_01_08_23_11_42,141,success,141,True,141,1.0,141,1.0,False,written,AutoMoT/keyframe_filter/collection_output/r2_rgb_route_sheets_20260708/route_sheets/ConstructionObstacleTwoWays/Town12_Rep0_2034_0_route0_01_08_23_11_42/page_000.jpg,AutoMoT/keyframe_filter/collection_output/r2_rgb_route_sheets_20260708/route_sheets/ConstructionObstacleTwoWays/Town12_Rep0_2034_0_route0_01_08_23_11_42,"{""R2"": 141}","{""R-E1"": 68, ""R-E2"": 26, ""U-E2"": 47}"
ConstructionObstacleTwoWays,Town12_Rep0_2119_0_route0_01_09_04_09_53,162,success,162,True,162,1.0,162,1.0,False,written,AutoMoT/keyframe_filter/collection_output/r2_rgb_route_sheets_20260708/route_sheets/ConstructionObstacleTwoWays/Town12_Rep0_2119_0_route0_01_09_04_09_53/page_000.jpg,AutoMoT/keyframe_filter/collection_output/r2_rgb_route_sheets_20260708/route_sheets/ConstructionObstacleTwoWays/Town12_Rep0_2119_0_route0_01_09_04_09_53,"{""R2"": 162}","{""R-E1"": 71, ""R-E2"": 16, ""U-E2"": 75}"
ConstructionObstacleTwoWays,Town12_Rep0_2259_0_route0_01_11_00_26_30,129,success,129,True,129,1.0,129,1.0,False,written,AutoMoT/keyframe_filter/collection_output/r2_rgb_route_sheets_20260708/route_sheets/ConstructionObstacleTwoWays/Town12_Rep0_2259_0_route0_01_11_00_26_30/page_000.jpg,AutoMoT/keyframe_filter/collection_output/r2_rgb_route_sheets_20260708/route_sheets/ConstructionObstacleTwoWays/Town12_Rep0_2259_0_route0_01_11_00_26_30,"{""R2"": 129}","{""R-E1"": 69, ""R-E2"": 16, ""U-E2"": 44}"
ConstructionObstacleTwoWays,Town12_Rep0_2778_0_route0_01_10_18_51_34,123,success,123,True,123,1.0,123,1.0,False,written,AutoMoT/keyframe_filter/collection_output/r2_rgb_route_sheets_20260708/route_sheets/ConstructionObstacleTwoWays/Town12_Rep0_2778_0_route0_01_10_18_51_34/page_000.jpg,AutoMoT/keyframe_filter/collection_output/r2_rgb_route_sheets_20260708/route_sheets/ConstructionObstacleTwoWays/Town12_Rep0_2778_0_route0_01_10_18_51_34,"{""R2"": 123}","{""R-E1"": 52, ""R-E2"": 26, ""U-E2"": 45}"
ConstructionObstacleTwoWays,Town12_Rep0_3460_0_route0_01_09_15_03_16,155,success,155,True,155,1.0,155,1.0,False,written,AutoMoT/keyframe_filter/collection_output/r2_rgb_route_sheets_20260708/route_sheets/ConstructionObstacleTwoWays/Town12_Rep0_3460_0_route0_01_09_15_03_16/page_000.jpg,AutoMoT/keyframe_filter/collection_output/r2_rgb_route_sheets_20260708/route_sheets/ConstructionObstacleTwoWays/Town12_Rep0_3460_0_route0_01_09_15_03_16,"{""R2"": 155}","{""R-E1"": 65, ""R-E2"": 16, ""U-E2"": 74}"
ConstructionObstacleTwoWays,Town12_Rep0_3521_0_route0_01_09_07_30_44,135,success,135,True,135,1.0,135,1.0,False,written,AutoMoT/keyframe_filter/collection_output/r2_rgb_route_sheets_20260708/route_sheets/ConstructionObstacleTwoWays/Town12_Rep0_3521_0_route0_01_09_07_30_44/page_000.jpg,AutoMoT/keyframe_filter/collection_output/r2_rgb_route_sheets_20260708/route_sheets/ConstructionObstacleTwoWays/Town12_Rep0_3521_0_route0_01_09_07_30_44,"{""R2"": 135}","{""R-E1"": 72, ""R-E2"": 18, ""U-E2"": 45}"
ConstructionObstacleTwoWays,Town12_Rep0_3581_0_route0_01_10_19_37_03,162,success,162,True,162,1.0,162,1.0,False,written,AutoMoT/keyframe_filter/collection_output/r2_rgb_route_sheets_20260708/route_sheets/ConstructionObstacleTwoWays/Town12_Rep0_3581_0_route0_01_10_19_37_03/page_000.jpg,AutoMoT/keyframe_filter/collection_output/r2_rgb_route_sheets_20260708/route_sheets/ConstructionObstacleTwoWays/Town12_Rep0_3581_0_route0_01_10_19_37_03,"{""R2"": 162}","{""R-E1"": 71, ""R-E2"": 16, ""U-E2"": 75}"
ConstructionObstacleTwoWays,Town12_Rep0_3581_1_route0_01_11_07_28_51,167,success,167,True,167,1.0,167,1.0,False,written,AutoMoT/keyframe_filter/collection_output/r2_rgb_route_sheets_20260708/route_sheets/ConstructionObstacleTwoWays/Town12_Rep0_3581_1_route0_01_11_07_28_51/page_000.jpg,AutoMoT/keyframe_filter/collection_output/r2_rgb_route_sheets_20260708/route_sheets/ConstructionObstacleTwoWays/Town12_Rep0_3581_1_route0_01_11_07_28_51,"{""R2"": 167}","{""R-E1"": 72, ""R-E2"": 16, ""U-E2"": 79}"
ConstructionObstacleTwoWays,Town12_Rep0_406_0_route0_01_09_17_16_50,167,success,167,True,167,1.0,167,1.0,False,written,AutoMoT/keyframe_filter/collection_output/r2_rgb_route_sheets_20260708/route_sheets/ConstructionObstacleTwoWays/Town12_Rep0_406_0_route0_01_09_17_16_50/page_000.jpg,AutoMoT/keyframe_filter/collection_output/r2_rgb_route_sheets_20260708/route_sheets/ConstructionObstacleTwoWays/Town12_Rep0_406_0_route0_01_09_17_16_50,"{""R2"": 167}","{""R-E1"": 77, ""R-E2"": 16, ""U-E2"": 74}"
ConstructionObstacleTwoWays,Town12_Rep0_4373_0_route0_01_07_23_11_52,106,success,106,True,106,1.0,106,1.0,False,written,AutoMoT/keyframe_filter/collection_output/r2_rgb_route_sheets_20260708/route_sheets/ConstructionObstacleTwoWays/Town12_Rep0_4373_0_route0_01_07_23_11_52/page_000.jpg,AutoMoT/keyframe_filter/collection_output/r2_rgb_route_sheets_20260708/route_sheets/ConstructionObstacleTwoWays/Town12_Rep0_4373_0_route0_01_07_23_11_52,"{""R2"": 106}","{""R-E1"": 41, ""R-E2"": 15, ""U-E2"": 50}"
ConstructionObstacleTwoWays,Town12_Rep0_4377_0_route0_01_08_23_12_36,163,success,163,True,163,1.0,163,1.0,False,written,AutoMoT/keyframe_filter/collection_output/r2_rgb_route_sheets_20260708/route_sheets/ConstructionObstacleTwoWays/Town12_Rep0_4377_0_route0_01_08_23_12_36/page_000.jpg,AutoMoT/keyframe_filter/collection_output/r2_rgb_route_sheets_20260708/route_sheets/ConstructionObstacleTwoWays/Town12_Rep0_4377_0_route0_01_08_23_12_36,"{""R2"": 163}","{""R-E1"": 72, ""R-E2"": 16, ""U-E2"": 75}"
ConstructionObstacleTwoWays,Town12_Rep0_4437_0_route0_01_09_09_20_13,199,success,199,True,199,1.0,199,1.0,False,written,AutoMoT/keyframe_filter/collection_output/r2_rgb_route_sheets_20260708/route_sheets/ConstructionObstacleTwoWays/Town12_Rep0_4437_0_route0_01_09_09_20_13/page_000.jpg,AutoMoT/keyframe_filter/collection_output/r2_rgb_route_sheets_20260708/route_sheets/ConstructionObstacleTwoWays/Town12_Rep0_4437_0_route0_01_09_09_20_13,"{""R2"": 199}","{""R-E1"": 108, ""R-E2"": 17, ""U-E2"": 74}"
ConstructionObstacleTwoWays,Town12_Rep0_4437_1_route0_01_10_16_58_03,175,success,175,True,175,1.0,175,1.0,False,written,AutoMoT/keyframe_filter/collection_output/r2_rgb_route_sheets_20260708/route_sheets/ConstructionObstacleTwoWays/Town12_Rep0_4437_1_route0_01_10_16_58_03/page_000.jpg,AutoMoT/keyframe_filter/collection_output/r2_rgb_route_sheets_20260708/route_sheets/ConstructionObstacleTwoWays/Town12_Rep0_4437_1_route0_01_10_16_58_03,"{""R2"": 175}","{""R-E1"": 85, ""R-E2"": 16, ""U-E2"": 74}"
ConstructionObstacleTwoWays,Town12_Rep0_4443_0_route0_01_09_23_06_02,187,success,187,True,187,1.0,187,1.0,False,written,AutoMoT/keyframe_filter/collection_output/r2_rgb_route_sheets_20260708/route_sheets/ConstructionObstacleTwoWays/Town12_Rep0_4443_0_route0_01_09_23_06_02/page_000.jpg,AutoMoT/keyframe_filter/collection_output/r2_rgb_route_sheets_20260708/route_sheets/ConstructionObstacleTwoWays/Town12_Rep0_4443_0_route0_01_09_23_06_02,"{""R2"": 187}","{""R-E1"": 97, ""R-E2"": 16, ""U-E2"": 74}"
ConstructionObstacleTwoWays,Town12_Rep0_4548_0_route0_01_08_16_07_07,172,success,172,True,172,1.0,172,1.0,False,written,AutoMoT/keyframe_filter/collection_output/r2_rgb_route_sheets_20260708/route_sheets/ConstructionObstacleTwoWays/Town12_Rep0_4548_0_route0_01_08_16_07_07/page_000.jpg,AutoMoT/keyframe_filter/collection_output/r2_rgb_route_sheets_20260708/route_sheets/ConstructionObstacleTwoWays/Town12_Rep0_4548_0_route0_01_08_16_07_07,"{""R2"": 172}","{""R-E1"": 81, ""R-E2"": 17, ""U-E2"": 74}"
ConstructionObstacleTwoWays,Town12_Rep0_461_0_route0_01_08_13_08_28,160,success,160,True,160,1.0,160,1.0,False,written,AutoMoT/keyframe_filter/collection_output/r2_rgb_route_sheets_20260708/route_sheets/ConstructionObstacleTwoWays/Town12_Rep0_461_0_route0_01_08_13_08_28/page_000.jpg,AutoMoT/keyframe_filter/collection_output/r2_rgb_route_sheets_20260708/route_sheets/ConstructionObstacleTwoWays/Town12_Rep0_461_0_route0_01_08_13_08_28,"{""R2"": 160}","{""R-E1"": 70, ""R-E2"": 16, ""U-E2"": 74}"
ConstructionObstacleTwoWays,Town12_Rep0_4625_0_route0_01_08_02_57_38,138,success,138,True,138,1.0,138,1.0,False,written,AutoMoT/keyframe_filter/collection_output/r2_rgb_route_sheets_20260708/route_sheets/ConstructionObstacleTwoWays/Town12_Rep0_4625_0_route0_01_08_02_57_38/page_000.jpg,AutoMoT/keyframe_filter/collection_output/r2_rgb_route_sheets_20260708/route_sheets/ConstructionObstacleTwoWays/Town12_Rep0_4625_0_route0_01_08_02_57_38,"{""R2"": 138}","{""R-E1"": 66, ""R-E2"": 22, ""U-E2"": 50}"
ConstructionObstacleTwoWays,Town12_Rep0_4625_1_route0_01_08_20_06_11,157,success,157,True,157,1.0,157,1.0,False,written,AutoMoT/keyframe_filter/collection_output/r2_rgb_route_sheets_20260708/route_sheets/ConstructionObstacleTwoWays/Town12_Rep0_4625_1_route0_01_08_20_06_11/page_000.jpg,AutoMoT/keyframe_filter/collection_output/r2_rgb_route_sheets_20260708/route_sheets/ConstructionObstacleTwoWays/Town12_Rep0_4625_1_route0_01_08_20_06_11,"{""R2"": 157}","{""R-E1"": 65, ""R-E2"": 16, ""U-E2"": 76}"
ConstructionObstacleTwoWays,Town12_Rep0_471_0_route0_01_08_13_13_48,132,success,132,True,132,1.0,132,1.0,False,written,AutoMoT/keyframe_filter/collection_output/r2_rgb_route_sheets_20260708/route_sheets/ConstructionObstacleTwoWays/Town12_Rep0_471_0_route0_01_08_13_13_48/page_000.jpg,AutoMoT/keyframe_filter/collection_output/r2_rgb_route_sheets_20260708/route_sheets/ConstructionObstacleTwoWays/Town12_Rep0_471_0_route0_01_08_13_13_48,"{""R2"": 132}","{""R-E1"": 66, ""R-E2"": 21, ""U-E2"": 45}"
ConstructionObstacleTwoWays,Town12_Rep0_route_000016_route0_01_09_03_53_27,137,success,137,True,137,1.0,137,1.0,False,written,AutoMoT/keyframe_filter/collection_output/r2_rgb_route_sheets_20260708/route_sheets/ConstructionObstacleTwoWays/Town12_Rep0_route_000016_route0_01_09_03_53_27/page_000.jpg,AutoMoT/keyframe_filter/collection_output/r2_rgb_route_sheets_20260708/route_sheets/ConstructionObstacleTwoWays/Town12_Rep0_route_000016_route0_01_09_03_53_27,"{""R2"": 137}","{""R-E1"": 26, ""R-E2"": 22, ""U-E2"": 89}"
ConstructionObstacleTwoWays,Town12_Rep0_route_000017_route0_01_08_09_21_58,111,success,111,True,111,1.0,111,1.0,False,written,AutoMoT/keyframe_filter/collection_output/r2_rgb_route_sheets_20260708/route_sheets/ConstructionObstacleTwoWays/Town12_Rep0_route_000017_route0_01_08_09_21_58/page_000.jpg,AutoMoT/keyframe_filter/collection_output/r2_rgb_route_sheets_20260708/route_sheets/ConstructionObstacleTwoWays/Town12_Rep0_route_000017_route0_01_08_09_21_58,"{""R2"": 111}","{""R-E1"": 23, ""R-E2"": 27, ""U-E2"": 61}"
ConstructionObstacleTwoWays,Town12_Rep0_route_000018_route0_01_10_23_34_59,111,success,111,True,111,1.0,111,1.0,False,written,AutoMoT/keyframe_filter/collection_output/r2_rgb_route_sheets_20260708/route_sheets/ConstructionObstacleTwoWays/Town12_Rep0_route_000018_route0_01_10_23_34_59/page_000.jpg,AutoMoT/keyframe_filter/collection_output/r2_rgb_route_sheets_20260708/route_sheets/ConstructionObstacleTwoWays/Town12_Rep0_route_000018_route0_01_10_23_34_59,"{""R2"": 111}","{""R-E1"": 24, ""R-E2"": 26, ""U-E2"": 61}"
ConstructionObstacleTwoWays,Town12_Rep0_route_000019_route0_01_09_17_33_56,137,success,137,True,137,1.0,137,1.0,False,written,AutoMoT/keyframe_filter/collection_output/r2_rgb_route_sheets_20260708/route_sheets/ConstructionObstacleTwoWays/Town12_Rep0_route_000019_route0_01_09_17_33_56/page_000.jpg,AutoMoT/keyframe_filter/collection_output/r2_rgb_route_sheets_20260708/route_sheets/ConstructionObstacleTwoWays/Town12_Rep0_route_000019_route0_01_09_17_33_56,"{""R2"": 137}","{""R-E1"": 26, ""R-E2"": 17, ""U-E2"": 94}"
ConstructionObstacleTwoWays,Town12_Rep0_route_001101_route0_01_08_06_11_46,140,success,140,True,140,1.0,140,1.0,False,written,AutoMoT/keyframe_filter/collection_output/r2_rgb_route_sheets_20260708/route_sheets/ConstructionObstacleTwoWays/Town12_Rep0_route_001101_route0_01_08_06_11_46/page_000.jpg,AutoMoT/keyframe_filter/collection_output/r2_rgb_route_sheets_20260708/route_sheets/ConstructionObstacleTwoWays/Town12_Rep0_route_001101_route0_01_08_06_11_46,"{""R2"": 140}","{""R-E1"": 24, ""R-E2"": 21, ""U-E2"": 95}"
ConstructionObstacleTwoWays,Town12_Rep0_route_001171_route0_01_08_17_02_40,137,success,137,True,137,1.0,137,1.0,False,written,AutoMoT/keyframe_filter/collection_output/r2_rgb_route_sheets_20260708/route_sheets/ConstructionObstacleTwoWays/Town12_Rep0_route_001171_route0_01_08_17_02_40/page_000.jpg,AutoMoT/keyframe_filter/collection_output/r2_rgb_route_sheets_20260708/route_sheets/ConstructionObstacleTwoWays/Town12_Rep0_route_001171_route0_01_08_17_02_40,"{""R2"": 137}","{""R-E1"": 26, ""R-E2"": 22, ""U-E2"": 89}"
ConstructionObstacleTwoWays,Town12_Rep0_route_001217_route0_01_08_15_45_35,142,success,142,True,142,1.0,142,1.0,False,written,AutoMoT/keyframe_filter/collection_output/r2_rgb_route_sheets_20260708/route_sheets/ConstructionObstacleTwoWays/Town12_Rep0_route_001217_route0_01_08_15_45_35/page_000.jpg,AutoMoT/keyframe_filter/collection_output/r2_rgb_route_sheets_20260708/route_sheets/ConstructionObstacleTwoWays/Town12_Rep0_route_001217_route0_01_08_15_45_35,"{""R2"": 142}","{""R-E1"": 23, ""R-E2"": 22, ""U-E2"": 97}"
ConstructionObstacleTwoWays,Town12_Rep0_route_001274_route0_01_10_23_26_43,110,success,110,True,110,1.0,110,1.0,False,written,AutoMoT/keyframe_filter/collection_output/r2_rgb_route_sheets_20260708/route_sheets/ConstructionObstacleTwoWays/Town12_Rep0_route_001274_route0_01_10_23_26_43/page_000.jpg,AutoMoT/keyframe_filter/collection_output/r2_rgb_route_sheets_20260708/route_sheets/ConstructionObstacleTwoWays/Town12_Rep0_route_001274_route0_01_10_23_26_43,"{""R2"": 110}","{""R-E1"": 24, ""R-E2"": 25, ""U-E2"": 61}"
ConstructionObstacleTwoWays,Town12_Rep0_route_001286_route0_01_08_10_51_51,138,success,138,True,138,1.0,138,1.0,False,written,AutoMoT/keyframe_filter/collection_output/r2_rgb_route_sheets_20260708/route_sheets/ConstructionObstacleTwoWays/Town12_Rep0_route_001286_route0_01_08_10_51_51/page_000.jpg,AutoMoT/keyframe_filter/collection_output/r2_rgb_route_sheets_20260708/route_sheets/ConstructionObstacleTwoWays/Town12_Rep0_route_001286_route0_01_08_10_51_51,"{""R2"": 138}","{""R-E1"": 26, ""R-E2"": 16, ""U-E2"": 96}"
ConstructionObstacleTwoWays,Town12_Rep0_route_001439_route0_01_10_01_15_35,119,success,119,True,119,1.0,119,1.0,False,written,AutoMoT/keyframe_filter/collection_output/r2_rgb_route_sheets_20260708/route_sheets/ConstructionObstacleTwoWays/Town12_Rep0_route_001439_route0_01_10_01_15_35/page_000.jpg,AutoMoT/keyframe_filter/collection_output/r2_rgb_route_sheets_20260708/route_sheets/ConstructionObstacleTwoWays/Town12_Rep0_route_001439_route0_01_10_01_15_35,"{""R2"": 119}","{""R-E1"": 26, ""R-E2"": 28, ""U-E2"": 65}"
ConstructionObstacleTwoWays,Town12_Rep0_route_001485_route0_01_08_20_54_13,108,success,108,True,108,1.0,108,1.0,False,written,AutoMoT/keyframe_filter/collection_output/r2_rgb_route_sheets_20260708/route_sheets/ConstructionObstacleTwoWays/Town12_Rep0_route_001485_route0_01_08_20_54_13/page_000.jpg,AutoMoT/keyframe_filter/collection_output/r2_rgb_route_sheets_20260708/route_sheets/ConstructionObstacleTwoWays/Town12_Rep0_route_001485_route0_01_08_20_54_13,"{""R2"": 108}","{""R-E1"": 23, ""R-E2"": 25, ""U-E2"": 60}"
ConstructionObstacleTwoWays,Town12_Rep0_route_001542_route0_01_09_14_30_36,113,success,113,True,113,1.0,113,1.0,False,written,AutoMoT/keyframe_filter/collection_output/r2_rgb_route_sheets_20260708/route_sheets/ConstructionObstacleTwoWays/Town12_Rep0_route_001542_route0_01_09_14_30_36/page_000.jpg,AutoMoT/keyframe_filter/collection_output/r2_rgb_route_sheets_20260708/route_sheets/ConstructionObstacleTwoWays/Town12_Rep0_route_001542_route0_01_09_14_30_36,"{""R2"": 113}","{""R-E1"": 24, ""R-E2"": 28, ""U-E2"": 61}"
ConstructionObstacleTwoWays,Town12_Rep0_route_001554_route0_01_11_01_25_33,122,success,122,True,122,1.0,122,1.0,False,written,AutoMoT/keyframe_filter/collection_output/r2_rgb_route_sheets_20260708/route_sheets/ConstructionObstacleTwoWays/Town12_Rep0_route_001554_route0_01_11_01_25_33/page_000.jpg,AutoMoT/keyframe_filter/collection_output/r2_rgb_route_sheets_20260708/route_sheets/ConstructionObstacleTwoWays/Town12_Rep0_route_001554_route0_01_11_01_25_33,"{""R2"": 122}","{""R-E1"": 25, ""R-E2"": 28, ""U-E2"": 69}"
ConstructionObstacleTwoWays,Town12_Rep0_route_002666_route0_01_10_22_08_55,95,success,95,True,95,1.0,95,1.0,False,written,AutoMoT/keyframe_filter/collection_output/r2_rgb_route_sheets_20260708/route_sheets/ConstructionObstacleTwoWays/Town12_Rep0_route_002666_route0_01_10_22_08_55/page_000.jpg,AutoMoT/keyframe_filter/collection_output/r2_rgb_route_sheets_20260708/route_sheets/ConstructionObstacleTwoWays/Town12_Rep0_route_002666_route0_01_10_22_08_55,"{""R2"": 95}","{""R-E1"": 42, ""R-E2"": 16, ""U-E2"": 37}"
ConstructionObstacleTwoWays,Town12_Rep0_route_002667_route0_01_11_09_21_32,119,success,119,True,119,1.0,119,1.0,False,written,AutoMoT/keyframe_filter/collection_output/r2_rgb_route_sheets_20260708/route_sheets/ConstructionObstacleTwoWays/Town12_Rep0_route_002667_route0_01_11_09_21_32/page_000.jpg,AutoMoT/keyframe_filter/collection_output/r2_rgb_route_sheets_20260708/route_sheets/ConstructionObstacleTwoWays/Town12_Rep0_route_002667_route0_01_11_09_21_32,"{""R2"": 119}","{""R-E1"": 37, ""R-E2"": 22, ""U-E2"": 60}"
ConstructionObstacleTwoWays,Town12_Rep0_route_002674_route0_01_08_22_21_55,120,success,120,True,120,1.0,120,1.0,False,written,AutoMoT/keyframe_filter/collection_output/r2_rgb_route_sheets_20260708/route_sheets/ConstructionObstacleTwoWays/Town12_Rep0_route_002674_route0_01_08_22_21_55/page_000.jpg,AutoMoT/keyframe_filter/collection_output/r2_rgb_route_sheets_20260708/route_sheets/ConstructionObstacleTwoWays/Town12_Rep0_route_002674_route0_01_08_22_21_55,"{""R2"": 120}","{""R-E1"": 44, ""R-E2"": 21, ""U-E2"": 55}"
ConstructionObstacleTwoWays,Town12_Rep0_route_002676_route0_01_09_23_34_21,111,success,111,True,111,1.0,111,1.0,False,written,AutoMoT/keyframe_filter/collection_output/r2_rgb_route_sheets_20260708/route_sheets/ConstructionObstacleTwoWays/Town12_Rep0_route_002676_route0_01_09_23_34_21/page_000.jpg,AutoMoT/keyframe_filter/collection_output/r2_rgb_route_sheets_20260708/route_sheets/ConstructionObstacleTwoWays/Town12_Rep0_route_002676_route0_01_09_23_34_21,"{""R2"": 111}","{""R-E1"": 51, ""R-E2"": 19, ""U-E2"": 41}"
ConstructionObstacleTwoWays,Town12_Rep0_route_002677_route0_01_09_11_10_25,108,success,108,True,108,1.0,108,1.0,False,written,AutoMoT/keyframe_filter/collection_output/r2_rgb_route_sheets_20260708/route_sheets/ConstructionObstacleTwoWays/Town12_Rep0_route_002677_route0_01_09_11_10_25/page_000.jpg,AutoMoT/keyframe_filter/collection_output/r2_rgb_route_sheets_20260708/route_sheets/ConstructionObstacleTwoWays/Town12_Rep0_route_002677_route0_01_09_11_10_25,"{""R2"": 108}","{""R-E1"": 52, ""R-E2"": 17, ""U-E2"": 39}"
ConstructionObstacleTwoWays,Town12_Rep0_route_002678_route0_01_11_01_52_00,86,success,86,True,86,1.0,86,1.0,False,written,AutoMoT/keyframe_filter/collection_output/r2_rgb_route_sheets_20260708/route_sheets/ConstructionObstacleTwoWays/Town12_Rep0_route_002678_route0_01_11_01_52_00/page_000.jpg,AutoMoT/keyframe_filter/collection_output/r2_rgb_route_sheets_20260708/route_sheets/ConstructionObstacleTwoWays/Town12_Rep0_route_002678_route0_01_11_01_52_00,"{""R2"": 86}","{""R-E1"": 38, ""R-E2"": 29, ""U-E2"": 19}"
ConstructionObstacleTwoWays,Town12_Rep0_route_002683_route0_01_10_22_46_29,110,success,110,True,110,1.0,110,1.0,False,written,AutoMoT/keyframe_filter/collection_output/r2_rgb_route_sheets_20260708/route_sheets/ConstructionObstacleTwoWays/Town12_Rep0_route_002683_route0_01_10_22_46_29/page_000.jpg,AutoMoT/keyframe_filter/collection_output/r2_rgb_route_sheets_20260708/route_sheets/ConstructionObstacleTwoWays/Town12_Rep0_route_002683_route0_01_10_22_46_29,"{""R2"": 110}","{""R-E1"": 52, ""R-E2"": 17, ""U-E2"": 41}"
ConstructionObstacleTwoWays,Town12_Rep0_route_002687_route0_01_10_05_50_11,101,success,101,True,101,1.0,101,1.0,False,written,AutoMoT/keyframe_filter/collection_output/r2_rgb_route_sheets_20260708/route_sheets/ConstructionObstacleTwoWays/Town12_Rep0_route_002687_route0_01_10_05_50_11/page_000.jpg,AutoMoT/keyframe_filter/collection_output/r2_rgb_route_sheets_20260708/route_sheets/ConstructionObstacleTwoWays/Town12_Rep0_route_002687_route0_01_10_05_50_11,"{""R2"": 101}","{""R-E1"": 39, ""R-E2"": 19, ""U-E2"": 43}"
ConstructionObstacleTwoWays,Town12_Rep0_route_002688_route0_01_09_01_36_15,109,success,109,True,109,1.0,109,1.0,False,written,AutoMoT/keyframe_filter/collection_output/r2_rgb_route_sheets_20260708/route_sheets/ConstructionObstacleTwoWays/Town12_Rep0_route_002688_route0_01_09_01_36_15/page_000.jpg,AutoMoT/keyframe_filter/collection_output/r2_rgb_route_sheets_20260708/route_sheets/ConstructionObstacleTwoWays/Town12_Rep0_route_002688_route0_01_09_01_36_15,"{""R2"": 109}","{""R-E1"": 51, ""R-E2"": 18, ""U-E2"": 40}"
ConstructionObstacleTwoWays,Town12_Rep0_route_002693_route0_01_10_23_57_33,124,success,124,True,124,1.0,124,1.0,False,written,AutoMoT/keyframe_filter/collection_output/r2_rgb_route_sheets_20260708/route_sheets/ConstructionObstacleTwoWays/Town12_Rep0_route_002693_route0_01_10_23_57_33/page_000.jpg,AutoMoT/keyframe_filter/collection_output/r2_rgb_route_sheets_20260708/route_sheets/ConstructionObstacleTwoWays/Town12_Rep0_route_002693_route0_01_10_23_57_33,"{""R2"": 124}","{""R-E1"": 36, ""R-E2"": 19, ""U-E2"": 69}"
ConstructionObstacleTwoWays,Town12_Rep0_route_002696_route0_01_08_23_14_46,99,success,99,True,99,1.0,99,1.0,False,written,AutoMoT/keyframe_filter/collection_output/r2_rgb_route_sheets_20260708/route_sheets/ConstructionObstacleTwoWays/Town12_Rep0_route_002696_route0_01_08_23_14_46/page_000.jpg,AutoMoT/keyframe_filter/collection_output/r2_rgb_route_sheets_20260708/route_sheets/ConstructionObstacleTwoWays/Town12_Rep0_route_002696_route0_01_08_23_14_46,"{""R2"": 99}","{""R-E1"": 41, ""R-E2"": 17, ""U-E2"": 41}"
ConstructionObstacleTwoWays,Town12_Rep0_route_002697_route0_01_10_01_59_41,98,success,98,True,98,1.0,98,1.0,False,written,AutoMoT/keyframe_filter/collection_output/r2_rgb_route_sheets_20260708/route_sheets/ConstructionObstacleTwoWays/Town12_Rep0_route_002697_route0_01_10_01_59_41/page_000.jpg,AutoMoT/keyframe_filter/collection_output/r2_rgb_route_sheets_20260708/route_sheets/ConstructionObstacleTwoWays/Town12_Rep0_route_002697_route0_01_10_01_59_41,"{""R2"": 98}","{""R-E1"": 43, ""R-E2"": 16, ""U-E2"": 39}"
ConstructionObstacleTwoWays,Town12_Rep0_route_002698_route0_01_09_13_20_49,97,success,97,True,97,1.0,97,1.0,False,written,AutoMoT/keyframe_filter/collection_output/r2_rgb_route_sheets_20260708/route_sheets/ConstructionObstacleTwoWays/Town12_Rep0_route_002698_route0_01_09_13_20_49/page_000.jpg,AutoMoT/keyframe_filter/collection_output/r2_rgb_route_sheets_20260708/route_sheets/ConstructionObstacleTwoWays/Town12_Rep0_route_002698_route0_01_09_13_20_49,"{""R2"": 97}","{""R-E1"": 42, ""R-E2"": 16, ""U-E2"": 39}"
ConstructionObstacleTwoWays,Town12_Rep0_route_002706_route0_01_08_02_32_16,87,success,87,True,87,1.0,87,1.0,False,written,AutoMoT/keyframe_filter/collection_output/r2_rgb_route_sheets_20260708/route_sheets/ConstructionObstacleTwoWays/Town12_Rep0_route_002706_route0_01_08_02_32_16/page_000.jpg,AutoMoT/keyframe_filter/collection_output/r2_rgb_route_sheets_20260708/route_sheets/ConstructionObstacleTwoWays/Town12_Rep0_route_002706_route0_01_08_02_32_16,"{""R2"": 87}","{""R-E1"": 31, ""R-E2"": 31, ""U-E2"": 25}"
ConstructionObstacleTwoWays,Town12_Rep0_route_002708_route0_01_09_07_02_14,113,success,113,True,113,1.0,113,1.0,False,written,AutoMoT/keyframe_filter/collection_output/r2_rgb_route_sheets_20260708/route_sheets/ConstructionObstacleTwoWays/Town12_Rep0_route_002708_route0_01_09_07_02_14/page_000.jpg,AutoMoT/keyframe_filter/collection_output/r2_rgb_route_sheets_20260708/route_sheets/ConstructionObstacleTwoWays/Town12_Rep0_route_002708_route0_01_09_07_02_14,"{""R2"": 113}","{""R-E1"": 51, ""R-E2"": 34, ""U-E2"": 28}"
ConstructionObstacleTwoWays,Town13_Rep0_1248_1_route0_01_10_03_18_46,157,success,157,True,157,1.0,157,1.0,False,written,AutoMoT/keyframe_filter/collection_output/r2_rgb_route_sheets_20260708/route_sheets/ConstructionObstacleTwoWays/Town13_Rep0_1248_1_route0_01_10_03_18_46/page_000.jpg,AutoMoT/keyframe_filter/collection_output/r2_rgb_route_sheets_20260708/route_sheets/ConstructionObstacleTwoWays/Town13_Rep0_1248_1_route0_01_10_03_18_46,"{""R2"": 157}","{""R-E1"": 66, ""R-E2"": 16, ""U-E2"": 75}"
ConstructionObstacleTwoWays,Town13_Rep0_1248_2_route0_01_10_02_31_27,144,success,144,True,144,1.0,144,1.0,False,written,AutoMoT/keyframe_filter/collection_output/r2_rgb_route_sheets_20260708/route_sheets/ConstructionObstacleTwoWays/Town13_Rep0_1248_2_route0_01_10_02_31_27/page_000.jpg,AutoMoT/keyframe_filter/collection_output/r2_rgb_route_sheets_20260708/route_sheets/ConstructionObstacleTwoWays/Town13_Rep0_1248_2_route0_01_10_02_31_27,"{""R2"": 144}","{""R-E1"": 53, ""R-E2"": 16, ""U-E2"": 75}"
ConstructionObstacleTwoWays,Town13_Rep0_1291_0_route0_01_10_02_01_40,144,success,144,True,144,1.0,144,1.0,False,written,AutoMoT/keyframe_filter/collection_output/r2_rgb_route_sheets_20260708/route_sheets/ConstructionObstacleTwoWays/Town13_Rep0_1291_0_route0_01_10_02_01_40/page_000.jpg,AutoMoT/keyframe_filter/collection_output/r2_rgb_route_sheets_20260708/route_sheets/ConstructionObstacleTwoWays/Town13_Rep0_1291_0_route0_01_10_02_01_40,"{""R2"": 144}","{""R-E1"": 55, ""R-E2"": 16, ""U-E2"": 73}"
ConstructionObstacleTwoWays,Town13_Rep0_1291_1_route0_01_10_12_50_02,125,success,125,True,125,1.0,125,1.0,False,written,AutoMoT/keyframe_filter/collection_output/r2_rgb_route_sheets_20260708/route_sheets/ConstructionObstacleTwoWays/Town13_Rep0_1291_1_route0_01_10_12_50_02/page_000.jpg,AutoMoT/keyframe_filter/collection_output/r2_rgb_route_sheets_20260708/route_sheets/ConstructionObstacleTwoWays/Town13_Rep0_1291_1_route0_01_10_12_50_02,"{""R2"": 125}","{""R-E1"": 57, ""R-E2"": 23, ""U-E2"": 45}"
ConstructionObstacleTwoWays,Town13_Rep0_1330_0_route0_01_09_08_37_44,145,success,145,True,145,1.0,145,1.0,False,written,AutoMoT/keyframe_filter/collection_output/r2_rgb_route_sheets_20260708/route_sheets/ConstructionObstacleTwoWays/Town13_Rep0_1330_0_route0_01_09_08_37_44/page_000.jpg,AutoMoT/keyframe_filter/collection_output/r2_rgb_route_sheets_20260708/route_sheets/ConstructionObstacleTwoWays/Town13_Rep0_1330_0_route0_01_09_08_37_44,"{""R2"": 145}","{""R-E1"": 50, ""R-E2"": 16, ""U-E2"": 79}"
ConstructionObstacleTwoWays,Town13_Rep0_1330_1_route0_01_09_12_07_56,143,success,143,True,143,1.0,143,1.0,False,written,AutoMoT/keyframe_filter/collection_output/r2_rgb_route_sheets_20260708/route_sheets/ConstructionObstacleTwoWays/Town13_Rep0_1330_1_route0_01_09_12_07_56/page_000.jpg,AutoMoT/keyframe_filter/collection_output/r2_rgb_route_sheets_20260708/route_sheets/ConstructionObstacleTwoWays/Town13_Rep0_1330_1_route0_01_09_12_07_56,"{""R2"": 143}","{""R-E1"": 52, ""R-E2"": 16, ""U-E2"": 75}"
ConstructionObstacleTwoWays,Town13_Rep0_1364_1_route0_01_09_17_03_12,103,success,103,True,103,1.0,103,1.0,False,written,AutoMoT/keyframe_filter/collection_output/r2_rgb_route_sheets_20260708/route_sheets/ConstructionObstacleTwoWays/Town13_Rep0_1364_1_route0_01_09_17_03_12/page_000.jpg,AutoMoT/keyframe_filter/collection_output/r2_rgb_route_sheets_20260708/route_sheets/ConstructionObstacleTwoWays/Town13_Rep0_1364_1_route0_01_09_17_03_12,"{""R2"": 103}","{""R-E1"": 44, ""R-E2"": 15, ""U-E2"": 44}"
ConstructionObstacleTwoWays,Town13_Rep0_1365_0_route0_01_08_04_46_24,164,success,164,True,164,1.0,164,1.0,False,written,AutoMoT/keyframe_filter/collection_output/r2_rgb_route_sheets_20260708/route_sheets/ConstructionObstacleTwoWays/Town13_Rep0_1365_0_route0_01_08_04_46_24/page_000.jpg,AutoMoT/keyframe_filter/collection_output/r2_rgb_route_sheets_20260708/route_sheets/ConstructionObstacleTwoWays/Town13_Rep0_1365_0_route0_01_08_04_46_24,"{""R2"": 164}","{""R-E1"": 66, ""R-E2"": 19, ""U-E2"": 79}"
ConstructionObstacleTwoWays,Town13_Rep0_1365_1_route0_01_09_10_49_15,191,success,191,True,191,1.0,191,1.0,False,written,AutoMoT/keyframe_filter/collection_output/r2_rgb_route_sheets_20260708/route_sheets/ConstructionObstacleTwoWays/Town13_Rep0_1365_1_route0_01_09_10_49_15/page_000.jpg,AutoMoT/keyframe_filter/collection_output/r2_rgb_route_sheets_20260708/route_sheets/ConstructionObstacleTwoWays/Town13_Rep0_1365_1_route0_01_09_10_49_15,"{""R2"": 191}","{""R-E1"": 62, ""R-E2"": 25, ""U-E2"": 104}"
ConstructionObstacleTwoWays,Town13_Rep0_1547_0_route0_01_09_07_34_52,133,success,133,True,133,1.0,133,1.0,False,written,AutoMoT/keyframe_filter/collection_output/r2_rgb_route_sheets_20260708/route_sheets/ConstructionObstacleTwoWays/Town13_Rep0_1547_0_route0_01_09_07_34_52/page_000.jpg,AutoMoT/keyframe_filter/collection_output/r2_rgb_route_sheets_20260708/route_sheets/ConstructionObstacleTwoWays/Town13_Rep0_1547_0_route0_01_09_07_34_52,"{""R2"": 133}","{""R-E1"": 58, ""R-E2"": 29, ""U-E2"": 46}"
ConstructionObstacleTwoWays,Town13_Rep0_1547_1_route0_01_09_13_25_05,145,success,145,True,145,1.0,145,1.0,False,written,AutoMoT/keyframe_filter/collection_output/r2_rgb_route_sheets_20260708/route_sheets/ConstructionObstacleTwoWays/Town13_Rep0_1547_1_route0_01_09_13_25_05/page_000.jpg,AutoMoT/keyframe_filter/collection_output/r2_rgb_route_sheets_20260708/route_sheets/ConstructionObstacleTwoWays/Town13_Rep0_1547_1_route0_01_09_13_25_05,"{""R2"": 145}","{""R-E1"": 54, ""R-E2"": 16, ""U-E2"": 75}"
ConstructionObstacleTwoWays,Town13_Rep0_1630_0_route0_01_09_09_19_14,105,success,105,True,105,1.0,105,1.0,False,written,AutoMoT/keyframe_filter/collection_output/r2_rgb_route_sheets_20260708/route_sheets/ConstructionObstacleTwoWays/Town13_Rep0_1630_0_route0_01_09_09_19_14/page_000.jpg,AutoMoT/keyframe_filter/collection_output/r2_rgb_route_sheets_20260708/route_sheets/ConstructionObstacleTwoWays/Town13_Rep0_1630_0_route0_01_09_09_19_14,"{""R2"": 105}","{""R-E1"": 45, ""R-E2"": 15, ""U-E2"": 45}"
ConstructionObstacleTwoWays,Town13_Rep0_1630_1_route0_01_09_19_59_20,106,success,106,True,106,1.0,106,1.0,False,written,AutoMoT/keyframe_filter/collection_output/r2_rgb_route_sheets_20260708/route_sheets/ConstructionObstacleTwoWays/Town13_Rep0_1630_1_route0_01_09_19_59_20/page_000.jpg,AutoMoT/keyframe_filter/collection_output/r2_rgb_route_sheets_20260708/route_sheets/ConstructionObstacleTwoWays/Town13_Rep0_1630_1_route0_01_09_19_59_20,"{""R2"": 106}","{""R-E1"": 44, ""R-E2"": 15, ""U-E2"": 47}"
ConstructionObstacleTwoWays,Town13_Rep0_1660_0_route0_01_10_00_34_06,169,success,169,True,169,1.0,169,1.0,False,written,AutoMoT/keyframe_filter/collection_output/r2_rgb_route_sheets_20260708/route_sheets/ConstructionObstacleTwoWays/Town13_Rep0_1660_0_route0_01_10_00_34_06/page_000.jpg,AutoMoT/keyframe_filter/collection_output/r2_rgb_route_sheets_20260708/route_sheets/ConstructionObstacleTwoWays/Town13_Rep0_1660_0_route0_01_10_00_34_06,"{""R2"": 169}","{""R-E1"": 63, ""R-E2"": 16, ""U-E2"": 90}"
ConstructionObstacleTwoWays,Town13_Rep0_1660_1_route0_01_08_11_54_10,171,success,171,True,171,1.0,171,1.0,False,written,AutoMoT/keyframe_filter/collection_output/r2_rgb_route_sheets_20260708/route_sheets/ConstructionObstacleTwoWays/Town13_Rep0_1660_1_route0_01_08_11_54_10/page_000.jpg,AutoMoT/keyframe_filter/collection_output/r2_rgb_route_sheets_20260708/route_sheets/ConstructionObstacleTwoWays/Town13_Rep0_1660_1_route0_01_08_11_54_10,"{""R2"": 171}","{""R-E1"": 60, ""R-E2"": 16, ""U-E2"": 95}"
ConstructionObstacleTwoWays,Town13_Rep0_route_003014_route0_01_11_10_02_31,114,success,114,True,114,1.0,114,1.0,False,written,AutoMoT/keyframe_filter/collection_output/r2_rgb_route_sheets_20260708/route_sheets/ConstructionObstacleTwoWays/Town13_Rep0_route_003014_route0_01_11_10_02_31/page_000.jpg,AutoMoT/keyframe_filter/collection_output/r2_rgb_route_sheets_20260708/route_sheets/ConstructionObstacleTwoWays/Town13_Rep0_route_003014_route0_01_11_10_02_31,"{""R2"": 114}","{""R-E1"": 48, ""R-E2"": 21, ""U-E2"": 45}"
ConstructionObstacleTwoWays,Town13_Rep0_route_003028_route0_01_08_14_57_49,101,success,101,True,101,1.0,101,1.0,False,written,AutoMoT/keyframe_filter/collection_output/r2_rgb_route_sheets_20260708/route_sheets/ConstructionObstacleTwoWays/Town13_Rep0_route_003028_route0_01_08_14_57_49/page_000.jpg,AutoMoT/keyframe_filter/collection_output/r2_rgb_route_sheets_20260708/route_sheets/ConstructionObstacleTwoWays/Town13_Rep0_route_003028_route0_01_08_14_57_49,"{""R2"": 101}","{""R-E1"": 38, ""R-E2"": 20, ""U-E2"": 43}"
ConstructionObstacleTwoWays,Town13_Rep0_route_003032_route0_01_10_16_44_28,90,success,90,True,90,1.0,90,1.0,False,written,AutoMoT/keyframe_filter/collection_output/r2_rgb_route_sheets_20260708/route_sheets/ConstructionObstacleTwoWays/Town13_Rep0_route_003032_route0_01_10_16_44_28/page_000.jpg,AutoMoT/keyframe_filter/collection_output/r2_rgb_route_sheets_20260708/route_sheets/ConstructionObstacleTwoWays/Town13_Rep0_route_003032_route0_01_10_16_44_28,"{""R2"": 90}","{""R-E1"": 38, ""R-E2"": 33, ""U-E2"": 19}"
ConstructionObstacleTwoWays,Town13_Rep0_route_003035_route0_01_08_13_47_56,98,success,98,True,98,1.0,98,1.0,False,written,AutoMoT/keyframe_filter/collection_output/r2_rgb_route_sheets_20260708/route_sheets/ConstructionObstacleTwoWays/Town13_Rep0_route_003035_route0_01_08_13_47_56/page_000.jpg,AutoMoT/keyframe_filter/collection_output/r2_rgb_route_sheets_20260708/route_sheets/ConstructionObstacleTwoWays/Town13_Rep0_route_003035_route0_01_08_13_47_56,"{""R2"": 98}","{""R-E1"": 38, ""R-E2"": 38, ""U-E2"": 22}"
ConstructionObstacleTwoWays,Town13_Rep0_route_003055_route0_01_10_11_47_18,107,success,107,True,107,1.0,107,1.0,False,written,AutoMoT/keyframe_filter/collection_output/r2_rgb_route_sheets_20260708/route_sheets/ConstructionObstacleTwoWays/Town13_Rep0_route_003055_route0_01_10_11_47_18/page_000.jpg,AutoMoT/keyframe_filter/collection_output/r2_rgb_route_sheets_20260708/route_sheets/ConstructionObstacleTwoWays/Town13_Rep0_route_003055_route0_01_10_11_47_18,"{""R2"": 107}","{""R-E1"": 45, ""R-E2"": 31, ""U-E2"": 31}"
ConstructionObstacleTwoWays,Town13_Rep0_route_003056_route0_01_10_13_34_44,97,success,97,True,97,1.0,97,1.0,False,written,AutoMoT/keyframe_filter/collection_output/r2_rgb_route_sheets_20260708/route_sheets/ConstructionObstacleTwoWays/Town13_Rep0_route_003056_route0_01_10_13_34_44/page_000.jpg,AutoMoT/keyframe_filter/collection_output/r2_rgb_route_sheets_20260708/route_sheets/ConstructionObstacleTwoWays/Town13_Rep0_route_003056_route0_01_10_13_34_44,"{""R2"": 97}","{""R-E1"": 44, ""R-E2"": 27, ""U-E2"": 26}"
ConstructionObstacleTwoWays,Town13_Rep0_route_003062_route0_01_10_21_05_12,128,success,128,True,128,1.0,128,1.0,False,written,AutoMoT/keyframe_filter/collection_output/r2_rgb_route_sheets_20260708/route_sheets/ConstructionObstacleTwoWays/Town13_Rep0_route_003062_route0_01_10_21_05_12/page_000.jpg,AutoMoT/keyframe_filter/collection_output/r2_rgb_route_sheets_20260708/route_sheets/ConstructionObstacleTwoWays/Town13_Rep0_route_003062_route0_01_10_21_05_12,"{""R2"": 128}","{""R-E1"": 45, ""R-E2"": 51, ""U-E2"": 32}"
ConstructionObstacleTwoWays,Town13_Rep0_route_003169_route0_01_08_12_55_17,210,success,210,True,210,1.0,210,1.0,False,written,AutoMoT/keyframe_filter/collection_output/r2_rgb_route_sheets_20260708/route_sheets/ConstructionObstacleTwoWays/Town13_Rep0_route_003169_route0_01_08_12_55_17/page_000.jpg,AutoMoT/keyframe_filter/collection_output/r2_rgb_route_sheets_20260708/route_sheets/ConstructionObstacleTwoWays/Town13_Rep0_route_003169_route0_01_08_12_55_17,"{""R2"": 210}","{""R-E1"": 105, ""R-E2"": 18, ""U-E2"": 87}"
ConstructionObstacleTwoWays,Town15_Rep0_route_001074_route0_01_08_16_28_11,112,success,112,True,112,1.0,112,1.0,False,written,AutoMoT/keyframe_filter/collection_output/r2_rgb_route_sheets_20260708/route_sheets/ConstructionObstacleTwoWays/Town15_Rep0_route_001074_route0_01_08_16_28_11/page_000.jpg,AutoMoT/keyframe_filter/collection_output/r2_rgb_route_sheets_20260708/route_sheets/ConstructionObstacleTwoWays/Town15_Rep0_route_001074_route0_01_08_16_28_11,"{""R2"": 112}","{""R-E1"": 11, ""R-E2"": 16, ""U-E2"": 85}"
ConstructionObstacleTwoWays,Town15_Rep0_route_001077_route0_01_10_16_45_10,250,success,250,True,250,1.0,250,1.0,False,written,AutoMoT/keyframe_filter/collection_output/r2_rgb_route_sheets_20260708/route_sheets/ConstructionObstacleTwoWays/Town15_Rep0_route_001077_route0_01_10_16_45_10/page_000.jpg,AutoMoT/keyframe_filter/collection_output/r2_rgb_route_sheets_20260708/route_sheets/ConstructionObstacleTwoWays/Town15_Rep0_route_001077_route0_01_10_16_45_10,"{""R2"": 250}","{""R-E1"": 164, ""R-E2"": 29, ""U-E2"": 57}"
ConstructionObstacleTwoWays,Town15_Rep0_route_001092_route0_01_09_19_01_22,127,success,127,True,127,1.0,127,1.0,False,written,AutoMoT/keyframe_filter/collection_output/r2_rgb_route_sheets_20260708/route_sheets/ConstructionObstacleTwoWays/Town15_Rep0_route_001092_route0_01_09_19_01_22/page_000.jpg,AutoMoT/keyframe_filter/collection_output/r2_rgb_route_sheets_20260708/route_sheets/ConstructionObstacleTwoWays/Town15_Rep0_route_001092_route0_01_09_19_01_22,"{""R2"": 127}","{""R-E1"": 119, ""U-E2"": 8}"
ConstructionObstacleTwoWays,Town15_Rep0_route_001093_route0_01_09_17_22_03,127,success,127,True,127,1.0,127,1.0,False,written,AutoMoT/keyframe_filter/collection_output/r2_rgb_route_sheets_20260708/route_sheets/ConstructionObstacleTwoWays/Town15_Rep0_route_001093_route0_01_09_17_22_03/page_000.jpg,AutoMoT/keyframe_filter/collection_output/r2_rgb_route_sheets_20260708/route_sheets/ConstructionObstacleTwoWays/Town15_Rep0_route_001093_route0_01_09_17_22_03,"{""R2"": 127}","{""R-E1"": 117, ""U-E2"": 10}"
ConstructionObstacleTwoWays,Town15_Rep0_route_001094_route0_01_09_15_37_26,212,success,212,True,212,1.0,212,1.0,False,written,AutoMoT/keyframe_filter/collection_output/r2_rgb_route_sheets_20260708/route_sheets/ConstructionObstacleTwoWays/Town15_Rep0_route_001094_route0_01_09_15_37_26/page_000.jpg,AutoMoT/keyframe_filter/collection_output/r2_rgb_route_sheets_20260708/route_sheets/ConstructionObstacleTwoWays/Town15_Rep0_route_001094_route0_01_09_15_37_26,"{""R2"": 212}","{""R-E1"": 105, ""R-E2"": 18, ""U-E2"": 89}"
ConstructionObstacleTwoWays,Town15_Rep0_route_001095_route0_01_10_17_50_09,208,success,208,True,208,1.0,208,1.0,False,written,AutoMoT/keyframe_filter/collection_output/r2_rgb_route_sheets_20260708/route_sheets/ConstructionObstacleTwoWays/Town15_Rep0_route_001095_route0_01_10_17_50_09/page_000.jpg,AutoMoT/keyframe_filter/collection_output/r2_rgb_route_sheets_20260708/route_sheets/ConstructionObstacleTwoWays/Town15_Rep0_route_001095_route0_01_10_17_50_09,"{""R2"": 208}","{""R-E1"": 107, ""R-E2"": 18, ""U-E2"": 83}"
ConstructionObstacleTwoWays,Town15_Rep0_route_001096_route0_01_09_16_42_41,104,success,104,True,104,1.0,104,1.0,False,written,AutoMoT/keyframe_filter/collection_output/r2_rgb_route_sheets_20260708/route_sheets/ConstructionObstacleTwoWays/Town15_Rep0_route_001096_route0_01_09_16_42_41/page_000.jpg,AutoMoT/keyframe_filter/collection_output/r2_rgb_route_sheets_20260708/route_sheets/ConstructionObstacleTwoWays/Town15_Rep0_route_001096_route0_01_09_16_42_41,"{""R2"": 104}","{""R-E1"": 8, ""R-E2"": 16, ""U-E2"": 80}"
ConstructionObstacleTwoWays,Town15_Rep0_route_001104_route0_01_10_04_04_37,234,success,234,True,234,1.0,234,1.0,False,written,AutoMoT/keyframe_filter/collection_output/r2_rgb_route_sheets_20260708/route_sheets/ConstructionObstacleTwoWays/Town15_Rep0_route_001104_route0_01_10_04_04_37/page_000.jpg,AutoMoT/keyframe_filter/collection_output/r2_rgb_route_sheets_20260708/route_sheets/ConstructionObstacleTwoWays/Town15_Rep0_route_001104_route0_01_10_04_04_37,"{""R2"": 234}","{""R-E1"": 136, ""R-E2"": 17, ""U-E2"": 81}"
ConstructionObstacleTwoWays,Town15_Rep0_route_001110_route0_01_09_08_34_16,180,success,180,True,180,1.0,180,1.0,False,written,AutoMoT/keyframe_filter/collection_output/r2_rgb_route_sheets_20260708/route_sheets/ConstructionObstacleTwoWays/Town15_Rep0_route_001110_route0_01_09_08_34_16/page_000.jpg,AutoMoT/keyframe_filter/collection_output/r2_rgb_route_sheets_20260708/route_sheets/ConstructionObstacleTwoWays/Town15_Rep0_route_001110_route0_01_09_08_34_16,"{""R2"": 180}","{""R-E1"": 83, ""R-E2"": 16, ""U-E2"": 81}"
ConstructionObstacleTwoWays,Town15_Rep0_route_001119_route0_01_08_06_43_02,127,success,127,True,127,1.0,127,1.0,False,written,AutoMoT/keyframe_filter/collection_output/r2_rgb_route_sheets_20260708/route_sheets/ConstructionObstacleTwoWays/Town15_Rep0_route_001119_route0_01_08_06_43_02/page_000.jpg,AutoMoT/keyframe_filter/collection_output/r2_rgb_route_sheets_20260708/route_sheets/ConstructionObstacleTwoWays/Town15_Rep0_route_001119_route0_01_08_06_43_02,"{""R2"": 127}","{""R-E1"": 118, ""U-E2"": 9}"
ConstructionObstacleTwoWays,Town15_Rep0_route_001120_route0_01_09_16_13_24,127,success,127,True,127,1.0,127,1.0,False,written,AutoMoT/keyframe_filter/collection_output/r2_rgb_route_sheets_20260708/route_sheets/ConstructionObstacleTwoWays/Town15_Rep0_route_001120_route0_01_09_16_13_24/page_000.jpg,AutoMoT/keyframe_filter/collection_output/r2_rgb_route_sheets_20260708/route_sheets/ConstructionObstacleTwoWays/Town15_Rep0_route_001120_route0_01_09_16_13_24,"{""R2"": 127}","{""R-E1"": 118, ""U-E2"": 9}"
ConstructionObstacleTwoWays,Town15_Rep0_route_001121_route0_01_11_03_17_25,188,success,188,True,188,1.0,188,1.0,False,written,AutoMoT/keyframe_filter/collection_output/r2_rgb_route_sheets_20260708/route_sheets/ConstructionObstacleTwoWays/Town15_Rep0_route_001121_route0_01_11_03_17_25/page_000.jpg,AutoMoT/keyframe_filter/collection_output/r2_rgb_route_sheets_20260708/route_sheets/ConstructionObstacleTwoWays/Town15_Rep0_route_001121_route0_01_11_03_17_25,"{""R2"": 188}","{""R-E1"": 96, ""R-E2"": 16, ""U-E2"": 76}"
ConstructionObstacleTwoWays,Town15_Rep0_route_001122_route0_01_08_12_44_57,206,success,206,True,206,1.0,206,1.0,False,written,AutoMoT/keyframe_filter/collection_output/r2_rgb_route_sheets_20260708/route_sheets/ConstructionObstacleTwoWays/Town15_Rep0_route_001122_route0_01_08_12_44_57/page_000.jpg,AutoMoT/keyframe_filter/collection_output/r2_rgb_route_sheets_20260708/route_sheets/ConstructionObstacleTwoWays/Town15_Rep0_route_001122_route0_01_08_12_44_57,"{""R2"": 206}","{""R-E1"": 105, ""R-E2"": 21, ""U-E2"": 80}"
ConstructionObstacleTwoWays,Town15_Rep0_route_001123_route0_01_09_10_05_15,104,success,104,True,104,1.0,104,1.0,False,written,AutoMoT/keyframe_filter/collection_output/r2_rgb_route_sheets_20260708/route_sheets/ConstructionObstacleTwoWays/Town15_Rep0_route_001123_route0_01_09_10_05_15/page_000.jpg,AutoMoT/keyframe_filter/collection_output/r2_rgb_route_sheets_20260708/route_sheets/ConstructionObstacleTwoWays/Town15_Rep0_route_001123_route0_01_09_10_05_15,"{""R2"": 104}","{""R-E1"": 11, ""R-E2"": 16, ""U-E2"": 77}"
ConstructionObstacleTwoWays,Town15_Rep0_route_001194_route0_01_11_14_22_32,241,success,241,True,241,1.0,241,1.0,False,written,AutoMoT/keyframe_filter/collection_output/r2_rgb_route_sheets_20260708/route_sheets/ConstructionObstacleTwoWays/Town15_Rep0_route_001194_route0_01_11_14_22_32/page_000.jpg,AutoMoT/keyframe_filter/collection_output/r2_rgb_route_sheets_20260708/route_sheets/ConstructionObstacleTwoWays/Town15_Rep0_route_001194_route0_01_11_14_22_32,"{""R2"": 241}","{""R-E1"": 145, ""R-E2"": 20, ""U-E2"": 76}"
ConstructionObstacleTwoWays,Town15_Rep0_route_001209_route0_01_09_01_58_48,129,success,129,True,129,1.0,129,1.0,False,written,AutoMoT/keyframe_filter/collection_output/r2_rgb_route_sheets_20260708/route_sheets/ConstructionObstacleTwoWays/Town15_Rep0_route_001209_route0_01_09_01_58_48/page_000.jpg,AutoMoT/keyframe_filter/collection_output/r2_rgb_route_sheets_20260708/route_sheets/ConstructionObstacleTwoWays/Town15_Rep0_route_001209_route0_01_09_01_58_48,"{""R2"": 129}","{""R-E1"": 121, ""U-E2"": 8}"
ConstructionObstacleTwoWays,Town15_Rep0_route_001210_route0_01_08_00_25_12,126,success,126,True,126,1.0,126,1.0,False,written,AutoMoT/keyframe_filter/collection_output/r2_rgb_route_sheets_20260708/route_sheets/ConstructionObstacleTwoWays/Town15_Rep0_route_001210_route0_01_08_00_25_12/page_000.jpg,AutoMoT/keyframe_filter/collection_output/r2_rgb_route_sheets_20260708/route_sheets/ConstructionObstacleTwoWays/Town15_Rep0_route_001210_route0_01_08_00_25_12,"{""R2"": 126}","{""R-E1"": 117, ""U-E2"": 9}"
ConstructionObstacleTwoWays,Town15_Rep0_route_001211_route0_01_10_00_32_06,188,success,188,True,188,1.0,188,1.0,False,written,AutoMoT/keyframe_filter/collection_output/r2_rgb_route_sheets_20260708/route_sheets/ConstructionObstacleTwoWays/Town15_Rep0_route_001211_route0_01_10_00_32_06/page_000.jpg,AutoMoT/keyframe_filter/collection_output/r2_rgb_route_sheets_20260708/route_sheets/ConstructionObstacleTwoWays/Town15_Rep0_route_001211_route0_01_10_00_32_06,"{""R2"": 188}","{""R-E1"": 83, ""R-E2"": 16, ""U-E2"": 89}"
ConstructionObstacleTwoWays,Town15_Rep0_route_001212_route0_01_08_16_07_10,185,success,185,True,185,1.0,185,1.0,False,written,AutoMoT/keyframe_filter/collection_output/r2_rgb_route_sheets_20260708/route_sheets/ConstructionObstacleTwoWays/Town15_Rep0_route_001212_route0_01_08_16_07_10/page_000.jpg,AutoMoT/keyframe_filter/collection_output/r2_rgb_route_sheets_20260708/route_sheets/ConstructionObstacleTwoWays/Town15_Rep0_route_001212_route0_01_08_16_07_10,"{""R2"": 185}","{""R-E1"": 79, ""R-E2"": 20, ""U-E2"": 86}"
ConstructionObstacleTwoWays,Town15_Rep0_route_001213_route0_01_10_16_59_08,130,success,130,True,130,1.0,130,1.0,False,written,AutoMoT/keyframe_filter/collection_output/r2_rgb_route_sheets_20260708/route_sheets/ConstructionObstacleTwoWays/Town15_Rep0_route_001213_route0_01_10_16_59_08/page_000.jpg,AutoMoT/keyframe_filter/collection_output/r2_rgb_route_sheets_20260708/route_sheets/ConstructionObstacleTwoWays/Town15_Rep0_route_001213_route0_01_10_16_59_08,"{""R2"": 130}","{""R-E1"": 11, ""R-E2"": 16, ""U-E2"": 103}"
ConstructionObstacleTwoWays,Town15_Rep0_route_001220_route0_01_08_14_55_29,235,success,235,True,235,1.0,235,1.0,False,written,AutoMoT/keyframe_filter/collection_output/r2_rgb_route_sheets_20260708/route_sheets/ConstructionObstacleTwoWays/Town15_Rep0_route_001220_route0_01_08_14_55_29/page_000.jpg,AutoMoT/keyframe_filter/collection_output/r2_rgb_route_sheets_20260708/route_sheets/ConstructionObstacleTwoWays/Town15_Rep0_route_001220_route0_01_08_14_55_29,"{""R2"": 235}","{""R-E1"": 141, ""R-E2"": 16, ""U-E2"": 78}"
ConstructionObstacleTwoWays,Town15_Rep0_route_001226_route0_01_08_23_55_47,163,success,163,True,163,1.0,163,1.0,False,written,AutoMoT/keyframe_filter/collection_output/r2_rgb_route_sheets_20260708/route_sheets/ConstructionObstacleTwoWays/Town15_Rep0_route_001226_route0_01_08_23_55_47/page_000.jpg,AutoMoT/keyframe_filter/collection_output/r2_rgb_route_sheets_20260708/route_sheets/ConstructionObstacleTwoWays/Town15_Rep0_route_001226_route0_01_08_23_55_47,"{""R2"": 163}","{""R-E1"": 93, ""R-E2"": 21, ""U-E2"": 49}"
ConstructionObstacleTwoWays,Town15_Rep0_route_001236_route0_01_09_11_36_21,134,success,134,True,134,1.0,134,1.0,False,written,AutoMoT/keyframe_filter/collection_output/r2_rgb_route_sheets_20260708/route_sheets/ConstructionObstacleTwoWays/Town15_Rep0_route_001236_route0_01_09_11_36_21/page_000.jpg,AutoMoT/keyframe_filter/collection_output/r2_rgb_route_sheets_20260708/route_sheets/ConstructionObstacleTwoWays/Town15_Rep0_route_001236_route0_01_09_11_36_21,"{""R2"": 134}","{""R-E1"": 125, ""U-E2"": 9}"
ConstructionObstacleTwoWays,Town15_Rep0_route_001237_route0_01_08_03_13_31,211,success,211,True,211,1.0,211,1.0,False,written,AutoMoT/keyframe_filter/collection_output/r2_rgb_route_sheets_20260708/route_sheets/ConstructionObstacleTwoWays/Town15_Rep0_route_001237_route0_01_08_03_13_31/page_000.jpg,AutoMoT/keyframe_filter/collection_output/r2_rgb_route_sheets_20260708/route_sheets/ConstructionObstacleTwoWays/Town15_Rep0_route_001237_route0_01_08_03_13_31,"{""R2"": 211}","{""R-E1"": 109, ""R-E2"": 26, ""U-E2"": 76}"
ConstructionObstacleTwoWays,Town15_Rep0_route_001238_route0_01_11_00_43_33,208,success,208,True,208,1.0,208,1.0,False,written,AutoMoT/keyframe_filter/collection_output/r2_rgb_route_sheets_20260708/route_sheets/ConstructionObstacleTwoWays/Town15_Rep0_route_001238_route0_01_11_00_43_33/page_000.jpg,AutoMoT/keyframe_filter/collection_output/r2_rgb_route_sheets_20260708/route_sheets/ConstructionObstacleTwoWays/Town15_Rep0_route_001238_route0_01_11_00_43_33,"{""R2"": 208}","{""R-E1"": 103, ""R-E2"": 21, ""U-E2"": 84}"
ConstructionObstacleTwoWays,Town15_Rep0_route_001239_route0_01_10_06_15_28,104,success,104,True,104,1.0,104,1.0,False,written,AutoMoT/keyframe_filter/collection_output/r2_rgb_route_sheets_20260708/route_sheets/ConstructionObstacleTwoWays/Town15_Rep0_route_001239_route0_01_10_06_15_28/page_000.jpg,AutoMoT/keyframe_filter/collection_output/r2_rgb_route_sheets_20260708/route_sheets/ConstructionObstacleTwoWays/Town15_Rep0_route_001239_route0_01_10_06_15_28,"{""R2"": 104}","{""R-E1"": 10, ""R-E2"": 17, ""U-E2"": 77}"
ConstructionObstacleTwoWays,Town15_Rep0_route_001289_route0_01_10_07_44_40,210,success,210,True,210,1.0,210,1.0,False,written,AutoMoT/keyframe_filter/collection_output/r2_rgb_route_sheets_20260708/route_sheets/ConstructionObstacleTwoWays/Town15_Rep0_route_001289_route0_01_10_07_44_40/page_000.jpg,AutoMoT/keyframe_filter/collection_output/r2_rgb_route_sheets_20260708/route_sheets/ConstructionObstacleTwoWays/Town15_Rep0_route_001289_route0_01_10_07_44_40,"{""R2"": 210}","{""R-E1"": 150, ""R-E2"": 16, ""U-E2"": 44}"
ConstructionObstacleTwoWays,Town15_Rep0_route_001295_route0_01_09_07_14_28,169,success,169,True,169,1.0,169,1.0,False,written,AutoMoT/keyframe_filter/collection_output/r2_rgb_route_sheets_20260708/route_sheets/ConstructionObstacleTwoWays/Town15_Rep0_route_001295_route0_01_09_07_14_28/page_000.jpg,AutoMoT/keyframe_filter/collection_output/r2_rgb_route_sheets_20260708/route_sheets/ConstructionObstacleTwoWays/Town15_Rep0_route_001295_route0_01_09_07_14_28,"{""R2"": 169}","{""R-E1"": 71, ""R-E2"": 20, ""U-E2"": 78}"
ConstructionObstacleTwoWays,Town15_Rep0_route_001304_route0_01_09_17_54_25,128,success,128,True,128,1.0,128,1.0,False,written,AutoMoT/keyframe_filter/collection_output/r2_rgb_route_sheets_20260708/route_sheets/ConstructionObstacleTwoWays/Town15_Rep0_route_001304_route0_01_09_17_54_25/page_000.jpg,AutoMoT/keyframe_filter/collection_output/r2_rgb_route_sheets_20260708/route_sheets/ConstructionObstacleTwoWays/Town15_Rep0_route_001304_route0_01_09_17_54_25,"{""R2"": 128}","{""R-E1"": 115, ""U-E2"": 13}"
ConstructionObstacleTwoWays,Town15_Rep0_route_001305_route0_01_08_12_21_40,131,success,131,True,131,1.0,131,1.0,False,written,AutoMoT/keyframe_filter/collection_output/r2_rgb_route_sheets_20260708/route_sheets/ConstructionObstacleTwoWays/Town15_Rep0_route_001305_route0_01_08_12_21_40/page_000.jpg,AutoMoT/keyframe_filter/collection_output/r2_rgb_route_sheets_20260708/route_sheets/ConstructionObstacleTwoWays/Town15_Rep0_route_001305_route0_01_08_12_21_40,"{""R2"": 131}","{""R-E1"": 118, ""U-E2"": 13}"
ConstructionObstacleTwoWays,Town15_Rep0_route_001307_route0_01_10_05_36_36,183,success,183,True,183,1.0,183,1.0,False,written,AutoMoT/keyframe_filter/collection_output/r2_rgb_route_sheets_20260708/route_sheets/ConstructionObstacleTwoWays/Town15_Rep0_route_001307_route0_01_10_05_36_36/page_000.jpg,AutoMoT/keyframe_filter/collection_output/r2_rgb_route_sheets_20260708/route_sheets/ConstructionObstacleTwoWays/Town15_Rep0_route_001307_route0_01_10_05_36_36,"{""R2"": 183}","{""R-E1"": 91, ""R-E2"": 16, ""U-E2"": 76}"
ConstructionObstacleTwoWays,Town15_Rep0_route_001308_route0_01_07_23_38_12,52,success,52,True,52,1.0,52,1.0,False,written,AutoMoT/keyframe_filter/collection_output/r2_rgb_route_sheets_20260708/route_sheets/ConstructionObstacleTwoWays/Town15_Rep0_route_001308_route0_01_07_23_38_12/page_000.jpg,AutoMoT/keyframe_filter/collection_output/r2_rgb_route_sheets_20260708/route_sheets/ConstructionObstacleTwoWays/Town15_Rep0_route_001308_route0_01_07_23_38_12,"{""R2"": 52}","{""R-E1"": 46, ""R-E2"": 6}"
ConstructionObstacleTwoWays,Town15_Rep0_route_001316_route0_01_10_04_53_06,236,success,236,True,236,1.0,236,1.0,False,written,AutoMoT/keyframe_filter/collection_output/r2_rgb_route_sheets_20260708/route_sheets/ConstructionObstacleTwoWays/Town15_Rep0_route_001316_route0_01_10_04_53_06/page_000.jpg,AutoMoT/keyframe_filter/collection_output/r2_rgb_route_sheets_20260708/route_sheets/ConstructionObstacleTwoWays/Town15_Rep0_route_001316_route0_01_10_04_53_06,"{""R2"": 236}","{""R-E1"": 136, ""R-E2"": 20, ""U-E2"": 80}"
ConstructionObstacleTwoWays,Town15_Rep0_route_001322_route0_01_09_17_51_47,190,success,190,True,190,1.0,190,1.0,False,written,AutoMoT/keyframe_filter/collection_output/r2_rgb_route_sheets_20260708/route_sheets/ConstructionObstacleTwoWays/Town15_Rep0_route_001322_route0_01_09_17_51_47/page_000.jpg,AutoMoT/keyframe_filter/collection_output/r2_rgb_route_sheets_20260708/route_sheets/ConstructionObstacleTwoWays/Town15_Rep0_route_001322_route0_01_09_17_51_47,"{""R2"": 190}","{""R-E1"": 91, ""R-E2"": 20, ""U-E2"": 79}"
ConstructionObstacleTwoWays,Town15_Rep0_route_001331_route0_01_09_22_40_36,126,success,126,True,126,1.0,126,1.0,False,written,AutoMoT/keyframe_filter/collection_output/r2_rgb_route_sheets_20260708/route_sheets/ConstructionObstacleTwoWays/Town15_Rep0_route_001331_route0_01_09_22_40_36/page_000.jpg,AutoMoT/keyframe_filter/collection_output/r2_rgb_route_sheets_20260708/route_sheets/ConstructionObstacleTwoWays/Town15_Rep0_route_001331_route0_01_09_22_40_36,"{""R2"": 126}","{""R-E1"": 118, ""U-E2"": 8}"
ConstructionObstacleTwoWays,Town15_Rep0_route_001332_route0_01_08_06_52_34,148,success,148,True,148,1.0,148,1.0,False,written,AutoMoT/keyframe_filter/collection_output/r2_rgb_route_sheets_20260708/route_sheets/ConstructionObstacleTwoWays/Town15_Rep0_route_001332_route0_01_08_06_52_34/page_000.jpg,AutoMoT/keyframe_filter/collection_output/r2_rgb_route_sheets_20260708/route_sheets/ConstructionObstacleTwoWays/Town15_Rep0_route_001332_route0_01_08_06_52_34,"{""R2"": 148}","{""R-E1"": 139, ""U-E2"": 9}"
ConstructionObstacleTwoWays,Town15_Rep0_route_001333_route0_01_10_05_17_36,188,success,188,True,188,1.0,188,1.0,False,written,AutoMoT/keyframe_filter/collection_output/r2_rgb_route_sheets_20260708/route_sheets/ConstructionObstacleTwoWays/Town15_Rep0_route_001333_route0_01_10_05_17_36/page_000.jpg,AutoMoT/keyframe_filter/collection_output/r2_rgb_route_sheets_20260708/route_sheets/ConstructionObstacleTwoWays/Town15_Rep0_route_001333_route0_01_10_05_17_36,"{""R2"": 188}","{""R-E1"": 95, ""R-E2"": 16, ""U-E2"": 77}"
ConstructionObstacleTwoWays,Town15_Rep0_route_001334_route0_01_09_11_55_36,183,success,183,True,183,1.0,183,1.0,False,written,AutoMoT/keyframe_filter/collection_output/r2_rgb_route_sheets_20260708/route_sheets/ConstructionObstacleTwoWays/Town15_Rep0_route_001334_route0_01_09_11_55_36/page_000.jpg,AutoMoT/keyframe_filter/collection_output/r2_rgb_route_sheets_20260708/route_sheets/ConstructionObstacleTwoWays/Town15_Rep0_route_001334_route0_01_09_11_55_36,"{""R2"": 183}","{""R-E1"": 80, ""R-E2"": 16, ""U-E2"": 87}"
ConstructionObstacleTwoWays,Town15_Rep0_route_001335_route0_01_09_19_32_53,58,success,58,True,58,1.0,58,1.0,False,written,AutoMoT/keyframe_filter/collection_output/r2_rgb_route_sheets_20260708/route_sheets/ConstructionObstacleTwoWays/Town15_Rep0_route_001335_route0_01_09_19_32_53/page_000.jpg,AutoMoT/keyframe_filter/collection_output/r2_rgb_route_sheets_20260708/route_sheets/ConstructionObstacleTwoWays/Town15_Rep0_route_001335_route0_01_09_19_32_53,"{""R2"": 58}","{""R-E2"": 29, ""U-E2"": 29}"
ConstructionObstacleTwoWays,Town07_Rep0_route_001185_route0_01_08_20_30_14,69,success,69,True,69,1.0,68,0.9855,False,written,AutoMoT/keyframe_filter/collection_output/r2_rgb_route_sheets_20260708/route_sheets/ConstructionObstacleTwoWays/Town07_Rep0_route_001185_route0_01_08_20_30_14/page_000.jpg,AutoMoT/keyframe_filter/collection_output/r2_rgb_route_sheets_20260708/route_sheets/ConstructionObstacleTwoWays/Town07_Rep0_route_001185_route0_01_08_20_30_14,"{""R2"": 69}","{""R-E1"": 1, ""R-E2"": 30, ""U-E2"": 38}"
ConstructionObstacleTwoWays,Town15_Rep0_route_001320_route0_01_09_17_55_01,305,success,305,True,305,1.0,295,0.9672,False,written,AutoMoT/keyframe_filter/collection_output/r2_rgb_route_sheets_20260708/route_sheets/ConstructionObstacleTwoWays/Town15_Rep0_route_001320_route0_01_09_17_55_01/page_000.jpg,AutoMoT/keyframe_filter/collection_output/r2_rgb_route_sheets_20260708/route_sheets/ConstructionObstacleTwoWays/Town15_Rep0_route_001320_route0_01_09_17_55_01,"{""R2"": 305}","{""R-E1"": 167, ""R-E2"": 17, ""U-E2"": 121}"
ConstructionObstacleTwoWays,Town15_Rep0_route_001108_route0_01_10_01_07_30,268,success,268,True,268,1.0,259,0.9664,False,written,AutoMoT/keyframe_filter/collection_output/r2_rgb_route_sheets_20260708/route_sheets/ConstructionObstacleTwoWays/Town15_Rep0_route_001108_route0_01_10_01_07_30/page_000.jpg,AutoMoT/keyframe_filter/collection_output/r2_rgb_route_sheets_20260708/route_sheets/ConstructionObstacleTwoWays/Town15_Rep0_route_001108_route0_01_10_01_07_30,"{""R2"": 268}","{""R-E1"": 139, ""R-E2"": 16, ""U-E2"": 113}"
ConstructionObstacleTwoWays,Town15_Rep0_route_001081_route0_01_10_08_46_09,240,success,240,True,240,1.0,231,0.9625,False,written,AutoMoT/keyframe_filter/collection_output/r2_rgb_route_sheets_20260708/route_sheets/ConstructionObstacleTwoWays/Town15_Rep0_route_001081_route0_01_10_08_46_09/page_000.jpg,AutoMoT/keyframe_filter/collection_output/r2_rgb_route_sheets_20260708/route_sheets/ConstructionObstacleTwoWays/Town15_Rep0_route_001081_route0_01_10_08_46_09,"{""R2"": 240}","{""R-E1"": 135, ""R-E2"": 20, ""U-E2"": 85}"
ConstructionObstacleTwoWays,Town15_Rep0_route_001198_route0_01_11_01_54_29,239,success,239,True,239,1.0,230,0.9623,False,written,AutoMoT/keyframe_filter/collection_output/r2_rgb_route_sheets_20260708/route_sheets/ConstructionObstacleTwoWays/Town15_Rep0_route_001198_route0_01_11_01_54_29/page_000.jpg,AutoMoT/keyframe_filter/collection_output/r2_rgb_route_sheets_20260708/route_sheets/ConstructionObstacleTwoWays/Town15_Rep0_route_001198_route0_01_11_01_54_29,"{""R2"": 239}","{""R-E1"": 139, ""R-E2"": 16, ""U-E2"": 84}"
ConstructionObstacleTwoWays,Town01_Rep0_route_001279_route0_01_10_14_51_52,148,success,148,True,148,1.0,139,0.9392,False,written,AutoMoT/keyframe_filter/collection_output/r2_rgb_route_sheets_20260708/route_sheets/ConstructionObstacleTwoWays/Town01_Rep0_route_001279_route0_01_10_14_51_52/page_000.jpg,AutoMoT/keyframe_filter/collection_output/r2_rgb_route_sheets_20260708/route_sheets/ConstructionObstacleTwoWays/Town01_Rep0_route_001279_route0_01_10_14_51_52,"{""R2"": 148}","{""R-E1"": 77, ""R-E2"": 16, ""U-E2"": 55}"
ConstructionObstacleTwoWays,Town01_Rep0_route_001283_route0_01_10_01_44_29,126,success,126,True,126,1.0,117,0.9286,False,written,AutoMoT/keyframe_filter/collection_output/r2_rgb_route_sheets_20260708/route_sheets/ConstructionObstacleTwoWays/Town01_Rep0_route_001283_route0_01_10_01_44_29/page_000.jpg,AutoMoT/keyframe_filter/collection_output/r2_rgb_route_sheets_20260708/route_sheets/ConstructionObstacleTwoWays/Town01_Rep0_route_001283_route0_01_10_01_44_29,"{""R2"": 126}","{""R-E1"": 69, ""R-E2"": 14, ""U-E2"": 43}"
ConstructionObstacleTwoWays,Town15_Rep0_route_001107_route0_01_09_07_43_22,189,success,189,True,189,1.0,175,0.9259,False,written,AutoMoT/keyframe_filter/collection_output/r2_rgb_route_sheets_20260708/route_sheets/ConstructionObstacleTwoWays/Town15_Rep0_route_001107_route0_01_09_07_43_22/page_000.jpg,AutoMoT/keyframe_filter/collection_output/r2_rgb_route_sheets_20260708/route_sheets/ConstructionObstacleTwoWays/Town15_Rep0_route_001107_route0_01_09_07_43_22,"{""R2"": 189}","{""R-E1"": 89, ""R-E2"": 18, ""U-E2"": 82}"
ConstructionObstacleTwoWays,Town15_Rep0_route_001223_route0_01_09_07_49_45,189,success,189,True,189,1.0,175,0.9259,False,written,AutoMoT/keyframe_filter/collection_output/r2_rgb_route_sheets_20260708/route_sheets/ConstructionObstacleTwoWays/Town15_Rep0_route_001223_route0_01_09_07_49_45/page_000.jpg,AutoMoT/keyframe_filter/collection_output/r2_rgb_route_sheets_20260708/route_sheets/ConstructionObstacleTwoWays/Town15_Rep0_route_001223_route0_01_09_07_49_45,"{""R2"": 189}","{""R-E1"": 86, ""R-E2"": 22, ""U-E2"": 81}"
ConstructionObstacleTwoWays,Town15_Rep0_route_001227_route0_01_10_12_27_27,241,success,241,True,241,1.0,222,0.9212,False,written,AutoMoT/keyframe_filter/collection_output/r2_rgb_route_sheets_20260708/route_sheets/ConstructionObstacleTwoWays/Town15_Rep0_route_001227_route0_01_10_12_27_27/page_000.jpg,AutoMoT/keyframe_filter/collection_output/r2_rgb_route_sheets_20260708/route_sheets/ConstructionObstacleTwoWays/Town15_Rep0_route_001227_route0_01_10_12_27_27,"{""R2"": 241}","{""R-E1"": 135, ""R-E2"": 21, ""U-E2"": 85}"
ConstructionObstacleTwoWays,Town15_Rep0_route_001080_route0_01_09_13_29_19,188,success,188,True,188,1.0,173,0.9202,False,written,AutoMoT/keyframe_filter/collection_output/r2_rgb_route_sheets_20260708/route_sheets/ConstructionObstacleTwoWays/Town15_Rep0_route_001080_route0_01_09_13_29_19/page_000.jpg,AutoMoT/keyframe_filter/collection_output/r2_rgb_route_sheets_20260708/route_sheets/ConstructionObstacleTwoWays/Town15_Rep0_route_001080_route0_01_09_13_29_19,"{""R2"": 188}","{""R-E1"": 90, ""R-E2"": 19, ""U-E2"": 79}"
ConstructionObstacleTwoWays,Town15_Rep0_route_001201_route0_01_08_14_12_40,234,success,234,True,234,1.0,215,0.9188,False,written,AutoMoT/keyframe_filter/collection_output/r2_rgb_route_sheets_20260708/route_sheets/ConstructionObstacleTwoWays/Town15_Rep0_route_001201_route0_01_08_14_12_40/page_000.jpg,AutoMoT/keyframe_filter/collection_output/r2_rgb_route_sheets_20260708/route_sheets/ConstructionObstacleTwoWays/Town15_Rep0_route_001201_route0_01_08_14_12_40,"{""R2"": 234}","{""R-E1"": 128, ""R-E2"": 17, ""U-E2"": 89}"
ConstructionObstacleTwoWays,Town15_Rep0_route_001296_route0_01_09_16_23_49,229,success,229,True,229,1.0,210,0.917,False,written,AutoMoT/keyframe_filter/collection_output/r2_rgb_route_sheets_20260708/route_sheets/ConstructionObstacleTwoWays/Town15_Rep0_route_001296_route0_01_09_16_23_49/page_000.jpg,AutoMoT/keyframe_filter/collection_output/r2_rgb_route_sheets_20260708/route_sheets/ConstructionObstacleTwoWays/Town15_Rep0_route_001296_route0_01_09_16_23_49,"{""R2"": 229}","{""R-E1"": 136, ""R-E2"": 17, ""U-E2"": 76}"
ConstructionObstacleTwoWays,Town15_Rep0_route_001323_route0_01_08_10_40_07,229,success,229,True,229,1.0,210,0.917,False,written,AutoMoT/keyframe_filter/collection_output/r2_rgb_route_sheets_20260708/route_sheets/ConstructionObstacleTwoWays/Town15_Rep0_route_001323_route0_01_08_10_40_07/page_000.jpg,AutoMoT/keyframe_filter/collection_output/r2_rgb_route_sheets_20260708/route_sheets/ConstructionObstacleTwoWays/Town15_Rep0_route_001323_route0_01_08_10_40_07,"{""R2"": 229}","{""R-E1"": 122, ""R-E2"": 22, ""U-E2"": 85}"
ConstructionObstacleTwoWays,Town15_Rep0_route_001192_route0_01_10_08_49_37,237,success,237,True,237,1.0,217,0.9156,False,written,AutoMoT/keyframe_filter/collection_output/r2_rgb_route_sheets_20260708/route_sheets/ConstructionObstacleTwoWays/Town15_Rep0_route_001192_route0_01_10_08_49_37/page_000.jpg,AutoMoT/keyframe_filter/collection_output/r2_rgb_route_sheets_20260708/route_sheets/ConstructionObstacleTwoWays/Town15_Rep0_route_001192_route0_01_10_08_49_37,"{""R2"": 237}","{""R-E1"": 128, ""R-E2"": 20, ""U-E2"": 89}"
ConstructionObstacleTwoWays,Town15_Rep0_route_001197_route0_01_10_23_30_54,212,success,212,True,212,1.0,194,0.9151,False,written,AutoMoT/keyframe_filter/collection_output/r2_rgb_route_sheets_20260708/route_sheets/ConstructionObstacleTwoWays/Town15_Rep0_route_001197_route0_01_10_23_30_54/page_000.jpg,AutoMoT/keyframe_filter/collection_output/r2_rgb_route_sheets_20260708/route_sheets/ConstructionObstacleTwoWays/Town15_Rep0_route_001197_route0_01_10_23_30_54,"{""R2"": 212}","{""R-E1"": 114, ""R-E2"": 17, ""U-E2"": 81}"
ConstructionObstacleTwoWays,Town15_Rep0_route_001319_route0_01_11_01_20_43,212,success,212,True,212,1.0,194,0.9151,False,written,AutoMoT/keyframe_filter/collection_output/r2_rgb_route_sheets_20260708/route_sheets/ConstructionObstacleTwoWays/Town15_Rep0_route_001319_route0_01_11_01_20_43/page_000.jpg,AutoMoT/keyframe_filter/collection_output/r2_rgb_route_sheets_20260708/route_sheets/ConstructionObstacleTwoWays/Town15_Rep0_route_001319_route0_01_11_01_20_43,"{""R2"": 212}","{""R-E1"": 108, ""R-E2"": 22, ""U-E2"": 82}"
ConstructionObstacleTwoWays,Town15_Rep0_route_001315_route0_01_08_20_38_20,234,success,234,True,234,1.0,214,0.9145,False,written,AutoMoT/keyframe_filter/collection_output/r2_rgb_route_sheets_20260708/route_sheets/ConstructionObstacleTwoWays/Town15_Rep0_route_001315_route0_01_08_20_38_20/page_000.jpg,AutoMoT/keyframe_filter/collection_output/r2_rgb_route_sheets_20260708/route_sheets/ConstructionObstacleTwoWays/Town15_Rep0_route_001315_route0_01_08_20_38_20,"{""R2"": 234}","{""R-E1"": 133, ""R-E2"": 16, ""U-E2"": 85}"
ConstructionObstacleTwoWays,Town15_Rep0_route_001076_route0_01_10_11_24_28,233,success,233,True,233,1.0,213,0.9142,False,written,AutoMoT/keyframe_filter/collection_output/r2_rgb_route_sheets_20260708/route_sheets/ConstructionObstacleTwoWays/Town15_Rep0_route_001076_route0_01_10_11_24_28/page_000.jpg,AutoMoT/keyframe_filter/collection_output/r2_rgb_route_sheets_20260708/route_sheets/ConstructionObstacleTwoWays/Town15_Rep0_route_001076_route0_01_10_11_24_28,"{""R2"": 233}","{""R-E1"": 134, ""R-E2"": 16, ""U-E2"": 83}"
ConstructionObstacleTwoWays,Town15_Rep0_route_001287_route0_01_10_13_30_06,230,success,230,True,230,1.0,210,0.913,False,written,AutoMoT/keyframe_filter/collection_output/r2_rgb_route_sheets_20260708/route_sheets/ConstructionObstacleTwoWays/Town15_Rep0_route_001287_route0_01_10_13_30_06/page_000.jpg,AutoMoT/keyframe_filter/collection_output/r2_rgb_route_sheets_20260708/route_sheets/ConstructionObstacleTwoWays/Town15_Rep0_route_001287_route0_01_10_13_30_06,"{""R2"": 230}","{""R-E1"": 137, ""R-E2"": 16, ""U-E2"": 77}"
ConstructionObstacleTwoWays,Town15_Rep0_route_001314_route0_01_10_00_12_06,230,success,230,True,230,1.0,210,0.913,False,written,AutoMoT/keyframe_filter/collection_output/r2_rgb_route_sheets_20260708/route_sheets/ConstructionObstacleTwoWays/Town15_Rep0_route_001314_route0_01_10_00_12_06/page_000.jpg,AutoMoT/keyframe_filter/collection_output/r2_rgb_route_sheets_20260708/route_sheets/ConstructionObstacleTwoWays/Town15_Rep0_route_001314_route0_01_10_00_12_06,"{""R2"": 230}","{""R-E1"": 129, ""R-E2"": 16, ""U-E2"": 85}"
ConstructionObstacleTwoWays,Town15_Rep0_route_001075_route0_01_08_00_44_13,227,success,227,True,227,1.0,207,0.9119,False,written,AutoMoT/keyframe_filter/collection_output/r2_rgb_route_sheets_20260708/route_sheets/ConstructionObstacleTwoWays/Town15_Rep0_route_001075_route0_01_08_00_44_13/page_000.jpg,AutoMoT/keyframe_filter/collection_output/r2_rgb_route_sheets_20260708/route_sheets/ConstructionObstacleTwoWays/Town15_Rep0_route_001075_route0_01_08_00_44_13,"{""R2"": 227}","{""R-E1"": 132, ""R-E2"": 16, ""U-E2"": 79}"
ConstructionObstacleTwoWays,Town15_Rep0_route_001084_route0_01_10_16_59_16,209,success,209,True,209,1.0,190,0.9091,False,written,AutoMoT/keyframe_filter/collection_output/r2_rgb_route_sheets_20260708/route_sheets/ConstructionObstacleTwoWays/Town15_Rep0_route_001084_route0_01_10_16_59_16/page_000.jpg,AutoMoT/keyframe_filter/collection_output/r2_rgb_route_sheets_20260708/route_sheets/ConstructionObstacleTwoWays/Town15_Rep0_route_001084_route0_01_10_16_59_16,"{""R2"": 209}","{""R-E1"": 133, ""R-E2"": 20, ""U-E2"": 56}"
ConstructionObstacleTwoWays,Town15_Rep0_route_001292_route0_01_09_02_45_54,215,success,215,True,215,1.0,195,0.907,False,written,AutoMoT/keyframe_filter/collection_output/r2_rgb_route_sheets_20260708/route_sheets/ConstructionObstacleTwoWays/Town15_Rep0_route_001292_route0_01_09_02_45_54/page_000.jpg,AutoMoT/keyframe_filter/collection_output/r2_rgb_route_sheets_20260708/route_sheets/ConstructionObstacleTwoWays/Town15_Rep0_route_001292_route0_01_09_02_45_54,"{""R2"": 215}","{""R-E1"": 125, ""R-E2"": 16, ""U-E2"": 74}"
ConstructionObstacleTwoWays,Town15_Rep0_route_001193_route0_01_09_09_06_16,263,success,263,True,263,1.0,238,0.9049,False,written,AutoMoT/keyframe_filter/collection_output/r2_rgb_route_sheets_20260708/route_sheets/ConstructionObstacleTwoWays/Town15_Rep0_route_001193_route0_01_09_09_06_16/page_000.jpg,AutoMoT/keyframe_filter/collection_output/r2_rgb_route_sheets_20260708/route_sheets/ConstructionObstacleTwoWays/Town15_Rep0_route_001193_route0_01_09_09_06_16,"{""R2"": 263}","{""R-E1"": 162, ""R-E2"": 16, ""U-E2"": 85}"
ConstructionObstacleTwoWays,Town15_Rep0_route_001219_route0_01_07_22_39_06,262,success,262,True,262,1.0,237,0.9046,False,written,AutoMoT/keyframe_filter/collection_output/r2_rgb_route_sheets_20260708/route_sheets/ConstructionObstacleTwoWays/Town15_Rep0_route_001219_route0_01_07_22_39_06/page_000.jpg,AutoMoT/keyframe_filter/collection_output/r2_rgb_route_sheets_20260708/route_sheets/ConstructionObstacleTwoWays/Town15_Rep0_route_001219_route0_01_07_22_39_06,"{""R2"": 262}","{""R-E1"": 160, ""R-E2"": 22, ""U-E2"": 80}"
ConstructionObstacleTwoWays,Town15_Rep0_route_001103_route0_01_09_16_52_45,269,success,269,True,269,1.0,243,0.9033,False,written,AutoMoT/keyframe_filter/collection_output/r2_rgb_route_sheets_20260708/route_sheets/ConstructionObstacleTwoWays/Town15_Rep0_route_001103_route0_01_09_16_52_45/page_000.jpg,AutoMoT/keyframe_filter/collection_output/r2_rgb_route_sheets_20260708/route_sheets/ConstructionObstacleTwoWays/Town15_Rep0_route_001103_route0_01_09_16_52_45,"{""R2"": 269}","{""R-E1"": 163, ""R-E2"": 20, ""U-E2"": 86}"
ConstructionObstacleTwoWays,Town15_Rep0_route_001218_route0_01_10_20_43_06,266,success,266,True,266,1.0,240,0.9023,False,written,AutoMoT/keyframe_filter/collection_output/r2_rgb_route_sheets_20260708/route_sheets/ConstructionObstacleTwoWays/Town15_Rep0_route_001218_route0_01_10_20_43_06/page_000.jpg,AutoMoT/keyframe_filter/collection_output/r2_rgb_route_sheets_20260708/route_sheets/ConstructionObstacleTwoWays/Town15_Rep0_route_001218_route0_01_10_20_43_06,"{""R2"": 266}","{""R-E1"": 169, ""R-E2"": 16, ""U-E2"": 81}"
ConstructionObstacleTwoWays,Town15_Rep0_route_001102_route0_01_08_05_28_10,237,success,237,True,237,1.0,212,0.8945,False,written,AutoMoT/keyframe_filter/collection_output/r2_rgb_route_sheets_20260708/route_sheets/ConstructionObstacleTwoWays/Town15_Rep0_route_001102_route0_01_08_05_28_10/page_000.jpg,AutoMoT/keyframe_filter/collection_output/r2_rgb_route_sheets_20260708/route_sheets/ConstructionObstacleTwoWays/Town15_Rep0_route_001102_route0_01_08_05_28_10,"{""R2"": 237}","{""R-E1"": 159, ""R-E2"": 23, ""U-E2"": 55}"
ConstructionObstacleTwoWays,Town15_Rep0_route_001288_route0_01_09_02_08_42,211,success,211,True,211,1.0,186,0.8815,False,written,AutoMoT/keyframe_filter/collection_output/r2_rgb_route_sheets_20260708/route_sheets/ConstructionObstacleTwoWays/Town15_Rep0_route_001288_route0_01_09_02_08_42/page_000.jpg,AutoMoT/keyframe_filter/collection_output/r2_rgb_route_sheets_20260708/route_sheets/ConstructionObstacleTwoWays/Town15_Rep0_route_001288_route0_01_09_02_08_42,"{""R2"": 211}","{""R-E1"": 143, ""R-E2"": 22, ""U-E2"": 46}"
ConstructionObstacleTwoWays,Town07_Rep0_route_001188_route0_01_09_00_24_05,82,success,82,True,82,1.0,69,0.8415,False,written,AutoMoT/keyframe_filter/collection_output/r2_rgb_route_sheets_20260708/route_sheets/ConstructionObstacleTwoWays/Town07_Rep0_route_001188_route0_01_09_00_24_05/page_000.jpg,AutoMoT/keyframe_filter/collection_output/r2_rgb_route_sheets_20260708/route_sheets/ConstructionObstacleTwoWays/Town07_Rep0_route_001188_route0_01_09_00_24_05,"{""R2"": 82}","{""R-E1"": 3, ""R-E2"": 42, ""U-E2"": 37}"
ConstructionObstacleTwoWays,Town15_Rep0_route_001112_route0_01_10_02_49_18,226,success,226,True,226,1.0,174,0.7699,False,written,AutoMoT/keyframe_filter/collection_output/r2_rgb_route_sheets_20260708/route_sheets/ConstructionObstacleTwoWays/Town15_Rep0_route_001112_route0_01_10_02_49_18/page_000.jpg,AutoMoT/keyframe_filter/collection_output/r2_rgb_route_sheets_20260708/route_sheets/ConstructionObstacleTwoWays/Town15_Rep0_route_001112_route0_01_10_02_49_18,"{""R2"": 226}","{""R-E1"": 136, ""R-E2"": 33, ""U-E2"": 57}"
ConstructionObstacleTwoWays,Town13_Rep0_1437_0_route0_01_09_18_55_17,162,success,162,True,162,1.0,77,0.4753,False,written,AutoMoT/keyframe_filter/collection_output/r2_rgb_route_sheets_20260708/route_sheets/ConstructionObstacleTwoWays/Town13_Rep0_1437_0_route0_01_09_18_55_17/page_000.jpg,AutoMoT/keyframe_filter/collection_output/r2_rgb_route_sheets_20260708/route_sheets/ConstructionObstacleTwoWays/Town13_Rep0_1437_0_route0_01_09_18_55_17,"{""R2"": 162}","{""R-E1"": 64, ""R-E2"": 22, ""U-E2"": 76}"
ConstructionObstacleTwoWays,Town13_Rep0_1437_1_route0_01_10_17_43_51,152,success,152,True,152,1.0,68,0.4474,False,written,AutoMoT/keyframe_filter/collection_output/r2_rgb_route_sheets_20260708/route_sheets/ConstructionObstacleTwoWays/Town13_Rep0_1437_1_route0_01_10_17_43_51/page_000.jpg,AutoMoT/keyframe_filter/collection_output/r2_rgb_route_sheets_20260708/route_sheets/ConstructionObstacleTwoWays/Town13_Rep0_1437_1_route0_01_10_17_43_51,"{""R2"": 152}","{""R-E1"": 60, ""R-E2"": 16, ""U-E2"": 76}"
ConstructionObstacleTwoWays,Town13_Rep0_1379_1_route0_01_08_05_53_05,167,success,167,True,167,1.0,50,0.2994,False,written,AutoMoT/keyframe_filter/collection_output/r2_rgb_route_sheets_20260708/route_sheets/ConstructionObstacleTwoWays/Town13_Rep0_1379_1_route0_01_08_05_53_05/page_000.jpg,AutoMoT/keyframe_filter/collection_output/r2_rgb_route_sheets_20260708/route_sheets/ConstructionObstacleTwoWays/Town13_Rep0_1379_1_route0_01_08_05_53_05,"{""R2"": 167}","{""R-E1"": 76, ""R-E2"": 16, ""U-E2"": 75}"
ConstructionObstacleTwoWays,Town13_Rep0_1379_0_route0_01_10_00_32_40,150,success,150,True,150,1.0,41,0.2733,False,written,AutoMoT/keyframe_filter/collection_output/r2_rgb_route_sheets_20260708/route_sheets/ConstructionObstacleTwoWays/Town13_Rep0_1379_0_route0_01_10_00_32_40/page_000.jpg,AutoMoT/keyframe_filter/collection_output/r2_rgb_route_sheets_20260708/route_sheets/ConstructionObstacleTwoWays/Town13_Rep0_1379_0_route0_01_10_00_32_40,"{""R2"": 150}","{""R-E1"": 60, ""R-E2"": 16, ""U-E2"": 74}"
ConstructionObstacleTwoWays,Town12_Rep0_1963_0_route0_01_11_04_17_47,154,success,154,True,154,1.0,11,0.0714,False,written,AutoMoT/keyframe_filter/collection_output/r2_rgb_route_sheets_20260708/route_sheets/ConstructionObstacleTwoWays/Town12_Rep0_1963_0_route0_01_11_04_17_47/page_000.jpg,AutoMoT/keyframe_filter/collection_output/r2_rgb_route_sheets_20260708/route_sheets/ConstructionObstacleTwoWays/Town12_Rep0_1963_0_route0_01_11_04_17_47,"{""R2"": 154}","{""R-E1"": 64, ""R-E2"": 16, ""U-E2"": 74}"
ConstructionObstacleTwoWays,Town05_Rep0_route_001312_route0_01_09_14_25_48,129,success,129,True,129,1.0,0,0.0,False,written,AutoMoT/keyframe_filter/collection_output/r2_rgb_route_sheets_20260708/route_sheets/ConstructionObstacleTwoWays/Town05_Rep0_route_001312_route0_01_09_14_25_48/page_000.jpg,AutoMoT/keyframe_filter/collection_output/r2_rgb_route_sheets_20260708/route_sheets/ConstructionObstacleTwoWays/Town05_Rep0_route_001312_route0_01_09_14_25_48,"{""R2"": 129}","{""R-E1"": 17, ""R-E2"": 21, ""U-E2"": 91}"
ConstructionObstacleTwoWays,Town15_Rep0_route_001085_route0_01_10_23_48_16,239,success,239,True,235,0.983264,158,0.6611,False,written,AutoMoT/keyframe_filter/collection_output/r2_rgb_route_sheets_20260708/route_sheets/ConstructionObstacleTwoWays/Town15_Rep0_route_001085_route0_01_10_23_48_16/page_000.jpg,AutoMoT/keyframe_filter/collection_output/r2_rgb_route_sheets_20260708/route_sheets/ConstructionObstacleTwoWays/Town15_Rep0_route_001085_route0_01_10_23_48_16,"{""R2"": 235, ""R5"": 4}","{""R-E1"": 142, ""R-E2"": 16, ""R-E5"": 4, ""U-E2"": 77}"
ConstructionObstacleTwoWays,Town15_Rep0_route_001202_route0_01_10_08_58_08,238,success,238,True,234,0.983193,217,0.9118,False,written,AutoMoT/keyframe_filter/collection_output/r2_rgb_route_sheets_20260708/route_sheets/ConstructionObstacleTwoWays/Town15_Rep0_route_001202_route0_01_10_08_58_08/page_000.jpg,AutoMoT/keyframe_filter/collection_output/r2_rgb_route_sheets_20260708/route_sheets/ConstructionObstacleTwoWays/Town15_Rep0_route_001202_route0_01_10_08_58_08,"{""R2"": 234, ""R5"": 4}","{""R-E1"": 136, ""R-E2"": 22, ""R-E5"": 4, ""U-E2"": 76}"
ConstructionObstacleTwoWays,Town13_Rep0_route_003163_route0_01_08_15_26_41,233,success,233,True,229,0.982833,233,1.0,False,written,AutoMoT/keyframe_filter/collection_output/r2_rgb_route_sheets_20260708/route_sheets/ConstructionObstacleTwoWays/Town13_Rep0_route_003163_route0_01_08_15_26_41/page_000.jpg,AutoMoT/keyframe_filter/collection_output/r2_rgb_route_sheets_20260708/route_sheets/ConstructionObstacleTwoWays/Town13_Rep0_route_003163_route0_01_08_15_26_41,"{""R2"": 229, ""R4"": 4}","{""R-E1"": 105, ""R-E2"": 19, ""U-E2"": 109}"
ConstructionObstacleTwoWays,Town15_Rep0_route_001290_route0_01_10_21_31_56,289,success,289,True,284,0.982699,275,0.9516,False,written,AutoMoT/keyframe_filter/collection_output/r2_rgb_route_sheets_20260708/route_sheets/ConstructionObstacleTwoWays/Town15_Rep0_route_001290_route0_01_10_21_31_56/page_000.jpg,AutoMoT/keyframe_filter/collection_output/r2_rgb_route_sheets_20260708/route_sheets/ConstructionObstacleTwoWays/Town15_Rep0_route_001290_route0_01_10_21_31_56,"{""R2"": 284, ""R4"": 5}","{""R-E1"": 172, ""R-E2"": 17, ""R-E4"": 5, ""U-E2"": 95}"
ConstructionObstacleTwoWays,Town15_Rep0_route_001324_route0_01_10_23_28_54,206,success,206,True,202,0.980583,155,0.7524,False,written,AutoMoT/keyframe_filter/collection_output/r2_rgb_route_sheets_20260708/route_sheets/ConstructionObstacleTwoWays/Town15_Rep0_route_001324_route0_01_10_23_28_54/page_000.jpg,AutoMoT/keyframe_filter/collection_output/r2_rgb_route_sheets_20260708/route_sheets/ConstructionObstacleTwoWays/Town15_Rep0_route_001324_route0_01_10_23_28_54,"{""R2"": 202, ""R5"": 4}","{""R-E1"": 137, ""R-E2"": 23, ""R-E5"": 4, ""U-E2"": 42}"
ConstructionObstacleTwoWays,Town15_Rep0_route_001228_route0_01_08_06_52_55,202,success,202,True,198,0.980198,153,0.7574,False,written,AutoMoT/keyframe_filter/collection_output/r2_rgb_route_sheets_20260708/route_sheets/ConstructionObstacleTwoWays/Town15_Rep0_route_001228_route0_01_08_06_52_55/page_000.jpg,AutoMoT/keyframe_filter/collection_output/r2_rgb_route_sheets_20260708/route_sheets/ConstructionObstacleTwoWays/Town15_Rep0_route_001228_route0_01_08_06_52_55,"{""R2"": 198, ""R5"": 4}","{""R-E1"": 136, ""R-E2"": 21, ""R-E5"": 4, ""U-E2"": 41}"
ConstructionObstacleTwoWays,Town13_Rep0_route_003179_route0_01_07_22_29_17,184,success,184,True,180,0.978261,184,1.0,False,written,AutoMoT/keyframe_filter/collection_output/r2_rgb_route_sheets_20260708/route_sheets/ConstructionObstacleTwoWays/Town13_Rep0_route_003179_route0_01_07_22_29_17/page_000.jpg,AutoMoT/keyframe_filter/collection_output/r2_rgb_route_sheets_20260708/route_sheets/ConstructionObstacleTwoWays/Town13_Rep0_route_003179_route0_01_07_22_29_17,"{""R2"": 180, ""R4"": 4}","{""R-E1"": 105, ""R-E2"": 26, ""U-E2"": 53}"
ConstructionObstacleTwoWays,Town13_Rep0_route_003208_route0_01_09_13_39_35,184,success,184,True,180,0.978261,184,1.0,False,written,AutoMoT/keyframe_filter/collection_output/r2_rgb_route_sheets_20260708/route_sheets/ConstructionObstacleTwoWays/Town13_Rep0_route_003208_route0_01_09_13_39_35/page_000.jpg,AutoMoT/keyframe_filter/collection_output/r2_rgb_route_sheets_20260708/route_sheets/ConstructionObstacleTwoWays/Town13_Rep0_route_003208_route0_01_09_13_39_35,"{""R2"": 180, ""R4"": 4}","{""R-E1"": 106, ""R-E2"": 25, ""U-E2"": 53}"
ConstructionObstacleTwoWays,Town13_Rep0_route_003174_route0_01_10_14_19_47,181,success,181,True,177,0.977901,181,1.0,False,written,AutoMoT/keyframe_filter/collection_output/r2_rgb_route_sheets_20260708/route_sheets/ConstructionObstacleTwoWays/Town13_Rep0_route_003174_route0_01_10_14_19_47/page_000.jpg,AutoMoT/keyframe_filter/collection_output/r2_rgb_route_sheets_20260708/route_sheets/ConstructionObstacleTwoWays/Town13_Rep0_route_003174_route0_01_10_14_19_47,"{""R2"": 177, ""R4"": 4}","{""R-E1"": 105, ""R-E2"": 23, ""U-E2"": 53}"
ConstructionObstacleTwoWays,Town13_Rep0_route_003170_route0_01_09_03_27_23,190,success,190,True,185,0.973684,190,1.0,False,written,AutoMoT/keyframe_filter/collection_output/r2_rgb_route_sheets_20260708/route_sheets/ConstructionObstacleTwoWays/Town13_Rep0_route_003170_route0_01_09_03_27_23/page_000.jpg,AutoMoT/keyframe_filter/collection_output/r2_rgb_route_sheets_20260708/route_sheets/ConstructionObstacleTwoWays/Town13_Rep0_route_003170_route0_01_09_03_27_23,"{""R2"": 185, ""R4"": 5}","{""R-E1"": 107, ""R-E2"": 30, ""U-E2"": 53}"
ConstructionObstacleTwoWays,Town13_Rep0_route_003165_route0_01_07_21_30_41,189,success,189,True,184,0.973545,189,1.0,False,written,AutoMoT/keyframe_filter/collection_output/r2_rgb_route_sheets_20260708/route_sheets/ConstructionObstacleTwoWays/Town13_Rep0_route_003165_route0_01_07_21_30_41/page_000.jpg,AutoMoT/keyframe_filter/collection_output/r2_rgb_route_sheets_20260708/route_sheets/ConstructionObstacleTwoWays/Town13_Rep0_route_003165_route0_01_07_21_30_41,"{""R2"": 184, ""R4"": 5}","{""R-E1"": 107, ""R-E2"": 29, ""U-E2"": 53}"
ConstructionObstacleTwoWays,Town13_Rep0_route_003192_route0_01_10_11_34_01,187,success,187,True,182,0.973262,187,1.0,False,written,AutoMoT/keyframe_filter/collection_output/r2_rgb_route_sheets_20260708/route_sheets/ConstructionObstacleTwoWays/Town13_Rep0_route_003192_route0_01_10_11_34_01/page_000.jpg,AutoMoT/keyframe_filter/collection_output/r2_rgb_route_sheets_20260708/route_sheets/ConstructionObstacleTwoWays/Town13_Rep0_route_003192_route0_01_10_11_34_01,"{""R2"": 182, ""R4"": 5}","{""R-E1"": 108, ""R-E2"": 24, ""U-E2"": 55}"
ConstructionObstacleTwoWays,Town13_Rep0_route_003193_route0_01_08_14_54_51,297,success,297,True,289,0.973064,297,1.0,False,written,AutoMoT/keyframe_filter/collection_output/r2_rgb_route_sheets_20260708/route_sheets/ConstructionObstacleTwoWays/Town13_Rep0_route_003193_route0_01_08_14_54_51/page_000.jpg,AutoMoT/keyframe_filter/collection_output/r2_rgb_route_sheets_20260708/route_sheets/ConstructionObstacleTwoWays/Town13_Rep0_route_003193_route0_01_08_14_54_51,"{""R2"": 289, ""R4"": 8}","{""R-E1"": 18, ""R-E2"": 21, ""U-E2"": 258}"
ConstructionObstacleTwoWays,Town13_Rep0_route_003168_route0_01_10_13_40_23,185,success,185,True,180,0.972973,185,1.0,False,written,AutoMoT/keyframe_filter/collection_output/r2_rgb_route_sheets_20260708/route_sheets/ConstructionObstacleTwoWays/Town13_Rep0_route_003168_route0_01_10_13_40_23/page_000.jpg,AutoMoT/keyframe_filter/collection_output/r2_rgb_route_sheets_20260708/route_sheets/ConstructionObstacleTwoWays/Town13_Rep0_route_003168_route0_01_10_13_40_23,"{""R2"": 180, ""R4"": 5}","{""R-E1"": 108, ""R-E2"": 23, ""U-E2"": 54}"
ConstructionObstacleTwoWays,Town13_Rep0_route_003173_route0_01_10_13_46_17,184,success,184,True,179,0.972826,184,1.0,False,written,AutoMoT/keyframe_filter/collection_output/r2_rgb_route_sheets_20260708/route_sheets/ConstructionObstacleTwoWays/Town13_Rep0_route_003173_route0_01_10_13_46_17/page_000.jpg,AutoMoT/keyframe_filter/collection_output/r2_rgb_route_sheets_20260708/route_sheets/ConstructionObstacleTwoWays/Town13_Rep0_route_003173_route0_01_10_13_46_17,"{""R2"": 179, ""R4"": 5}","{""R-E1"": 107, ""R-E2"": 24, ""U-E2"": 53}"
ConstructionObstacleTwoWays,Town13_Rep0_route_003175_route0_01_10_08_31_22,182,success,182,True,177,0.972527,182,1.0,False,written,AutoMoT/keyframe_filter/collection_output/r2_rgb_route_sheets_20260708/route_sheets/ConstructionObstacleTwoWays/Town13_Rep0_route_003175_route0_01_10_08_31_22/page_000.jpg,AutoMoT/keyframe_filter/collection_output/r2_rgb_route_sheets_20260708/route_sheets/ConstructionObstacleTwoWays/Town13_Rep0_route_003175_route0_01_10_08_31_22,"{""R2"": 177, ""R4"": 5}","{""R-E1"": 106, ""R-E2"": 24, ""U-E2"": 52}"
ConstructionObstacleTwoWays,Town13_Rep0_route_003167_route0_01_09_17_34_57,208,success,208,True,202,0.971154,208,1.0,False,written,AutoMoT/keyframe_filter/collection_output/r2_rgb_route_sheets_20260708/route_sheets/ConstructionObstacleTwoWays/Town13_Rep0_route_003167_route0_01_09_17_34_57/page_000.jpg,AutoMoT/keyframe_filter/collection_output/r2_rgb_route_sheets_20260708/route_sheets/ConstructionObstacleTwoWays/Town13_Rep0_route_003167_route0_01_09_17_34_57,"{""R2"": 202, ""R4"": 6}","{""R-E1"": 109, ""R-E2"": 19, ""U-E2"": 80}"
ConstructionObstacleTwoWays,Town15_Rep0_route_001297_route0_01_10_07_13_42,261,success,261,True,253,0.969349,247,0.9464,False,written,AutoMoT/keyframe_filter/collection_output/r2_rgb_route_sheets_20260708/route_sheets/ConstructionObstacleTwoWays/Town15_Rep0_route_001297_route0_01_10_07_13_42/page_000.jpg,AutoMoT/keyframe_filter/collection_output/r2_rgb_route_sheets_20260708/route_sheets/ConstructionObstacleTwoWays/Town15_Rep0_route_001297_route0_01_10_07_13_42,"{""R2"": 253, ""R5"": 8}","{""R-E1"": 138, ""R-E2"": 17, ""R-E5"": 8, ""U-E2"": 98}"
ConstructionObstacleTwoWays,Town12_Rep0_3675_0_route0_01_10_05_30_08,125,success,125,True,119,0.952,125,1.0,False,written,AutoMoT/keyframe_filter/collection_output/r2_rgb_route_sheets_20260708/route_sheets/ConstructionObstacleTwoWays/Town12_Rep0_3675_0_route0_01_10_05_30_08/page_000.jpg,AutoMoT/keyframe_filter/collection_output/r2_rgb_route_sheets_20260708/route_sheets/ConstructionObstacleTwoWays/Town12_Rep0_3675_0_route0_01_10_05_30_08,"{""R2"": 119, ""R4"": 6}","{""R-E1"": 44, ""R-E2"": 24, ""R-E4"": 6, ""U-E2"": 51}"
ConstructionObstacleTwoWays,Town12_Rep0_1927_0_route0_01_09_17_57_53,164,success,164,True,156,0.95122,164,1.0,False,written,AutoMoT/keyframe_filter/collection_output/r2_rgb_route_sheets_20260708/route_sheets/ConstructionObstacleTwoWays/Town12_Rep0_1927_0_route0_01_09_17_57_53/page_000.jpg,AutoMoT/keyframe_filter/collection_output/r2_rgb_route_sheets_20260708/route_sheets/ConstructionObstacleTwoWays/Town12_Rep0_1927_0_route0_01_09_17_57_53,"{""R2"": 156, ""R5"": 8}","{""R-E1"": 63, ""R-E2"": 16, ""R-E5"": 8, ""U-E2"": 77}"
ConstructionObstacleTwoWays,Town12_Rep0_1943_0_route0_01_09_11_43_59,175,success,175,True,166,0.948571,175,1.0,False,written,AutoMoT/keyframe_filter/collection_output/r2_rgb_route_sheets_20260708/route_sheets/ConstructionObstacleTwoWays/Town12_Rep0_1943_0_route0_01_09_11_43_59/page_000.jpg,AutoMoT/keyframe_filter/collection_output/r2_rgb_route_sheets_20260708/route_sheets/ConstructionObstacleTwoWays/Town12_Rep0_1943_0_route0_01_09_11_43_59,"{""R2"": 166, ""R5"": 9}","{""R-E1"": 76, ""R-E2"": 16, ""R-E5"": 9, ""U-E2"": 74}"
ConstructionObstacleTwoWays,Town13_Rep0_route_003196_route0_01_09_13_53_35,127,success,127,True,120,0.944882,127,1.0,False,written,AutoMoT/keyframe_filter/collection_output/r2_rgb_route_sheets_20260708/route_sheets/ConstructionObstacleTwoWays/Town13_Rep0_route_003196_route0_01_09_13_53_35/page_000.jpg,AutoMoT/keyframe_filter/collection_output/r2_rgb_route_sheets_20260708/route_sheets/ConstructionObstacleTwoWays/Town13_Rep0_route_003196_route0_01_09_13_53_35,"{""R2"": 120, ""R4"": 7}","{""R-E1"": 24, ""R-E2"": 20, ""U-E2"": 83}"
ConstructionObstacleTwoWays,Town13_Rep0_route_003203_route0_01_10_21_46_59,127,success,127,True,120,0.944882,127,1.0,False,written,AutoMoT/keyframe_filter/collection_output/r2_rgb_route_sheets_20260708/route_sheets/ConstructionObstacleTwoWays/Town13_Rep0_route_003203_route0_01_10_21_46_59/page_000.jpg,AutoMoT/keyframe_filter/collection_output/r2_rgb_route_sheets_20260708/route_sheets/ConstructionObstacleTwoWays/Town13_Rep0_route_003203_route0_01_10_21_46_59,"{""R2"": 120, ""R4"": 7}","{""R-E1"": 25, ""R-E2"": 19, ""U-E2"": 83}"
ConstructionObstacleTwoWays,Town12_Rep0_route_002685_route0_01_08_16_37_19,88,success,88,True,83,0.943182,88,1.0,False,written,AutoMoT/keyframe_filter/collection_output/r2_rgb_route_sheets_20260708/route_sheets/ConstructionObstacleTwoWays/Town12_Rep0_route_002685_route0_01_08_16_37_19/page_000.jpg,AutoMoT/keyframe_filter/collection_output/r2_rgb_route_sheets_20260708/route_sheets/ConstructionObstacleTwoWays/Town12_Rep0_route_002685_route0_01_08_16_37_19,"{""R2"": 83, ""R4"": 5}","{""R-E1"": 1, ""R-E2"": 25, ""R-E4"": 5, ""U-E2"": 57}"
ConstructionObstacleTwoWays,Town15_Rep0_route_001300_route0_01_08_08_11_04,130,success,130,True,122,0.938462,130,1.0,False,written,AutoMoT/keyframe_filter/collection_output/r2_rgb_route_sheets_20260708/route_sheets/ConstructionObstacleTwoWays/Town15_Rep0_route_001300_route0_01_08_08_11_04/page_000.jpg,AutoMoT/keyframe_filter/collection_output/r2_rgb_route_sheets_20260708/route_sheets/ConstructionObstacleTwoWays/Town15_Rep0_route_001300_route0_01_08_08_11_04,"{""R2"": 122, ""R5"": 8}","{""R-E1"": 120, ""R-E5"": 8, ""U-E2"": 2}"
ConstructionObstacleTwoWays,Town12_Rep0_route_002669_route0_01_09_16_26_25,95,success,95,True,89,0.936842,95,1.0,False,written,AutoMoT/keyframe_filter/collection_output/r2_rgb_route_sheets_20260708/route_sheets/ConstructionObstacleTwoWays/Town12_Rep0_route_002669_route0_01_09_16_26_25/page_000.jpg,AutoMoT/keyframe_filter/collection_output/r2_rgb_route_sheets_20260708/route_sheets/ConstructionObstacleTwoWays/Town12_Rep0_route_002669_route0_01_09_16_26_25,"{""R2"": 89, ""R4"": 6}","{""R-E1"": 4, ""R-E2"": 22, ""R-E4"": 6, ""U-E2"": 63}"
ConstructionObstacleTwoWays,Town13_Rep0_route_003198_route0_01_09_12_26_32,126,success,126,True,118,0.936508,126,1.0,False,written,AutoMoT/keyframe_filter/collection_output/r2_rgb_route_sheets_20260708/route_sheets/ConstructionObstacleTwoWays/Town13_Rep0_route_003198_route0_01_09_12_26_32/page_000.jpg,AutoMoT/keyframe_filter/collection_output/r2_rgb_route_sheets_20260708/route_sheets/ConstructionObstacleTwoWays/Town13_Rep0_route_003198_route0_01_09_12_26_32,"{""R2"": 118, ""R4"": 8}","{""R-E1"": 24, ""R-E2"": 20, ""U-E2"": 82}"
ConstructionObstacleTwoWays,Town13_Rep0_route_003205_route0_01_11_02_57_56,126,success,126,True,118,0.936508,126,1.0,False,written,AutoMoT/keyframe_filter/collection_output/r2_rgb_route_sheets_20260708/route_sheets/ConstructionObstacleTwoWays/Town13_Rep0_route_003205_route0_01_11_02_57_56/page_000.jpg,AutoMoT/keyframe_filter/collection_output/r2_rgb_route_sheets_20260708/route_sheets/ConstructionObstacleTwoWays/Town13_Rep0_route_003205_route0_01_11_02_57_56,"{""R2"": 118, ""R4"": 8}","{""R-E1"": 24, ""R-E2"": 21, ""U-E2"": 81}"
ConstructionObstacleTwoWays,Town15_Rep0_route_001205_route0_01_08_19_30_39,125,success,125,True,117,0.936,125,1.0,False,written,AutoMoT/keyframe_filter/collection_output/r2_rgb_route_sheets_20260708/route_sheets/ConstructionObstacleTwoWays/Town15_Rep0_route_001205_route0_01_08_19_30_39/page_000.jpg,AutoMoT/keyframe_filter/collection_output/r2_rgb_route_sheets_20260708/route_sheets/ConstructionObstacleTwoWays/Town15_Rep0_route_001205_route0_01_08_19_30_39,"{""R2"": 117, ""R5"": 8}","{""R-E1"": 115, ""R-E5"": 8, ""U-E2"": 2}"
ConstructionObstacleTwoWays,Town12_Rep0_route_002701_route0_01_08_21_40_39,92,success,92,True,86,0.934783,92,1.0,False,written,AutoMoT/keyframe_filter/collection_output/r2_rgb_route_sheets_20260708/route_sheets/ConstructionObstacleTwoWays/Town12_Rep0_route_002701_route0_01_08_21_40_39/page_000.jpg,AutoMoT/keyframe_filter/collection_output/r2_rgb_route_sheets_20260708/route_sheets/ConstructionObstacleTwoWays/Town12_Rep0_route_002701_route0_01_08_21_40_39,"{""R2"": 86, ""R4"": 6}","{""R-E1"": 4, ""R-E2"": 27, ""U-E2"": 61}"
ConstructionObstacleTwoWays,Town13_Rep0_route_003177_route0_01_10_02_37_14,105,success,105,True,98,0.933333,105,1.0,False,written,AutoMoT/keyframe_filter/collection_output/r2_rgb_route_sheets_20260708/route_sheets/ConstructionObstacleTwoWays/Town13_Rep0_route_003177_route0_01_10_02_37_14/page_000.jpg,AutoMoT/keyframe_filter/collection_output/r2_rgb_route_sheets_20260708/route_sheets/ConstructionObstacleTwoWays/Town13_Rep0_route_003177_route0_01_10_02_37_14,"{""R2"": 98, ""R4"": 7}","{""R-E1"": 5, ""R-E2"": 20, ""U-E2"": 80}"
ConstructionObstacleTwoWays,Town07_Rep0_route_001187_route0_01_09_19_44_17,104,success,104,True,97,0.932692,23,0.2212,False,written,AutoMoT/keyframe_filter/collection_output/r2_rgb_route_sheets_20260708/route_sheets/ConstructionObstacleTwoWays/Town07_Rep0_route_001187_route0_01_09_19_44_17/page_000.jpg,AutoMoT/keyframe_filter/collection_output/r2_rgb_route_sheets_20260708/route_sheets/ConstructionObstacleTwoWays/Town07_Rep0_route_001187_route0_01_09_19_44_17,"{""R2"": 97, ""R4"": 7}","{""R-E1"": 8, ""R-E2"": 22, ""U-E2"": 74}"
ConstructionObstacleTwoWays,Town12_Rep0_route_002695_route0_01_09_00_34_57,87,success,87,True,81,0.931034,87,1.0,False,written,AutoMoT/keyframe_filter/collection_output/r2_rgb_route_sheets_20260708/route_sheets/ConstructionObstacleTwoWays/Town12_Rep0_route_002695_route0_01_09_00_34_57/page_000.jpg,AutoMoT/keyframe_filter/collection_output/r2_rgb_route_sheets_20260708/route_sheets/ConstructionObstacleTwoWays/Town12_Rep0_route_002695_route0_01_09_00_34_57,"{""R2"": 81, ""R4"": 6}","{""R-E1"": 4, ""R-E2"": 27, ""U-E2"": 56}"
ConstructionObstacleTwoWays,Town12_Rep0_route_002861_route0_01_08_23_08_18,115,success,115,True,107,0.930435,115,1.0,False,written,AutoMoT/keyframe_filter/collection_output/r2_rgb_route_sheets_20260708/route_sheets/ConstructionObstacleTwoWays/Town12_Rep0_route_002861_route0_01_08_23_08_18/page_000.jpg,AutoMoT/keyframe_filter/collection_output/r2_rgb_route_sheets_20260708/route_sheets/ConstructionObstacleTwoWays/Town12_Rep0_route_002861_route0_01_08_23_08_18,"{""R2"": 107, ""R4"": 8}","{""R-E1"": 47, ""R-E2"": 20, ""U-E2"": 48}"
ConstructionObstacleTwoWays,Town12_Rep0_route_002686_route0_01_09_18_04_57,100,success,100,True,93,0.93,100,1.0,False,written,AutoMoT/keyframe_filter/collection_output/r2_rgb_route_sheets_20260708/route_sheets/ConstructionObstacleTwoWays/Town12_Rep0_route_002686_route0_01_09_18_04_57/page_000.jpg,AutoMoT/keyframe_filter/collection_output/r2_rgb_route_sheets_20260708/route_sheets/ConstructionObstacleTwoWays/Town12_Rep0_route_002686_route0_01_09_18_04_57,"{""R2"": 93, ""R4"": 7}","{""R-E1"": 4, ""R-E2"": 38, ""R-E4"": 7, ""U-E2"": 51}"
ConstructionObstacleTwoWays,Town15_Rep0_route_001231_route0_01_08_03_24_41,114,success,114,True,106,0.929825,114,1.0,False,written,AutoMoT/keyframe_filter/collection_output/r2_rgb_route_sheets_20260708/route_sheets/ConstructionObstacleTwoWays/Town15_Rep0_route_001231_route0_01_08_03_24_41/page_000.jpg,AutoMoT/keyframe_filter/collection_output/r2_rgb_route_sheets_20260708/route_sheets/ConstructionObstacleTwoWays/Town15_Rep0_route_001231_route0_01_08_03_24_41,"{""R2"": 106, ""R5"": 8}","{""R-E1"": 103, ""R-E5"": 8, ""U-E2"": 3}"
ConstructionObstacleTwoWays,Town12_Rep0_route_001127_route0_01_09_09_40_20,156,success,156,True,145,0.929487,156,1.0,False,written,AutoMoT/keyframe_filter/collection_output/r2_rgb_route_sheets_20260708/route_sheets/ConstructionObstacleTwoWays/Town12_Rep0_route_001127_route0_01_09_09_40_20/page_000.jpg,AutoMoT/keyframe_filter/collection_output/r2_rgb_route_sheets_20260708/route_sheets/ConstructionObstacleTwoWays/Town12_Rep0_route_001127_route0_01_09_09_40_20,"{""R2"": 145, ""R5"": 11}","{""R-E1"": 55, ""R-E2"": 17, ""R-E5"": 11, ""U-E2"": 73}"
ConstructionObstacleTwoWays,Town12_Rep0_route_002853_route0_01_08_02_53_14,113,success,113,True,105,0.929204,113,1.0,False,written,AutoMoT/keyframe_filter/collection_output/r2_rgb_route_sheets_20260708/route_sheets/ConstructionObstacleTwoWays/Town12_Rep0_route_002853_route0_01_08_02_53_14/page_000.jpg,AutoMoT/keyframe_filter/collection_output/r2_rgb_route_sheets_20260708/route_sheets/ConstructionObstacleTwoWays/Town12_Rep0_route_002853_route0_01_08_02_53_14,"{""R2"": 105, ""R4"": 8}","{""R-E1"": 47, ""R-E2"": 17, ""U-E2"": 49}"
ConstructionObstacleTwoWays,Town12_Rep0_1724_0_route0_01_10_22_11_27,181,success,181,True,168,0.928177,181,1.0,False,written,AutoMoT/keyframe_filter/collection_output/r2_rgb_route_sheets_20260708/route_sheets/ConstructionObstacleTwoWays/Town12_Rep0_1724_0_route0_01_10_22_11_27/page_000.jpg,AutoMoT/keyframe_filter/collection_output/r2_rgb_route_sheets_20260708/route_sheets/ConstructionObstacleTwoWays/Town12_Rep0_1724_0_route0_01_10_22_11_27,"{""R2"": 168, ""R4"": 13}","{""R-E1"": 52, ""R-E2"": 34, ""R-E4"": 13, ""U-E2"": 82}"
ConstructionObstacleTwoWays,Town13_Rep0_route_003210_route0_01_09_14_02_12,125,success,125,True,116,0.928,125,1.0,False,written,AutoMoT/keyframe_filter/collection_output/r2_rgb_route_sheets_20260708/route_sheets/ConstructionObstacleTwoWays/Town13_Rep0_route_003210_route0_01_09_14_02_12/page_000.jpg,AutoMoT/keyframe_filter/collection_output/r2_rgb_route_sheets_20260708/route_sheets/ConstructionObstacleTwoWays/Town13_Rep0_route_003210_route0_01_09_14_02_12,"{""R2"": 116, ""R4"": 9}","{""R-E1"": 27, ""R-E2"": 20, ""U-E2"": 78}"
ConstructionObstacleTwoWays,Town15_Rep0_route_001115_route0_01_11_01_40_36,111,success,111,True,103,0.927928,111,1.0,False,written,AutoMoT/keyframe_filter/collection_output/r2_rgb_route_sheets_20260708/route_sheets/ConstructionObstacleTwoWays/Town15_Rep0_route_001115_route0_01_11_01_40_36/page_000.jpg,AutoMoT/keyframe_filter/collection_output/r2_rgb_route_sheets_20260708/route_sheets/ConstructionObstacleTwoWays/Town15_Rep0_route_001115_route0_01_11_01_40_36,"{""R2"": 103, ""R5"": 8}","{""R-E1"": 101, ""R-E5"": 8, ""U-E2"": 2}"
ConstructionObstacleTwoWays,Town13_Rep0_route_001249_route0_01_09_16_56_05,249,success,249,True,231,0.927711,249,1.0,False,written,AutoMoT/keyframe_filter/collection_output/r2_rgb_route_sheets_20260708/route_sheets/ConstructionObstacleTwoWays/Town13_Rep0_route_001249_route0_01_09_16_56_05/page_000.jpg,AutoMoT/keyframe_filter/collection_output/r2_rgb_route_sheets_20260708/route_sheets/ConstructionObstacleTwoWays/Town13_Rep0_route_001249_route0_01_09_16_56_05,"{""R2"": 231, ""R4"": 18}","{""R-E1"": 132, ""R-E2"": 25, ""R-E4"": 18, ""U-E2"": 74}"
ConstructionObstacleTwoWays,Town12_Rep0_route_001129_route0_01_10_20_56_19,124,success,124,True,115,0.927419,124,1.0,False,written,AutoMoT/keyframe_filter/collection_output/r2_rgb_route_sheets_20260708/route_sheets/ConstructionObstacleTwoWays/Town12_Rep0_route_001129_route0_01_10_20_56_19/page_000.jpg,AutoMoT/keyframe_filter/collection_output/r2_rgb_route_sheets_20260708/route_sheets/ConstructionObstacleTwoWays/Town12_Rep0_route_001129_route0_01_10_20_56_19,"{""R2"": 115, ""R5"": 9}","{""R-E1"": 26, ""R-E2"": 16, ""R-E5"": 9, ""U-E2"": 73}"
ConstructionObstacleTwoWays,Town13_Rep0_route_003180_route0_01_10_23_22_02,124,success,124,True,115,0.927419,124,1.0,False,written,AutoMoT/keyframe_filter/collection_output/r2_rgb_route_sheets_20260708/route_sheets/ConstructionObstacleTwoWays/Town13_Rep0_route_003180_route0_01_10_23_22_02/page_000.jpg,AutoMoT/keyframe_filter/collection_output/r2_rgb_route_sheets_20260708/route_sheets/ConstructionObstacleTwoWays/Town13_Rep0_route_003180_route0_01_10_23_22_02,"{""R2"": 115, ""R4"": 9}","{""R-E1"": 27, ""R-E2"": 21, ""U-E2"": 76}"
ConstructionObstacleTwoWays,Town15_Rep0_route_001088_route0_01_08_06_03_51,110,success,110,True,102,0.927273,110,1.0,False,written,AutoMoT/keyframe_filter/collection_output/r2_rgb_route_sheets_20260708/route_sheets/ConstructionObstacleTwoWays/Town15_Rep0_route_001088_route0_01_08_06_03_51/page_000.jpg,AutoMoT/keyframe_filter/collection_output/r2_rgb_route_sheets_20260708/route_sheets/ConstructionObstacleTwoWays/Town15_Rep0_route_001088_route0_01_08_06_03_51,"{""R2"": 102, ""R5"": 8}","{""R-E1"": 100, ""R-E5"": 8, ""U-E2"": 2}"
ConstructionObstacleTwoWays,Town15_Rep0_route_001327_route0_01_10_08_40_06,110,success,110,True,102,0.927273,110,1.0,False,written,AutoMoT/keyframe_filter/collection_output/r2_rgb_route_sheets_20260708/route_sheets/ConstructionObstacleTwoWays/Town15_Rep0_route_001327_route0_01_10_08_40_06/page_000.jpg,AutoMoT/keyframe_filter/collection_output/r2_rgb_route_sheets_20260708/route_sheets/ConstructionObstacleTwoWays/Town15_Rep0_route_001327_route0_01_10_08_40_06,"{""R2"": 102, ""R5"": 8}","{""R-E1"": 100, ""R-E5"": 8, ""U-E2"": 2}"
ConstructionObstacleTwoWays,Town13_Rep0_route_003207_route0_01_08_20_55_45,123,success,123,True,114,0.926829,123,1.0,False,written,AutoMoT/keyframe_filter/collection_output/r2_rgb_route_sheets_20260708/route_sheets/ConstructionObstacleTwoWays/Town13_Rep0_route_003207_route0_01_08_20_55_45/page_000.jpg,AutoMoT/keyframe_filter/collection_output/r2_rgb_route_sheets_20260708/route_sheets/ConstructionObstacleTwoWays/Town13_Rep0_route_003207_route0_01_08_20_55_45,"{""R2"": 114, ""R4"": 9}","{""R-E1"": 19, ""R-E2"": 23, ""U-E2"": 81}"
ConstructionObstacleTwoWays,Town12_Rep0_route_001165_route0_01_09_02_57_39,163,success,163,True,151,0.92638,163,1.0,False,written,AutoMoT/keyframe_filter/collection_output/r2_rgb_route_sheets_20260708/route_sheets/ConstructionObstacleTwoWays/Town12_Rep0_route_001165_route0_01_09_02_57_39/page_000.jpg,AutoMoT/keyframe_filter/collection_output/r2_rgb_route_sheets_20260708/route_sheets/ConstructionObstacleTwoWays/Town12_Rep0_route_001165_route0_01_09_02_57_39,"{""R2"": 151, ""R5"": 12}","{""R-E1"": 62, ""R-E2"": 16, ""R-E5"": 12, ""U-E2"": 73}"
ConstructionObstacleTwoWays,Town13_Rep0_route_003204_route0_01_08_05_25_21,119,success,119,True,110,0.92437,119,1.0,False,written,AutoMoT/keyframe_filter/collection_output/r2_rgb_route_sheets_20260708/route_sheets/ConstructionObstacleTwoWays/Town13_Rep0_route_003204_route0_01_08_05_25_21/page_000.jpg,AutoMoT/keyframe_filter/collection_output/r2_rgb_route_sheets_20260708/route_sheets/ConstructionObstacleTwoWays/Town13_Rep0_route_003204_route0_01_08_05_25_21,"{""R2"": 110, ""R4"": 9}","{""R-E1"": 21, ""R-E2"": 20, ""U-E2"": 78}"
ConstructionObstacleTwoWays,Town13_Rep0_route_003211_route0_01_10_09_26_41,118,success,118,True,109,0.923729,118,1.0,False,written,AutoMoT/keyframe_filter/collection_output/r2_rgb_route_sheets_20260708/route_sheets/ConstructionObstacleTwoWays/Town13_Rep0_route_003211_route0_01_10_09_26_41/page_000.jpg,AutoMoT/keyframe_filter/collection_output/r2_rgb_route_sheets_20260708/route_sheets/ConstructionObstacleTwoWays/Town13_Rep0_route_003211_route0_01_10_09_26_41,"{""R2"": 109, ""R4"": 9}","{""R-E1"": 22, ""R-E2"": 19, ""U-E2"": 77}"
ConstructionObstacleTwoWays,Town12_Rep0_4556_1_route0_01_09_04_12_10,155,success,155,True,143,0.922581,155,1.0,False,written,AutoMoT/keyframe_filter/collection_output/r2_rgb_route_sheets_20260708/route_sheets/ConstructionObstacleTwoWays/Town12_Rep0_4556_1_route0_01_09_04_12_10/page_000.jpg,AutoMoT/keyframe_filter/collection_output/r2_rgb_route_sheets_20260708/route_sheets/ConstructionObstacleTwoWays/Town12_Rep0_4556_1_route0_01_09_04_12_10,"{""R2"": 143, ""R5"": 12}","{""R-E1"": 53, ""R-E2"": 16, ""R-E5"": 12, ""U-E2"": 74}"
ConstructionObstacleTwoWays,Town12_Rep0_route_002694_route0_01_08_11_14_42,125,success,125,True,115,0.92,125,1.0,False,written,AutoMoT/keyframe_filter/collection_output/r2_rgb_route_sheets_20260708/route_sheets/ConstructionObstacleTwoWays/Town12_Rep0_route_002694_route0_01_08_11_14_42/page_000.jpg,AutoMoT/keyframe_filter/collection_output/r2_rgb_route_sheets_20260708/route_sheets/ConstructionObstacleTwoWays/Town12_Rep0_route_002694_route0_01_08_11_14_42,"{""R2"": 115, ""R4"": 10}","{""R-E1"": 40, ""R-E2"": 17, ""U-E2"": 68}"
ConstructionObstacleTwoWays,Town12_Rep0_route_001137_route0_01_10_20_18_43,160,success,160,True,147,0.91875,160,1.0,False,written,AutoMoT/keyframe_filter/collection_output/r2_rgb_route_sheets_20260708/route_sheets/ConstructionObstacleTwoWays/Town12_Rep0_route_001137_route0_01_10_20_18_43/page_000.jpg,AutoMoT/keyframe_filter/collection_output/r2_rgb_route_sheets_20260708/route_sheets/ConstructionObstacleTwoWays/Town12_Rep0_route_001137_route0_01_10_20_18_43,"{""R2"": 147, ""R5"": 13}","{""R-E1"": 51, ""R-E2"": 20, ""R-E5"": 13, ""U-E2"": 76}"
ConstructionObstacleTwoWays,Town12_Rep0_route_001133_route0_01_09_18_20_17,135,success,135,True,124,0.918519,135,1.0,False,written,AutoMoT/keyframe_filter/collection_output/r2_rgb_route_sheets_20260708/route_sheets/ConstructionObstacleTwoWays/Town12_Rep0_route_001133_route0_01_09_18_20_17/page_000.jpg,AutoMoT/keyframe_filter/collection_output/r2_rgb_route_sheets_20260708/route_sheets/ConstructionObstacleTwoWays/Town12_Rep0_route_001133_route0_01_09_18_20_17,"{""R2"": 124, ""R5"": 11}","{""R-E1"": 35, ""R-E2"": 16, ""R-E5"": 11, ""U-E2"": 73}"
ConstructionObstacleTwoWays,Town12_Rep0_4556_0_route0_01_10_21_16_50,155,success,155,True,142,0.916129,155,1.0,False,written,AutoMoT/keyframe_filter/collection_output/r2_rgb_route_sheets_20260708/route_sheets/ConstructionObstacleTwoWays/Town12_Rep0_4556_0_route0_01_10_21_16_50/page_000.jpg,AutoMoT/keyframe_filter/collection_output/r2_rgb_route_sheets_20260708/route_sheets/ConstructionObstacleTwoWays/Town12_Rep0_4556_0_route0_01_10_21_16_50,"{""R2"": 142, ""R5"": 13}","{""R-E1"": 53, ""R-E2"": 16, ""R-E5"": 13, ""U-E2"": 73}"
ConstructionObstacleTwoWays,Town13_Rep0_route_003176_route0_01_08_22_41_44,105,success,105,True,96,0.914286,105,1.0,False,written,AutoMoT/keyframe_filter/collection_output/r2_rgb_route_sheets_20260708/route_sheets/ConstructionObstacleTwoWays/Town13_Rep0_route_003176_route0_01_08_22_41_44/page_000.jpg,AutoMoT/keyframe_filter/collection_output/r2_rgb_route_sheets_20260708/route_sheets/ConstructionObstacleTwoWays/Town13_Rep0_route_003176_route0_01_08_22_41_44,"{""R2"": 96, ""R4"": 9}","{""R-E1"": 7, ""R-E2"": 19, ""U-E2"": 79}"
ConstructionObstacleTwoWays,Town13_Rep0_route_003191_route0_01_10_06_28_04,105,success,105,True,96,0.914286,105,1.0,False,written,AutoMoT/keyframe_filter/collection_output/r2_rgb_route_sheets_20260708/route_sheets/ConstructionObstacleTwoWays/Town13_Rep0_route_003191_route0_01_10_06_28_04/page_000.jpg,AutoMoT/keyframe_filter/collection_output/r2_rgb_route_sheets_20260708/route_sheets/ConstructionObstacleTwoWays/Town13_Rep0_route_003191_route0_01_10_06_28_04,"{""R2"": 96, ""R4"": 9}","{""R-E1"": 8, ""R-E2"": 20, ""U-E2"": 77}"
ConstructionObstacleTwoWays,Town13_Rep0_route_003200_route0_01_10_09_51_36,105,success,105,True,96,0.914286,105,1.0,False,written,AutoMoT/keyframe_filter/collection_output/r2_rgb_route_sheets_20260708/route_sheets/ConstructionObstacleTwoWays/Town13_Rep0_route_003200_route0_01_10_09_51_36/page_000.jpg,AutoMoT/keyframe_filter/collection_output/r2_rgb_route_sheets_20260708/route_sheets/ConstructionObstacleTwoWays/Town13_Rep0_route_003200_route0_01_10_09_51_36,"{""R2"": 96, ""R4"": 9}","{""R-E1"": 7, ""R-E2"": 21, ""U-E2"": 77}"
ConstructionObstacleTwoWays,Town12_Rep0_route_001139_route0_01_10_20_40_57,151,success,151,True,138,0.913907,151,1.0,False,written,AutoMoT/keyframe_filter/collection_output/r2_rgb_route_sheets_20260708/route_sheets/ConstructionObstacleTwoWays/Town12_Rep0_route_001139_route0_01_10_20_40_57/page_000.jpg,AutoMoT/keyframe_filter/collection_output/r2_rgb_route_sheets_20260708/route_sheets/ConstructionObstacleTwoWays/Town12_Rep0_route_001139_route0_01_10_20_40_57,"{""R2"": 138, ""R5"": 13}","{""R-E1"": 42, ""R-E2"": 17, ""R-E5"": 13, ""U-E2"": 79}"
ConstructionObstacleTwoWays,Town12_Rep0_route_002681_route0_01_08_07_04_54,116,success,116,True,106,0.913793,116,1.0,False,written,AutoMoT/keyframe_filter/collection_output/r2_rgb_route_sheets_20260708/route_sheets/ConstructionObstacleTwoWays/Town12_Rep0_route_002681_route0_01_08_07_04_54/page_000.jpg,AutoMoT/keyframe_filter/collection_output/r2_rgb_route_sheets_20260708/route_sheets/ConstructionObstacleTwoWays/Town12_Rep0_route_002681_route0_01_08_07_04_54,"{""R2"": 106, ""R4"": 10}","{""R-E1"": 38, ""R-E2"": 45, ""R-E4"": 10, ""U-E2"": 23}"
ConstructionObstacleTwoWays,Town12_Rep0_route_001138_route0_01_10_01_48_10,137,success,137,True,125,0.912409,137,1.0,False,written,AutoMoT/keyframe_filter/collection_output/r2_rgb_route_sheets_20260708/route_sheets/ConstructionObstacleTwoWays/Town12_Rep0_route_001138_route0_01_10_01_48_10/page_000.jpg,AutoMoT/keyframe_filter/collection_output/r2_rgb_route_sheets_20260708/route_sheets/ConstructionObstacleTwoWays/Town12_Rep0_route_001138_route0_01_10_01_48_10,"{""R2"": 125, ""R5"": 12}","{""R-E1"": 33, ""R-E2"": 16, ""R-E5"": 12, ""U-E2"": 76}"
ConstructionObstacleTwoWays,Town12_Rep0_1856_0_route0_01_08_00_07_07,157,success,157,True,143,0.910828,157,1.0,False,written,AutoMoT/keyframe_filter/collection_output/r2_rgb_route_sheets_20260708/route_sheets/ConstructionObstacleTwoWays/Town12_Rep0_1856_0_route0_01_08_00_07_07/page_000.jpg,AutoMoT/keyframe_filter/collection_output/r2_rgb_route_sheets_20260708/route_sheets/ConstructionObstacleTwoWays/Town12_Rep0_1856_0_route0_01_08_00_07_07,"{""R2"": 143, ""R5"": 14}","{""R-E1"": 50, ""R-E2"": 16, ""R-E5"": 14, ""U-E2"": 77}"
ConstructionObstacleTwoWays,Town13_Rep0_route_003185_route0_01_10_15_51_07,96,success,96,True,87,0.90625,96,1.0,False,written,AutoMoT/keyframe_filter/collection_output/r2_rgb_route_sheets_20260708/route_sheets/ConstructionObstacleTwoWays/Town13_Rep0_route_003185_route0_01_10_15_51_07/page_000.jpg,AutoMoT/keyframe_filter/collection_output/r2_rgb_route_sheets_20260708/route_sheets/ConstructionObstacleTwoWays/Town13_Rep0_route_003185_route0_01_10_15_51_07,"{""R2"": 87, ""R4"": 9}","{""R-E1"": 22, ""R-E2"": 26, ""U-E2"": 48}"
ConstructionObstacleTwoWays,Town13_Rep0_route_003186_route0_01_09_20_41_20,96,success,96,True,87,0.90625,96,1.0,False,written,AutoMoT/keyframe_filter/collection_output/r2_rgb_route_sheets_20260708/route_sheets/ConstructionObstacleTwoWays/Town13_Rep0_route_003186_route0_01_09_20_41_20/page_000.jpg,AutoMoT/keyframe_filter/collection_output/r2_rgb_route_sheets_20260708/route_sheets/ConstructionObstacleTwoWays/Town13_Rep0_route_003186_route0_01_09_20_41_20,"{""R2"": 87, ""R4"": 9}","{""R-E1"": 25, ""R-E2"": 23, ""U-E2"": 48}"
ConstructionObstacleTwoWays,Town12_Rep0_route_001134_route0_01_11_01_53_37,135,success,135,True,122,0.903704,135,1.0,False,written,AutoMoT/keyframe_filter/collection_output/r2_rgb_route_sheets_20260708/route_sheets/ConstructionObstacleTwoWays/Town12_Rep0_route_001134_route0_01_11_01_53_37/page_000.jpg,AutoMoT/keyframe_filter/collection_output/r2_rgb_route_sheets_20260708/route_sheets/ConstructionObstacleTwoWays/Town12_Rep0_route_001134_route0_01_11_01_53_37,"{""R2"": 122, ""R5"": 13}","{""R-E1"": 29, ""R-E2"": 17, ""R-E5"": 13, ""U-E2"": 76}"
ConstructionObstacleTwoWays,Town01_Rep0_route_001278_route0_01_09_04_40_28,132,success,132,True,119,0.901515,132,1.0,False,written,AutoMoT/keyframe_filter/collection_output/r2_rgb_route_sheets_20260708/route_sheets/ConstructionObstacleTwoWays/Town01_Rep0_route_001278_route0_01_09_04_40_28/page_000.jpg,AutoMoT/keyframe_filter/collection_output/r2_rgb_route_sheets_20260708/route_sheets/ConstructionObstacleTwoWays/Town01_Rep0_route_001278_route0_01_09_04_40_28,"{""R2"": 119, ""R4"": 13}","{""R-E1"": 27, ""R-E2"": 15, ""R-E4"": 13, ""U-E2"": 77}"
ConstructionObstacleTwoWays,Town12_Rep0_route_001150_route0_01_09_13_18_26,182,success,182,True,164,0.901099,182,1.0,False,written,AutoMoT/keyframe_filter/collection_output/r2_rgb_route_sheets_20260708/route_sheets/ConstructionObstacleTwoWays/Town12_Rep0_route_001150_route0_01_09_13_18_26/page_000.jpg,AutoMoT/keyframe_filter/collection_output/r2_rgb_route_sheets_20260708/route_sheets/ConstructionObstacleTwoWays/Town12_Rep0_route_001150_route0_01_09_13_18_26,"{""R2"": 164, ""R4"": 18}","{""R-E1"": 73, ""R-E2"": 16, ""R-E4"": 18, ""U-E2"": 75}"
ConstructionObstacleTwoWays,Town12_Rep0_route_001131_route0_01_09_16_07_52,130,success,130,True,117,0.9,130,1.0,False,written,AutoMoT/keyframe_filter/collection_output/r2_rgb_route_sheets_20260708/route_sheets/ConstructionObstacleTwoWays/Town12_Rep0_route_001131_route0_01_09_16_07_52/page_000.jpg,AutoMoT/keyframe_filter/collection_output/r2_rgb_route_sheets_20260708/route_sheets/ConstructionObstacleTwoWays/Town12_Rep0_route_001131_route0_01_09_16_07_52,"{""R2"": 117, ""R5"": 13}","{""R-E1"": 23, ""R-E2"": 19, ""R-E5"": 13, ""U-E2"": 75}"
ConstructionObstacleTwoWays,Town15_Rep0_route_001086_route0_01_09_07_20_43,199,success,199,True,179,0.899497,183,0.9196,False,written,AutoMoT/keyframe_filter/collection_output/r2_rgb_route_sheets_20260708/route_sheets/ConstructionObstacleTwoWays/Town15_Rep0_route_001086_route0_01_09_07_20_43/page_000.jpg,AutoMoT/keyframe_filter/collection_output/r2_rgb_route_sheets_20260708/route_sheets/ConstructionObstacleTwoWays/Town15_Rep0_route_001086_route0_01_09_07_20_43,"{""R2"": 179, ""R5"": 20}","{""R-E1"": 87, ""R-E2"": 16, ""R-E5"": 20, ""U-E2"": 76}"
ConstructionObstacleTwoWays,Town12_Rep0_route_001128_route0_01_09_23_32_19,139,success,139,True,125,0.899281,139,1.0,False,written,AutoMoT/keyframe_filter/collection_output/r2_rgb_route_sheets_20260708/route_sheets/ConstructionObstacleTwoWays/Town12_Rep0_route_001128_route0_01_09_23_32_19/page_000.jpg,AutoMoT/keyframe_filter/collection_output/r2_rgb_route_sheets_20260708/route_sheets/ConstructionObstacleTwoWays/Town12_Rep0_route_001128_route0_01_09_23_32_19,"{""R2"": 125, ""R5"": 14}","{""R-E1"": 32, ""R-E2"": 16, ""R-E5"": 14, ""U-E2"": 77}"
ConstructionObstacleTwoWays,Town15_Rep0_route_001203_route0_01_11_03_35_55,198,success,198,True,178,0.89899,183,0.9242,False,written,AutoMoT/keyframe_filter/collection_output/r2_rgb_route_sheets_20260708/route_sheets/ConstructionObstacleTwoWays/Town15_Rep0_route_001203_route0_01_11_03_35_55/page_000.jpg,AutoMoT/keyframe_filter/collection_output/r2_rgb_route_sheets_20260708/route_sheets/ConstructionObstacleTwoWays/Town15_Rep0_route_001203_route0_01_11_03_35_55,"{""R2"": 178, ""R5"": 20}","{""R-E1"": 88, ""R-E2"": 16, ""R-E5"": 20, ""U-E2"": 74}"
ConstructionObstacleTwoWays,Town12_Rep0_route_002827_route0_01_08_12_14_11,118,success,118,True,106,0.898305,118,1.0,False,written,AutoMoT/keyframe_filter/collection_output/r2_rgb_route_sheets_20260708/route_sheets/ConstructionObstacleTwoWays/Town12_Rep0_route_002827_route0_01_08_12_14_11/page_000.jpg,AutoMoT/keyframe_filter/collection_output/r2_rgb_route_sheets_20260708/route_sheets/ConstructionObstacleTwoWays/Town12_Rep0_route_002827_route0_01_08_12_14_11,"{""R2"": 106, ""R4"": 12}","{""R-E1"": 47, ""R-E2"": 23, ""U-E2"": 48}"
ConstructionObstacleTwoWays,Town13_Rep0_route_003171_route0_01_10_22_53_33,96,success,96,True,86,0.895833,96,1.0,False,written,AutoMoT/keyframe_filter/collection_output/r2_rgb_route_sheets_20260708/route_sheets/ConstructionObstacleTwoWays/Town13_Rep0_route_003171_route0_01_10_22_53_33/page_000.jpg,AutoMoT/keyframe_filter/collection_output/r2_rgb_route_sheets_20260708/route_sheets/ConstructionObstacleTwoWays/Town13_Rep0_route_003171_route0_01_10_22_53_33,"{""R2"": 86, ""R4"": 10}","{""R-E1"": 25, ""R-E2"": 23, ""U-E2"": 48}"
ConstructionObstacleTwoWays,Town12_Rep0_2689_0_route0_01_09_05_02_56,172,success,172,True,154,0.895349,172,1.0,False,written,AutoMoT/keyframe_filter/collection_output/r2_rgb_route_sheets_20260708/route_sheets/ConstructionObstacleTwoWays/Town12_Rep0_2689_0_route0_01_09_05_02_56/page_000.jpg,AutoMoT/keyframe_filter/collection_output/r2_rgb_route_sheets_20260708/route_sheets/ConstructionObstacleTwoWays/Town12_Rep0_2689_0_route0_01_09_05_02_56,"{""R2"": 154, ""R5"": 18}","{""R-E1"": 62, ""R-E2"": 16, ""R-E5"": 18, ""U-E2"": 76}"
ConstructionObstacleTwoWays,Town12_Rep0_2689_1_route0_01_10_09_57_40,172,success,172,True,154,0.895349,172,1.0,False,written,AutoMoT/keyframe_filter/collection_output/r2_rgb_route_sheets_20260708/route_sheets/ConstructionObstacleTwoWays/Town12_Rep0_2689_1_route0_01_10_09_57_40/page_000.jpg,AutoMoT/keyframe_filter/collection_output/r2_rgb_route_sheets_20260708/route_sheets/ConstructionObstacleTwoWays/Town12_Rep0_2689_1_route0_01_10_09_57_40,"{""R2"": 154, ""R5"": 18}","{""R-E1"": 63, ""R-E2"": 17, ""R-E5"": 18, ""U-E2"": 74}"
ConstructionObstacleTwoWays,Town12_Rep0_route_002682_route0_01_10_15_34_02,102,success,102,True,91,0.892157,102,1.0,False,written,AutoMoT/keyframe_filter/collection_output/r2_rgb_route_sheets_20260708/route_sheets/ConstructionObstacleTwoWays/Town12_Rep0_route_002682_route0_01_10_15_34_02/page_000.jpg,AutoMoT/keyframe_filter/collection_output/r2_rgb_route_sheets_20260708/route_sheets/ConstructionObstacleTwoWays/Town12_Rep0_route_002682_route0_01_10_15_34_02,"{""R2"": 91, ""R4"": 11}","{""R-E1"": 45, ""R-E2"": 21, ""U-E2"": 36}"
ConstructionObstacleTwoWays,Town13_Rep0_route_003188_route0_01_10_19_55_42,91,success,91,True,81,0.89011,91,1.0,False,written,AutoMoT/keyframe_filter/collection_output/r2_rgb_route_sheets_20260708/route_sheets/ConstructionObstacleTwoWays/Town13_Rep0_route_003188_route0_01_10_19_55_42/page_000.jpg,AutoMoT/keyframe_filter/collection_output/r2_rgb_route_sheets_20260708/route_sheets/ConstructionObstacleTwoWays/Town13_Rep0_route_003188_route0_01_10_19_55_42,"{""R2"": 81, ""R4"": 10}","{""R-E1"": 21, ""R-E2"": 22, ""U-E2"": 48}"
ConstructionObstacleTwoWays,Town12_Rep0_route_001130_route0_01_10_07_46_16,108,success,108,True,96,0.888889,108,1.0,False,written,AutoMoT/keyframe_filter/collection_output/r2_rgb_route_sheets_20260708/route_sheets/ConstructionObstacleTwoWays/Town12_Rep0_route_001130_route0_01_10_07_46_16/page_000.jpg,AutoMoT/keyframe_filter/collection_output/r2_rgb_route_sheets_20260708/route_sheets/ConstructionObstacleTwoWays/Town12_Rep0_route_001130_route0_01_10_07_46_16,"{""R2"": 96, ""R5"": 12}","{""R-E1"": 4, ""R-E2"": 20, ""R-E5"": 12, ""U-E2"": 72}"
ConstructionObstacleTwoWays,Town13_Rep0_route_003201_route0_01_08_19_28_45,98,success,98,True,87,0.887755,98,1.0,False,written,AutoMoT/keyframe_filter/collection_output/r2_rgb_route_sheets_20260708/route_sheets/ConstructionObstacleTwoWays/Town13_Rep0_route_003201_route0_01_08_19_28_45/page_000.jpg,AutoMoT/keyframe_filter/collection_output/r2_rgb_route_sheets_20260708/route_sheets/ConstructionObstacleTwoWays/Town13_Rep0_route_003201_route0_01_08_19_28_45,"{""R2"": 87, ""R4"": 11}","{""R-E1"": 25, ""R-E2"": 24, ""U-E2"": 49}"
ConstructionObstacleTwoWays,Town12_Rep0_route_001151_route0_01_10_21_27_19,142,success,142,True,126,0.887324,142,1.0,False,written,AutoMoT/keyframe_filter/collection_output/r2_rgb_route_sheets_20260708/route_sheets/ConstructionObstacleTwoWays/Town12_Rep0_route_001151_route0_01_10_21_27_19/page_000.jpg,AutoMoT/keyframe_filter/collection_output/r2_rgb_route_sheets_20260708/route_sheets/ConstructionObstacleTwoWays/Town12_Rep0_route_001151_route0_01_10_21_27_19,"{""R2"": 126, ""R4"": 16}","{""R-E1"": 32, ""R-E2"": 16, ""R-E4"": 16, ""U-E2"": 78}"
ConstructionObstacleTwoWays,Town12_Rep0_route_001155_route0_01_08_10_19_52,141,success,141,True,125,0.886525,141,1.0,False,written,AutoMoT/keyframe_filter/collection_output/r2_rgb_route_sheets_20260708/route_sheets/ConstructionObstacleTwoWays/Town12_Rep0_route_001155_route0_01_08_10_19_52/page_000.jpg,AutoMoT/keyframe_filter/collection_output/r2_rgb_route_sheets_20260708/route_sheets/ConstructionObstacleTwoWays/Town12_Rep0_route_001155_route0_01_08_10_19_52,"{""R2"": 125, ""R4"": 16}","{""R-E1"": 20, ""R-E2"": 18, ""R-E4"": 16, ""U-E2"": 87}"
ConstructionObstacleTwoWays,Town12_Rep0_route_002712_route0_01_08_16_44_09,103,success,103,True,91,0.883495,103,1.0,False,written,AutoMoT/keyframe_filter/collection_output/r2_rgb_route_sheets_20260708/route_sheets/ConstructionObstacleTwoWays/Town12_Rep0_route_002712_route0_01_08_16_44_09/page_000.jpg,AutoMoT/keyframe_filter/collection_output/r2_rgb_route_sheets_20260708/route_sheets/ConstructionObstacleTwoWays/Town12_Rep0_route_002712_route0_01_08_16_44_09,"{""R2"": 91, ""R4"": 12}","{""R-E1"": 42, ""R-E2"": 23, ""U-E2"": 38}"
ConstructionObstacleTwoWays,Town15_Rep0_route_001298_route0_01_09_03_35_30,194,success,194,True,171,0.881443,185,0.9536,False,written,AutoMoT/keyframe_filter/collection_output/r2_rgb_route_sheets_20260708/route_sheets/ConstructionObstacleTwoWays/Town15_Rep0_route_001298_route0_01_09_03_35_30/page_000.jpg,AutoMoT/keyframe_filter/collection_output/r2_rgb_route_sheets_20260708/route_sheets/ConstructionObstacleTwoWays/Town15_Rep0_route_001298_route0_01_09_03_35_30,"{""R2"": 171, ""R5"": 23}","{""R-E1"": 80, ""R-E2"": 16, ""R-E5"": 23, ""U-E2"": 75}"
ConstructionObstacleTwoWays,Town13_Rep0_route_003190_route0_01_10_11_44_15,92,success,92,True,81,0.880435,92,1.0,False,written,AutoMoT/keyframe_filter/collection_output/r2_rgb_route_sheets_20260708/route_sheets/ConstructionObstacleTwoWays/Town13_Rep0_route_003190_route0_01_10_11_44_15/page_000.jpg,AutoMoT/keyframe_filter/collection_output/r2_rgb_route_sheets_20260708/route_sheets/ConstructionObstacleTwoWays/Town13_Rep0_route_003190_route0_01_10_11_44_15,"{""R2"": 81, ""R4"": 11}","{""R-E1"": 20, ""R-E2"": 25, ""U-E2"": 47}"
ConstructionObstacleTwoWays,Town12_Rep0_route_002851_route0_01_09_04_30_03,142,success,142,True,125,0.880282,142,1.0,False,written,AutoMoT/keyframe_filter/collection_output/r2_rgb_route_sheets_20260708/route_sheets/ConstructionObstacleTwoWays/Town12_Rep0_route_002851_route0_01_09_04_30_03/page_000.jpg,AutoMoT/keyframe_filter/collection_output/r2_rgb_route_sheets_20260708/route_sheets/ConstructionObstacleTwoWays/Town12_Rep0_route_002851_route0_01_09_04_30_03,"{""R2"": 125, ""R4"": 17}","{""R-E1"": 58, ""R-E2"": 35, ""U-E2"": 49}"
ConstructionObstacleTwoWays,Town12_Rep0_1113_0_route0_01_08_23_39_11,150,success,150,True,132,0.88,150,1.0,False,written,AutoMoT/keyframe_filter/collection_output/r2_rgb_route_sheets_20260708/route_sheets/ConstructionObstacleTwoWays/Town12_Rep0_1113_0_route0_01_08_23_39_11/page_000.jpg,AutoMoT/keyframe_filter/collection_output/r2_rgb_route_sheets_20260708/route_sheets/ConstructionObstacleTwoWays/Town12_Rep0_1113_0_route0_01_08_23_39_11,"{""R2"": 132, ""R5"": 18}","{""R-E1"": 39, ""R-E2"": 16, ""R-E5"": 18, ""U-E2"": 77}"
ConstructionObstacleTwoWays,Town12_Rep0_route_001132_route0_01_10_10_31_41,100,success,100,True,88,0.88,100,1.0,False,written,AutoMoT/keyframe_filter/collection_output/r2_rgb_route_sheets_20260708/route_sheets/ConstructionObstacleTwoWays/Town12_Rep0_route_001132_route0_01_10_10_31_41/page_000.jpg,AutoMoT/keyframe_filter/collection_output/r2_rgb_route_sheets_20260708/route_sheets/ConstructionObstacleTwoWays/Town12_Rep0_route_001132_route0_01_10_10_31_41,"{""R2"": 88, ""R5"": 12}","{""R-E1"": 27, ""R-E2"": 18, ""R-E5"": 12, ""U-E2"": 43}"
ConstructionObstacleTwoWays,Town12_Rep0_630_0_route0_01_09_03_24_54,148,success,148,True,130,0.878378,148,1.0,False,written,AutoMoT/keyframe_filter/collection_output/r2_rgb_route_sheets_20260708/route_sheets/ConstructionObstacleTwoWays/Town12_Rep0_630_0_route0_01_09_03_24_54/page_000.jpg,AutoMoT/keyframe_filter/collection_output/r2_rgb_route_sheets_20260708/route_sheets/ConstructionObstacleTwoWays/Town12_Rep0_630_0_route0_01_09_03_24_54,"{""R2"": 130, ""R4"": 18}","{""R-E1"": 39, ""R-E2"": 20, ""R-E4"": 10, ""U-E2"": 79}"
ConstructionObstacleTwoWays,Town15_Rep0_route_001087_route0_01_08_18_58_08,122,success,122,True,107,0.877049,106,0.8689,False,written,AutoMoT/keyframe_filter/collection_output/r2_rgb_route_sheets_20260708/route_sheets/ConstructionObstacleTwoWays/Town15_Rep0_route_001087_route0_01_08_18_58_08/page_000.jpg,AutoMoT/keyframe_filter/collection_output/r2_rgb_route_sheets_20260708/route_sheets/ConstructionObstacleTwoWays/Town15_Rep0_route_001087_route0_01_08_18_58_08,"{""R2"": 107, ""R5"": 15}","{""R-E1"": 107, ""R-E5"": 15}"
ConstructionObstacleTwoWays,Town15_Rep0_route_001114_route0_01_10_04_18_03,122,success,122,True,107,0.877049,106,0.8689,False,written,AutoMoT/keyframe_filter/collection_output/r2_rgb_route_sheets_20260708/route_sheets/ConstructionObstacleTwoWays/Town15_Rep0_route_001114_route0_01_10_04_18_03/page_000.jpg,AutoMoT/keyframe_filter/collection_output/r2_rgb_route_sheets_20260708/route_sheets/ConstructionObstacleTwoWays/Town15_Rep0_route_001114_route0_01_10_04_18_03,"{""R2"": 107, ""R5"": 15}","{""R-E1"": 107, ""R-E5"": 15}"
ConstructionObstacleTwoWays,Town12_Rep0_1224_0_route0_01_11_14_03_57,154,success,154,True,135,0.876623,154,1.0,False,written,AutoMoT/keyframe_filter/collection_output/r2_rgb_route_sheets_20260708/route_sheets/ConstructionObstacleTwoWays/Town12_Rep0_1224_0_route0_01_11_14_03_57/page_000.jpg,AutoMoT/keyframe_filter/collection_output/r2_rgb_route_sheets_20260708/route_sheets/ConstructionObstacleTwoWays/Town12_Rep0_1224_0_route0_01_11_14_03_57,"{""R2"": 135, ""R5"": 19}","{""R-E1"": 44, ""R-E2"": 16, ""R-E5"": 19, ""U-E2"": 75}"
ConstructionObstacleTwoWays,Town15_Rep0_route_001229_route0_01_08_02_42_24,170,success,170,True,149,0.876471,155,0.9118,False,written,AutoMoT/keyframe_filter/collection_output/r2_rgb_route_sheets_20260708/route_sheets/ConstructionObstacleTwoWays/Town15_Rep0_route_001229_route0_01_08_02_42_24/page_000.jpg,AutoMoT/keyframe_filter/collection_output/r2_rgb_route_sheets_20260708/route_sheets/ConstructionObstacleTwoWays/Town15_Rep0_route_001229_route0_01_08_02_42_24,"{""R2"": 149, ""R5"": 21}","{""R-E1"": 89, ""R-E2"": 20, ""R-E5"": 21, ""U-E2"": 40}"
ConstructionObstacleTwoWays,Town15_Rep0_route_001204_route0_01_10_23_39_55,121,success,121,True,106,0.876033,106,0.876,False,written,AutoMoT/keyframe_filter/collection_output/r2_rgb_route_sheets_20260708/route_sheets/ConstructionObstacleTwoWays/Town15_Rep0_route_001204_route0_01_10_23_39_55/page_000.jpg,AutoMoT/keyframe_filter/collection_output/r2_rgb_route_sheets_20260708/route_sheets/ConstructionObstacleTwoWays/Town15_Rep0_route_001204_route0_01_10_23_39_55,"{""R2"": 106, ""R5"": 15}","{""R-E1"": 106, ""R-E5"": 15}"
ConstructionObstacleTwoWays,Town12_Rep0_3147_0_route0_01_09_01_06_51,124,success,124,True,108,0.870968,124,1.0,False,written,AutoMoT/keyframe_filter/collection_output/r2_rgb_route_sheets_20260708/route_sheets/ConstructionObstacleTwoWays/Town12_Rep0_3147_0_route0_01_09_01_06_51/page_000.jpg,AutoMoT/keyframe_filter/collection_output/r2_rgb_route_sheets_20260708/route_sheets/ConstructionObstacleTwoWays/Town12_Rep0_3147_0_route0_01_09_01_06_51,"{""R2"": 108, ""R5"": 16}","{""R-E1"": 41, ""R-E2"": 19, ""R-E5"": 16, ""U-E2"": 48}"
ConstructionObstacleTwoWays,Town12_Rep0_route_001142_route0_01_10_12_52_55,128,success,128,True,111,0.867188,128,1.0,False,written,AutoMoT/keyframe_filter/collection_output/r2_rgb_route_sheets_20260708/route_sheets/ConstructionObstacleTwoWays/Town12_Rep0_route_001142_route0_01_10_12_52_55/page_000.jpg,AutoMoT/keyframe_filter/collection_output/r2_rgb_route_sheets_20260708/route_sheets/ConstructionObstacleTwoWays/Town12_Rep0_route_001142_route0_01_10_12_52_55,"{""R2"": 111, ""R4"": 17}","{""R-E1"": 25, ""R-E2"": 16, ""R-E4"": 17, ""U-E2"": 70}"
ConstructionObstacleTwoWays,Town12_Rep0_route_001141_route0_01_07_22_46_22,127,success,127,True,110,0.866142,127,1.0,False,written,AutoMoT/keyframe_filter/collection_output/r2_rgb_route_sheets_20260708/route_sheets/ConstructionObstacleTwoWays/Town12_Rep0_route_001141_route0_01_07_22_46_22/page_000.jpg,AutoMoT/keyframe_filter/collection_output/r2_rgb_route_sheets_20260708/route_sheets/ConstructionObstacleTwoWays/Town12_Rep0_route_001141_route0_01_07_22_46_22,"{""R2"": 110, ""R4"": 17}","{""R-E1"": 17, ""R-E2"": 16, ""R-E4"": 17, ""U-E2"": 77}"
ConstructionObstacleTwoWays,Town12_Rep0_route_002689_route0_01_07_22_05_01,82,success,82,True,71,0.865854,82,1.0,False,written,AutoMoT/keyframe_filter/collection_output/r2_rgb_route_sheets_20260708/route_sheets/ConstructionObstacleTwoWays/Town12_Rep0_route_002689_route0_01_07_22_05_01/page_000.jpg,AutoMoT/keyframe_filter/collection_output/r2_rgb_route_sheets_20260708/route_sheets/ConstructionObstacleTwoWays/Town12_Rep0_route_002689_route0_01_07_22_05_01,"{""R2"": 71, ""R4"": 11}","{""R-E1"": 39, ""R-E2"": 20, ""U-E2"": 23}"
ConstructionObstacleTwoWays,Town12_Rep0_route_002841_route0_01_09_08_07_15,104,success,104,True,90,0.865385,104,1.0,False,written,AutoMoT/keyframe_filter/collection_output/r2_rgb_route_sheets_20260708/route_sheets/ConstructionObstacleTwoWays/Town12_Rep0_route_002841_route0_01_09_08_07_15/page_000.jpg,AutoMoT/keyframe_filter/collection_output/r2_rgb_route_sheets_20260708/route_sheets/ConstructionObstacleTwoWays/Town12_Rep0_route_002841_route0_01_09_08_07_15,"{""R2"": 90, ""R4"": 14}","{""R-E1"": 29, ""R-E2"": 29, ""U-E2"": 46}"
ConstructionObstacleTwoWays,Town13_Rep0_route_003202_route0_01_09_07_34_43,96,success,96,True,83,0.864583,96,1.0,False,written,AutoMoT/keyframe_filter/collection_output/r2_rgb_route_sheets_20260708/route_sheets/ConstructionObstacleTwoWays/Town13_Rep0_route_003202_route0_01_09_07_34_43/page_000.jpg,AutoMoT/keyframe_filter/collection_output/r2_rgb_route_sheets_20260708/route_sheets/ConstructionObstacleTwoWays/Town13_Rep0_route_003202_route0_01_09_07_34_43,"{""R2"": 83, ""R4"": 13}","{""R-E1"": 21, ""R-E2"": 25, ""U-E2"": 50}"
ConstructionObstacleTwoWays,Town13_Rep0_route_003194_route0_01_09_08_00_18,95,success,95,True,82,0.863158,95,1.0,False,written,AutoMoT/keyframe_filter/collection_output/r2_rgb_route_sheets_20260708/route_sheets/ConstructionObstacleTwoWays/Town13_Rep0_route_003194_route0_01_09_08_00_18/page_000.jpg,AutoMoT/keyframe_filter/collection_output/r2_rgb_route_sheets_20260708/route_sheets/ConstructionObstacleTwoWays/Town13_Rep0_route_003194_route0_01_09_08_00_18,"{""R2"": 82, ""R4"": 13}","{""R-E1"": 20, ""R-E2"": 26, ""U-E2"": 49}"
ConstructionObstacleTwoWays,Town12_Rep0_route_001161_route0_01_09_01_39_46,153,success,153,True,131,0.856209,153,1.0,False,written,AutoMoT/keyframe_filter/collection_output/r2_rgb_route_sheets_20260708/route_sheets/ConstructionObstacleTwoWays/Town12_Rep0_route_001161_route0_01_09_01_39_46/page_000.jpg,AutoMoT/keyframe_filter/collection_output/r2_rgb_route_sheets_20260708/route_sheets/ConstructionObstacleTwoWays/Town12_Rep0_route_001161_route0_01_09_01_39_46,"{""R2"": 131, ""R4"": 22}","{""R-E1"": 31, ""R-E2"": 24, ""R-E4"": 22, ""U-E2"": 76}"
ConstructionObstacleTwoWays,Town15_Rep0_route_001089_route0_01_08_09_04_56,118,success,118,True,101,0.855932,83,0.7034,False,written,AutoMoT/keyframe_filter/collection_output/r2_rgb_route_sheets_20260708/route_sheets/ConstructionObstacleTwoWays/Town15_Rep0_route_001089_route0_01_08_09_04_56/page_000.jpg,AutoMoT/keyframe_filter/collection_output/r2_rgb_route_sheets_20260708/route_sheets/ConstructionObstacleTwoWays/Town15_Rep0_route_001089_route0_01_08_09_04_56,"{""R2"": 101, ""R4"": 5, ""R5"": 12}","{""R-E1"": 101, ""R-E4"": 5, ""R-E5"": 12}"
ConstructionObstacleTwoWays,Town13_Rep0_route_003164_route0_01_08_12_03_57,104,success,104,True,89,0.855769,104,1.0,False,written,AutoMoT/keyframe_filter/collection_output/r2_rgb_route_sheets_20260708/route_sheets/ConstructionObstacleTwoWays/Town13_Rep0_route_003164_route0_01_08_12_03_57/page_000.jpg,AutoMoT/keyframe_filter/collection_output/r2_rgb_route_sheets_20260708/route_sheets/ConstructionObstacleTwoWays/Town13_Rep0_route_003164_route0_01_08_12_03_57,"{""R2"": 89, ""R4"": 15}","{""R-E1"": 26, ""R-E2"": 29, ""U-E2"": 49}"
ConstructionObstacleTwoWays,Town12_Rep0_route_001135_route0_01_08_09_08_15,97,success,97,True,83,0.85567,97,1.0,False,written,AutoMoT/keyframe_filter/collection_output/r2_rgb_route_sheets_20260708/route_sheets/ConstructionObstacleTwoWays/Town12_Rep0_route_001135_route0_01_08_09_08_15/page_000.jpg,AutoMoT/keyframe_filter/collection_output/r2_rgb_route_sheets_20260708/route_sheets/ConstructionObstacleTwoWays/Town12_Rep0_route_001135_route0_01_08_09_08_15,"{""R2"": 83, ""R5"": 14}","{""R-E1"": 25, ""R-E2"": 17, ""R-E5"": 14, ""U-E2"": 41}"
ConstructionObstacleTwoWays,Town13_Rep0_route_003189_route0_01_08_19_26_02,97,success,97,True,83,0.85567,97,1.0,False,written,AutoMoT/keyframe_filter/collection_output/r2_rgb_route_sheets_20260708/route_sheets/ConstructionObstacleTwoWays/Town13_Rep0_route_003189_route0_01_08_19_26_02/page_000.jpg,AutoMoT/keyframe_filter/collection_output/r2_rgb_route_sheets_20260708/route_sheets/ConstructionObstacleTwoWays/Town13_Rep0_route_003189_route0_01_08_19_26_02,"{""R2"": 83, ""R4"": 14}","{""R-E1"": 17, ""R-E2"": 30, ""U-E2"": 50}"
ConstructionObstacleTwoWays,Town12_Rep0_route_001148_route0_01_08_14_19_00,150,success,150,True,128,0.853333,150,1.0,False,written,AutoMoT/keyframe_filter/collection_output/r2_rgb_route_sheets_20260708/route_sheets/ConstructionObstacleTwoWays/Town12_Rep0_route_001148_route0_01_08_14_19_00/page_000.jpg,AutoMoT/keyframe_filter/collection_output/r2_rgb_route_sheets_20260708/route_sheets/ConstructionObstacleTwoWays/Town12_Rep0_route_001148_route0_01_08_14_19_00,"{""R2"": 128, ""R4"": 22}","{""R-E1"": 56, ""R-E2"": 23, ""R-E4"": 16, ""U-E2"": 55}"
ConstructionObstacleTwoWays,Town12_Rep0_route_001160_route0_01_08_15_44_39,162,success,162,True,138,0.851852,162,1.0,False,written,AutoMoT/keyframe_filter/collection_output/r2_rgb_route_sheets_20260708/route_sheets/ConstructionObstacleTwoWays/Town12_Rep0_route_001160_route0_01_08_15_44_39/page_000.jpg,AutoMoT/keyframe_filter/collection_output/r2_rgb_route_sheets_20260708/route_sheets/ConstructionObstacleTwoWays/Town12_Rep0_route_001160_route0_01_08_15_44_39,"{""R2"": 138, ""R4"": 24}","{""R-E1"": 39, ""R-E2"": 22, ""R-E4"": 24, ""U-E2"": 77}"
ConstructionObstacleTwoWays,Town13_Rep0_1143_0_route0_01_10_21_32_31,162,success,162,True,138,0.851852,162,1.0,False,written,AutoMoT/keyframe_filter/collection_output/r2_rgb_route_sheets_20260708/route_sheets/ConstructionObstacleTwoWays/Town13_Rep0_1143_0_route0_01_10_21_32_31/page_000.jpg,AutoMoT/keyframe_filter/collection_output/r2_rgb_route_sheets_20260708/route_sheets/ConstructionObstacleTwoWays/Town13_Rep0_1143_0_route0_01_10_21_32_31,"{""R2"": 138, ""R5"": 24}","{""R-E1"": 23, ""R-E2"": 16, ""R-E5"": 24, ""U-E2"": 99}"
ConstructionObstacleTwoWays,Town15_Rep0_route_001230_route0_01_10_14_35_13,100,success,100,True,85,0.85,88,0.88,False,written,AutoMoT/keyframe_filter/collection_output/r2_rgb_route_sheets_20260708/route_sheets/ConstructionObstacleTwoWays/Town15_Rep0_route_001230_route0_01_10_14_35_13/page_000.jpg,AutoMoT/keyframe_filter/collection_output/r2_rgb_route_sheets_20260708/route_sheets/ConstructionObstacleTwoWays/Town15_Rep0_route_001230_route0_01_10_14_35_13,"{""R2"": 85, ""R5"": 15}","{""R-E1"": 85, ""R-E5"": 15}"
ConstructionObstacleTwoWays,Town15_Rep0_route_001299_route0_01_10_08_03_37,100,success,100,True,85,0.85,88,0.88,False,written,AutoMoT/keyframe_filter/collection_output/r2_rgb_route_sheets_20260708/route_sheets/ConstructionObstacleTwoWays/Town15_Rep0_route_001299_route0_01_10_08_03_37/page_000.jpg,AutoMoT/keyframe_filter/collection_output/r2_rgb_route_sheets_20260708/route_sheets/ConstructionObstacleTwoWays/Town15_Rep0_route_001299_route0_01_10_08_03_37,"{""R2"": 85, ""R5"": 15}","{""R-E1"": 85, ""R-E5"": 15}"
ConstructionObstacleTwoWays,Town15_Rep0_route_001326_route0_01_09_18_56_51,100,success,100,True,85,0.85,88,0.88,False,written,AutoMoT/keyframe_filter/collection_output/r2_rgb_route_sheets_20260708/route_sheets/ConstructionObstacleTwoWays/Town15_Rep0_route_001326_route0_01_09_18_56_51/page_000.jpg,AutoMoT/keyframe_filter/collection_output/r2_rgb_route_sheets_20260708/route_sheets/ConstructionObstacleTwoWays/Town15_Rep0_route_001326_route0_01_09_18_56_51,"{""R2"": 85, ""R5"": 15}","{""R-E1"": 85, ""R-E5"": 15}"
ConstructionObstacleTwoWays,Town12_Rep0_4165_0_route0_01_10_01_57_43,128,success,128,True,108,0.84375,128,1.0,False,written,AutoMoT/keyframe_filter/collection_output/r2_rgb_route_sheets_20260708/route_sheets/ConstructionObstacleTwoWays/Town12_Rep0_4165_0_route0_01_10_01_57_43/page_000.jpg,AutoMoT/keyframe_filter/collection_output/r2_rgb_route_sheets_20260708/route_sheets/ConstructionObstacleTwoWays/Town12_Rep0_4165_0_route0_01_10_01_57_43,"{""R2"": 108, ""R4"": 20}","{""R-E1"": 42, ""R-E2"": 21, ""R-E4"": 20, ""U-E2"": 45}"
ConstructionObstacleTwoWays,Town15_Rep0_route_001116_route0_01_09_07_24_43,121,success,121,True,102,0.842975,85,0.7025,False,written,AutoMoT/keyframe_filter/collection_output/r2_rgb_route_sheets_20260708/route_sheets/ConstructionObstacleTwoWays/Town15_Rep0_route_001116_route0_01_09_07_24_43/page_000.jpg,AutoMoT/keyframe_filter/collection_output/r2_rgb_route_sheets_20260708/route_sheets/ConstructionObstacleTwoWays/Town15_Rep0_route_001116_route0_01_09_07_24_43,"{""R2"": 102, ""R4"": 5, ""R5"": 14}","{""R-E1"": 102, ""R-E4"": 5, ""R-E5"": 14}"
ConstructionObstacleTwoWays,Town13_Rep0_route_001270_route0_01_09_04_22_56,216,success,216,True,182,0.842593,216,1.0,False,written,AutoMoT/keyframe_filter/collection_output/r2_rgb_route_sheets_20260708/route_sheets/ConstructionObstacleTwoWays/Town13_Rep0_route_001270_route0_01_09_04_22_56/page_000.jpg,AutoMoT/keyframe_filter/collection_output/r2_rgb_route_sheets_20260708/route_sheets/ConstructionObstacleTwoWays/Town13_Rep0_route_001270_route0_01_09_04_22_56,"{""R2"": 182, ""R4"": 34}","{""R-E1"": 82, ""R-E2"": 25, ""R-E4"": 29, ""U-E2"": 80}"
ConstructionObstacleTwoWays,Town12_Rep0_route_001169_route0_01_10_15_01_43,173,success,173,True,145,0.83815,173,1.0,False,written,AutoMoT/keyframe_filter/collection_output/r2_rgb_route_sheets_20260708/route_sheets/ConstructionObstacleTwoWays/Town12_Rep0_route_001169_route0_01_10_15_01_43/page_000.jpg,AutoMoT/keyframe_filter/collection_output/r2_rgb_route_sheets_20260708/route_sheets/ConstructionObstacleTwoWays/Town12_Rep0_route_001169_route0_01_10_15_01_43,"{""R2"": 145, ""R4"": 28}","{""R-E1"": 46, ""R-E2"": 28, ""R-E4"": 28, ""U-E2"": 71}"
ConstructionObstacleTwoWays,Town01_Rep0_route_001284_route0_01_11_03_27_13,179,success,179,True,150,0.837989,179,1.0,False,written,AutoMoT/keyframe_filter/collection_output/r2_rgb_route_sheets_20260708/route_sheets/ConstructionObstacleTwoWays/Town01_Rep0_route_001284_route0_01_11_03_27_13/page_000.jpg,AutoMoT/keyframe_filter/collection_output/r2_rgb_route_sheets_20260708/route_sheets/ConstructionObstacleTwoWays/Town01_Rep0_route_001284_route0_01_11_03_27_13,"{""R2"": 150, ""R4"": 29}","{""R-E1"": 60, ""R-E2"": 20, ""R-E4"": 19, ""U-E2"": 80}"
ConstructionObstacleTwoWays,Town12_Rep0_route_001285_route0_01_09_20_12_58,111,success,111,True,93,0.837838,111,1.0,False,written,AutoMoT/keyframe_filter/collection_output/r2_rgb_route_sheets_20260708/route_sheets/ConstructionObstacleTwoWays/Town12_Rep0_route_001285_route0_01_09_20_12_58/page_000.jpg,AutoMoT/keyframe_filter/collection_output/r2_rgb_route_sheets_20260708/route_sheets/ConstructionObstacleTwoWays/Town12_Rep0_route_001285_route0_01_09_20_12_58,"{""R2"": 93, ""R4"": 18}","{""R-E1"": 1, ""R-E2"": 27, ""U-E2"": 83}"
ConstructionObstacleTwoWays,Town01_Rep0_route_001281_route0_01_08_19_48_36,177,success,177,True,148,0.836158,177,1.0,False,written,AutoMoT/keyframe_filter/collection_output/r2_rgb_route_sheets_20260708/route_sheets/ConstructionObstacleTwoWays/Town01_Rep0_route_001281_route0_01_08_19_48_36/page_000.jpg,AutoMoT/keyframe_filter/collection_output/r2_rgb_route_sheets_20260708/route_sheets/ConstructionObstacleTwoWays/Town01_Rep0_route_001281_route0_01_08_19_48_36,"{""R2"": 148, ""R4"": 29}","{""R-E1"": 57, ""R-E2"": 20, ""R-E4"": 20, ""U-E2"": 80}"
ConstructionObstacleTwoWays,Town13_Rep0_route_001261_route0_01_11_04_04_11,219,success,219,True,183,0.835616,219,1.0,False,written,AutoMoT/keyframe_filter/collection_output/r2_rgb_route_sheets_20260708/route_sheets/ConstructionObstacleTwoWays/Town13_Rep0_route_001261_route0_01_11_04_04_11/page_000.jpg,AutoMoT/keyframe_filter/collection_output/r2_rgb_route_sheets_20260708/route_sheets/ConstructionObstacleTwoWays/Town13_Rep0_route_001261_route0_01_11_04_04_11,"{""R2"": 183, ""R4"": 36}","{""R-E1"": 88, ""R-E2"": 25, ""R-E4"": 32, ""U-E2"": 74}"
ConstructionObstacleTwoWays,Town12_Rep0_route_001140_route0_01_09_01_50_47,145,success,145,True,121,0.834483,145,1.0,False,written,AutoMoT/keyframe_filter/collection_output/r2_rgb_route_sheets_20260708/route_sheets/ConstructionObstacleTwoWays/Town12_Rep0_route_001140_route0_01_09_01_50_47/page_000.jpg,AutoMoT/keyframe_filter/collection_output/r2_rgb_route_sheets_20260708/route_sheets/ConstructionObstacleTwoWays/Town12_Rep0_route_001140_route0_01_09_01_50_47,"{""R2"": 121, ""R4"": 24}","{""R-E1"": 24, ""R-E2"": 54, ""R-E4"": 17, ""U-E2"": 50}"
ConstructionObstacleTwoWays,Town12_Rep0_route_001152_route0_01_10_01_52_18,168,success,168,True,140,0.833333,168,1.0,False,written,AutoMoT/keyframe_filter/collection_output/r2_rgb_route_sheets_20260708/route_sheets/ConstructionObstacleTwoWays/Town12_Rep0_route_001152_route0_01_10_01_52_18/page_000.jpg,AutoMoT/keyframe_filter/collection_output/r2_rgb_route_sheets_20260708/route_sheets/ConstructionObstacleTwoWays/Town12_Rep0_route_001152_route0_01_10_01_52_18,"{""R2"": 140, ""R4"": 28}","{""R-E1"": 38, ""R-E2"": 18, ""R-E4"": 24, ""U-E2"": 88}"
ConstructionObstacleTwoWays,Town13_Rep0_1172_0_route0_01_08_11_17_30,143,success,143,True,119,0.832168,143,1.0,False,written,AutoMoT/keyframe_filter/collection_output/r2_rgb_route_sheets_20260708/route_sheets/ConstructionObstacleTwoWays/Town13_Rep0_1172_0_route0_01_08_11_17_30/page_000.jpg,AutoMoT/keyframe_filter/collection_output/r2_rgb_route_sheets_20260708/route_sheets/ConstructionObstacleTwoWays/Town13_Rep0_1172_0_route0_01_08_11_17_30,"{""R2"": 119, ""R5"": 24}","{""R-E1"": 28, ""R-E2"": 16, ""R-E5"": 24, ""U-E2"": 75}"
ConstructionObstacleTwoWays,Town13_Rep0_1172_1_route0_01_10_03_55_30,142,success,142,True,118,0.830986,142,1.0,False,written,AutoMoT/keyframe_filter/collection_output/r2_rgb_route_sheets_20260708/route_sheets/ConstructionObstacleTwoWays/Town13_Rep0_1172_1_route0_01_10_03_55_30/page_000.jpg,AutoMoT/keyframe_filter/collection_output/r2_rgb_route_sheets_20260708/route_sheets/ConstructionObstacleTwoWays/Town13_Rep0_1172_1_route0_01_10_03_55_30,"{""R2"": 118, ""R5"": 24}","{""R-E1"": 26, ""R-E2"": 16, ""R-E5"": 24, ""U-E2"": 76}"
ConstructionObstacleTwoWays,Town07_Rep0_route_001178_route0_01_11_02_50_17,112,success,112,True,93,0.830357,93,0.8304,False,written,AutoMoT/keyframe_filter/collection_output/r2_rgb_route_sheets_20260708/route_sheets/ConstructionObstacleTwoWays/Town07_Rep0_route_001178_route0_01_11_02_50_17/page_000.jpg,AutoMoT/keyframe_filter/collection_output/r2_rgb_route_sheets_20260708/route_sheets/ConstructionObstacleTwoWays/Town07_Rep0_route_001178_route0_01_11_02_50_17,"{""R2"": 93, ""R4"": 10, ""R5"": 9}","{""R-E1"": 3, ""R-E2"": 19, ""R-E4"": 10, ""R-E5"": 9, ""U-E2"": 71}"
ConstructionObstacleTwoWays,Town13_Rep0_1172_2_route0_01_10_01_49_46,153,success,153,True,127,0.830065,153,1.0,False,written,AutoMoT/keyframe_filter/collection_output/r2_rgb_route_sheets_20260708/route_sheets/ConstructionObstacleTwoWays/Town13_Rep0_1172_2_route0_01_10_01_49_46/page_000.jpg,AutoMoT/keyframe_filter/collection_output/r2_rgb_route_sheets_20260708/route_sheets/ConstructionObstacleTwoWays/Town13_Rep0_1172_2_route0_01_10_01_49_46,"{""R2"": 127, ""R5"": 26}","{""R-E1"": 34, ""R-E2"": 17, ""R-E5"": 26, ""U-E2"": 76}"
ConstructionObstacleTwoWays,Town13_Rep0_route_003166_route0_01_11_01_06_44,100,success,100,True,83,0.83,100,1.0,False,written,AutoMoT/keyframe_filter/collection_output/r2_rgb_route_sheets_20260708/route_sheets/ConstructionObstacleTwoWays/Town13_Rep0_route_003166_route0_01_11_01_06_44/page_000.jpg,AutoMoT/keyframe_filter/collection_output/r2_rgb_route_sheets_20260708/route_sheets/ConstructionObstacleTwoWays/Town13_Rep0_route_003166_route0_01_11_01_06_44,"{""R2"": 83, ""R4"": 17}","{""R-E1"": 18, ""R-E2"": 34, ""U-E2"": 48}"
ConstructionObstacleTwoWays,Town13_Rep0_route_003197_route0_01_10_13_07_27,100,success,100,True,83,0.83,100,1.0,False,written,AutoMoT/keyframe_filter/collection_output/r2_rgb_route_sheets_20260708/route_sheets/ConstructionObstacleTwoWays/Town13_Rep0_route_003197_route0_01_10_13_07_27/page_000.jpg,AutoMoT/keyframe_filter/collection_output/r2_rgb_route_sheets_20260708/route_sheets/ConstructionObstacleTwoWays/Town13_Rep0_route_003197_route0_01_10_13_07_27,"{""R2"": 83, ""R4"": 17}","{""R-E1"": 20, ""R-E2"": 30, ""U-E2"": 50}"
ConstructionObstacleTwoWays,Town13_Rep0_1143_2_route0_01_09_12_08_18,139,success,139,True,115,0.827338,139,1.0,False,written,AutoMoT/keyframe_filter/collection_output/r2_rgb_route_sheets_20260708/route_sheets/ConstructionObstacleTwoWays/Town13_Rep0_1143_2_route0_01_09_12_08_18/page_000.jpg,AutoMoT/keyframe_filter/collection_output/r2_rgb_route_sheets_20260708/route_sheets/ConstructionObstacleTwoWays/Town13_Rep0_1143_2_route0_01_09_12_08_18,"{""R2"": 115, ""R5"": 24}","{""R-E1"": 24, ""R-E2"": 16, ""R-E5"": 24, ""U-E2"": 75}"
ConstructionObstacleTwoWays,Town13_Rep0_1143_1_route0_01_10_18_24_38,138,success,138,True,114,0.826087,138,1.0,False,written,AutoMoT/keyframe_filter/collection_output/r2_rgb_route_sheets_20260708/route_sheets/ConstructionObstacleTwoWays/Town13_Rep0_1143_1_route0_01_10_18_24_38/page_000.jpg,AutoMoT/keyframe_filter/collection_output/r2_rgb_route_sheets_20260708/route_sheets/ConstructionObstacleTwoWays/Town13_Rep0_1143_1_route0_01_10_18_24_38,"{""R2"": 114, ""R5"": 24}","{""R-E1"": 22, ""R-E2"": 16, ""R-E5"": 24, ""U-E2"": 76}"
ConstructionObstacleTwoWays,Town13_Rep0_route_003178_route0_01_09_12_25_54,102,success,102,True,84,0.823529,102,1.0,False,written,AutoMoT/keyframe_filter/collection_output/r2_rgb_route_sheets_20260708/route_sheets/ConstructionObstacleTwoWays/Town13_Rep0_route_003178_route0_01_09_12_25_54/page_000.jpg,AutoMoT/keyframe_filter/collection_output/r2_rgb_route_sheets_20260708/route_sheets/ConstructionObstacleTwoWays/Town13_Rep0_route_003178_route0_01_09_12_25_54,"{""R2"": 84, ""R4"": 18}","{""R-E1"": 21, ""R-E2"": 31, ""U-E2"": 50}"
ConstructionObstacleTwoWays,Town15_Rep0_route_001206_route0_01_09_22_48_31,118,success,118,True,97,0.822034,87,0.7373,False,written,AutoMoT/keyframe_filter/collection_output/r2_rgb_route_sheets_20260708/route_sheets/ConstructionObstacleTwoWays/Town15_Rep0_route_001206_route0_01_09_22_48_31/page_000.jpg,AutoMoT/keyframe_filter/collection_output/r2_rgb_route_sheets_20260708/route_sheets/ConstructionObstacleTwoWays/Town15_Rep0_route_001206_route0_01_09_22_48_31,"{""R2"": 97, ""R4"": 8, ""R5"": 13}","{""R-E1"": 97, ""R-E4"": 8, ""R-E5"": 13}"
ConstructionObstacleTwoWays,Town12_Rep0_route_001166_route0_01_09_01_01_45,173,success,173,True,142,0.820809,173,1.0,False,written,AutoMoT/keyframe_filter/collection_output/r2_rgb_route_sheets_20260708/route_sheets/ConstructionObstacleTwoWays/Town12_Rep0_route_001166_route0_01_09_01_01_45/page_000.jpg,AutoMoT/keyframe_filter/collection_output/r2_rgb_route_sheets_20260708/route_sheets/ConstructionObstacleTwoWays/Town12_Rep0_route_001166_route0_01_09_01_01_45,"{""R2"": 142, ""R4"": 31}","{""R-E1"": 39, ""R-E2"": 54, ""R-E4"": 25, ""U-E2"": 55}"
ConstructionObstacleTwoWays,Town12_Rep0_route_002711_route0_01_10_07_54_08,154,success,154,True,126,0.818182,154,1.0,False,written,AutoMoT/keyframe_filter/collection_output/r2_rgb_route_sheets_20260708/route_sheets/ConstructionObstacleTwoWays/Town12_Rep0_route_002711_route0_01_10_07_54_08/page_000.jpg,AutoMoT/keyframe_filter/collection_output/r2_rgb_route_sheets_20260708/route_sheets/ConstructionObstacleTwoWays/Town12_Rep0_route_002711_route0_01_10_07_54_08,"{""R2"": 126, ""R4"": 16, ""R5"": 12}","{""R-E1"": 58, ""R-E2"": 19, ""R-E4"": 4, ""R-E5"": 12, ""U-E2"": 61}"
ConstructionObstacleTwoWays,Town12_Rep0_route_002703_route0_01_09_06_47_48,152,success,152,True,124,0.815789,152,1.0,False,written,AutoMoT/keyframe_filter/collection_output/r2_rgb_route_sheets_20260708/route_sheets/ConstructionObstacleTwoWays/Town12_Rep0_route_002703_route0_01_09_06_47_48/page_000.jpg,AutoMoT/keyframe_filter/collection_output/r2_rgb_route_sheets_20260708/route_sheets/ConstructionObstacleTwoWays/Town12_Rep0_route_002703_route0_01_09_06_47_48,"{""R2"": 124, ""R4"": 16, ""R5"": 12}","{""R-E1"": 51, ""R-E2"": 27, ""R-E4"": 4, ""R-E5"": 12, ""U-E2"": 58}"
ConstructionObstacleTwoWays,Town07_Rep0_route_001173_route0_01_11_00_42_39,65,success,65,True,53,0.815385,65,1.0,False,written,AutoMoT/keyframe_filter/collection_output/r2_rgb_route_sheets_20260708/route_sheets/ConstructionObstacleTwoWays/Town07_Rep0_route_001173_route0_01_11_00_42_39/page_000.jpg,AutoMoT/keyframe_filter/collection_output/r2_rgb_route_sheets_20260708/route_sheets/ConstructionObstacleTwoWays/Town07_Rep0_route_001173_route0_01_11_00_42_39,"{""R2"": 53, ""R4"": 12}","{""R-E1"": 14, ""R-E2"": 18, ""R-E4"": 12, ""U-E2"": 21}"
ConstructionObstacleTwoWays,Town12_Rep0_route_001153_route0_01_10_11_41_25,157,success,157,True,128,0.815287,157,1.0,False,written,AutoMoT/keyframe_filter/collection_output/r2_rgb_route_sheets_20260708/route_sheets/ConstructionObstacleTwoWays/Town12_Rep0_route_001153_route0_01_10_11_41_25/page_000.jpg,AutoMoT/keyframe_filter/collection_output/r2_rgb_route_sheets_20260708/route_sheets/ConstructionObstacleTwoWays/Town12_Rep0_route_001153_route0_01_10_11_41_25,"{""R2"": 128, ""R4"": 29}","{""R-E1"": 47, ""R-E2"": 20, ""R-E4"": 20, ""U-E2"": 70}"
ConstructionObstacleTwoWays,Town12_Rep0_route_001164_route0_01_08_19_28_01,124,success,124,True,101,0.814516,124,1.0,False,written,AutoMoT/keyframe_filter/collection_output/r2_rgb_route_sheets_20260708/route_sheets/ConstructionObstacleTwoWays/Town12_Rep0_route_001164_route0_01_08_19_28_01/page_000.jpg,AutoMoT/keyframe_filter/collection_output/r2_rgb_route_sheets_20260708/route_sheets/ConstructionObstacleTwoWays/Town12_Rep0_route_001164_route0_01_08_19_28_01,"{""R2"": 101, ""R4"": 23}","{""R-E1"": 25, ""R-E2"": 27, ""R-E4"": 18, ""U-E2"": 54}"
ConstructionObstacleTwoWays,Town15_Rep0_route_001302_route0_01_09_09_44_14,97,success,97,True,79,0.814433,79,0.8144,False,written,AutoMoT/keyframe_filter/collection_output/r2_rgb_route_sheets_20260708/route_sheets/ConstructionObstacleTwoWays/Town15_Rep0_route_001302_route0_01_09_09_44_14/page_000.jpg,AutoMoT/keyframe_filter/collection_output/r2_rgb_route_sheets_20260708/route_sheets/ConstructionObstacleTwoWays/Town15_Rep0_route_001302_route0_01_09_09_44_14,"{""R2"": 79, ""R5"": 18}","{""R-E1"": 79, ""R-E5"": 18}"
ConstructionObstacleTwoWays,Town12_Rep0_route_001163_route0_01_08_12_04_48,140,success,140,True,114,0.814286,140,1.0,False,written,AutoMoT/keyframe_filter/collection_output/r2_rgb_route_sheets_20260708/route_sheets/ConstructionObstacleTwoWays/Town12_Rep0_route_001163_route0_01_08_12_04_48/page_000.jpg,AutoMoT/keyframe_filter/collection_output/r2_rgb_route_sheets_20260708/route_sheets/ConstructionObstacleTwoWays/Town12_Rep0_route_001163_route0_01_08_12_04_48,"{""R2"": 114, ""R4"": 26}","{""R-E1"": 28, ""R-E2"": 22, ""R-E4"": 19, ""U-E2"": 71}"
ConstructionObstacleTwoWays,Town12_Rep0_route_002855_route0_01_09_13_04_29,112,success,112,True,91,0.8125,112,1.0,False,written,AutoMoT/keyframe_filter/collection_output/r2_rgb_route_sheets_20260708/route_sheets/ConstructionObstacleTwoWays/Town12_Rep0_route_002855_route0_01_09_13_04_29/page_000.jpg,AutoMoT/keyframe_filter/collection_output/r2_rgb_route_sheets_20260708/route_sheets/ConstructionObstacleTwoWays/Town12_Rep0_route_002855_route0_01_09_13_04_29,"{""R2"": 91, ""R4"": 21}","{""R-E1"": 33, ""R-E2"": 30, ""U-E2"": 49}"
ConstructionObstacleTwoWays,Town13_Rep0_route_003181_route0_01_09_05_25_44,104,success,104,True,84,0.807692,104,1.0,False,written,AutoMoT/keyframe_filter/collection_output/r2_rgb_route_sheets_20260708/route_sheets/ConstructionObstacleTwoWays/Town13_Rep0_route_003181_route0_01_09_05_25_44/page_000.jpg,AutoMoT/keyframe_filter/collection_output/r2_rgb_route_sheets_20260708/route_sheets/ConstructionObstacleTwoWays/Town13_Rep0_route_003181_route0_01_09_05_25_44,"{""R2"": 84, ""R4"": 20}","{""R-E1"": 18, ""R-E2"": 36, ""U-E2"": 50}"
ConstructionObstacleTwoWays,Town15_Rep0_route_001328_route0_01_10_18_25_07,119,success,119,True,96,0.806723,92,0.7731,False,written,AutoMoT/keyframe_filter/collection_output/r2_rgb_route_sheets_20260708/route_sheets/ConstructionObstacleTwoWays/Town15_Rep0_route_001328_route0_01_10_18_25_07/page_000.jpg,AutoMoT/keyframe_filter/collection_output/r2_rgb_route_sheets_20260708/route_sheets/ConstructionObstacleTwoWays/Town15_Rep0_route_001328_route0_01_10_18_25_07,"{""R2"": 96, ""R4"": 9, ""R5"": 14}","{""R-E1"": 96, ""R-E4"": 9, ""R-E5"": 14}"
ConstructionObstacleTwoWays,Town13_Rep0_route_001248_route0_01_10_13_04_41,195,success,195,True,157,0.805128,195,1.0,False,written,AutoMoT/keyframe_filter/collection_output/r2_rgb_route_sheets_20260708/route_sheets/ConstructionObstacleTwoWays/Town13_Rep0_route_001248_route0_01_10_13_04_41/page_000.jpg,AutoMoT/keyframe_filter/collection_output/r2_rgb_route_sheets_20260708/route_sheets/ConstructionObstacleTwoWays/Town13_Rep0_route_001248_route0_01_10_13_04_41,"{""R2"": 157, ""R4"": 38}","{""R-E1"": 68, ""R-E2"": 20, ""R-E4"": 30, ""U-E2"": 77}"
ConstructionObstacleTwoWays,Town15_Rep0_route_001090_route0_01_09_11_19_01,97,success,97,True,78,0.804124,79,0.8144,False,written,AutoMoT/keyframe_filter/collection_output/r2_rgb_route_sheets_20260708/route_sheets/ConstructionObstacleTwoWays/Town15_Rep0_route_001090_route0_01_09_11_19_01/page_000.jpg,AutoMoT/keyframe_filter/collection_output/r2_rgb_route_sheets_20260708/route_sheets/ConstructionObstacleTwoWays/Town15_Rep0_route_001090_route0_01_09_11_19_01,"{""R2"": 78, ""R5"": 19}","{""R-E1"": 78, ""R-E5"": 19}"
ConstructionObstacleTwoWays,Town15_Rep0_route_001207_route0_01_09_19_23_04,97,success,97,True,78,0.804124,79,0.8144,False,written,AutoMoT/keyframe_filter/collection_output/r2_rgb_route_sheets_20260708/route_sheets/ConstructionObstacleTwoWays/Town15_Rep0_route_001207_route0_01_09_19_23_04/page_000.jpg,AutoMoT/keyframe_filter/collection_output/r2_rgb_route_sheets_20260708/route_sheets/ConstructionObstacleTwoWays/Town15_Rep0_route_001207_route0_01_09_19_23_04,"{""R2"": 78, ""R5"": 19}","{""R-E1"": 78, ""R-E5"": 19}"
ConstructionObstacleTwoWays,Town12_Rep0_route_001154_route0_01_08_14_08_36,148,success,148,True,119,0.804054,148,1.0,False,written,AutoMoT/keyframe_filter/collection_output/r2_rgb_route_sheets_20260708/route_sheets/ConstructionObstacleTwoWays/Town12_Rep0_route_001154_route0_01_08_14_08_36/page_000.jpg,AutoMoT/keyframe_filter/collection_output/r2_rgb_route_sheets_20260708/route_sheets/ConstructionObstacleTwoWays/Town12_Rep0_route_001154_route0_01_08_14_08_36,"{""R2"": 119, ""R4"": 29}","{""R-E1"": 37, ""R-E2"": 32, ""R-E4"": 25, ""U-E2"": 54}"
ConstructionObstacleTwoWays,Town13_Rep0_route_003025_route0_01_08_16_21_44,162,success,162,True,130,0.802469,162,1.0,False,written,AutoMoT/keyframe_filter/collection_output/r2_rgb_route_sheets_20260708/route_sheets/ConstructionObstacleTwoWays/Town13_Rep0_route_003025_route0_01_08_16_21_44/page_000.jpg,AutoMoT/keyframe_filter/collection_output/r2_rgb_route_sheets_20260708/route_sheets/ConstructionObstacleTwoWays/Town13_Rep0_route_003025_route0_01_08_16_21_44,"{""R2"": 130, ""R4"": 20, ""R5"": 12}","{""R-E1"": 28, ""R-E2"": 74, ""R-E4"": 20, ""R-E5"": 12, ""U-E2"": 28}"
ConstructionObstacleTwoWays,Town13_Rep0_route_003183_route0_01_08_07_27_09,91,success,91,True,73,0.802198,91,1.0,False,written,AutoMoT/keyframe_filter/collection_output/r2_rgb_route_sheets_20260708/route_sheets/ConstructionObstacleTwoWays/Town13_Rep0_route_003183_route0_01_08_07_27_09/page_000.jpg,AutoMoT/keyframe_filter/collection_output/r2_rgb_route_sheets_20260708/route_sheets/ConstructionObstacleTwoWays/Town13_Rep0_route_003183_route0_01_08_07_27_09,"{""R2"": 73, ""R4"": 18}","{""R-E1"": 6, ""R-E2"": 31, ""U-E2"": 54}"
ConstructionObstacleTwoWays,Town15_Rep0_route_001196_route0_01_08_22_51_09,230,success,230,True,184,0.8,206,0.8957,False,written,AutoMoT/keyframe_filter/collection_output/r2_rgb_route_sheets_20260708/route_sheets/ConstructionObstacleTwoWays/Town15_Rep0_route_001196_route0_01_08_22_51_09/page_000.jpg,AutoMoT/keyframe_filter/collection_output/r2_rgb_route_sheets_20260708/route_sheets/ConstructionObstacleTwoWays/Town15_Rep0_route_001196_route0_01_08_22_51_09,"{""R2"": 184, ""R5"": 46}","{""R-E1"": 182, ""R-E5"": 46, ""U-E2"": 2}"
ConstructionObstacleTwoWays,Town15_Rep0_route_001232_route0_01_10_21_01_37,115,success,115,True,92,0.8,87,0.7565,False,written,AutoMoT/keyframe_filter/collection_output/r2_rgb_route_sheets_20260708/route_sheets/ConstructionObstacleTwoWays/Town15_Rep0_route_001232_route0_01_10_21_01_37/page_000.jpg,AutoMoT/keyframe_filter/collection_output/r2_rgb_route_sheets_20260708/route_sheets/ConstructionObstacleTwoWays/Town15_Rep0_route_001232_route0_01_10_21_01_37,"{""R2"": 92, ""R4"": 5, ""R5"": 18}","{""R-E1"": 92, ""R-E4"": 5, ""R-E5"": 18}"
ConstructionObstacleTwoWays,Town13_Rep0_route_003051_route0_01_11_00_20_06,165,success,165,True,131,0.793939,165,1.0,False,written,AutoMoT/keyframe_filter/collection_output/r2_rgb_route_sheets_20260708/route_sheets/ConstructionObstacleTwoWays/Town13_Rep0_route_003051_route0_01_11_00_20_06/page_000.jpg,AutoMoT/keyframe_filter/collection_output/r2_rgb_route_sheets_20260708/route_sheets/ConstructionObstacleTwoWays/Town13_Rep0_route_003051_route0_01_11_00_20_06,"{""R2"": 131, ""R4"": 21, ""R5"": 13}","{""R-E1"": 26, ""R-E2"": 19, ""R-E4"": 21, ""R-E5"": 13, ""U-E2"": 86}"
ConstructionObstacleTwoWays,Town12_Rep0_route_001156_route0_01_10_14_23_20,131,success,131,True,104,0.793893,131,1.0,False,written,AutoMoT/keyframe_filter/collection_output/r2_rgb_route_sheets_20260708/route_sheets/ConstructionObstacleTwoWays/Town12_Rep0_route_001156_route0_01_10_14_23_20/page_000.jpg,AutoMoT/keyframe_filter/collection_output/r2_rgb_route_sheets_20260708/route_sheets/ConstructionObstacleTwoWays/Town12_Rep0_route_001156_route0_01_10_14_23_20,"{""R2"": 104, ""R4"": 27}","{""R-E1"": 29, ""R-E2"": 21, ""R-E4"": 27, ""U-E2"": 54}"
ConstructionObstacleTwoWays,Town13_Rep0_route_003184_route0_01_10_01_30_22,111,success,111,True,88,0.792793,111,1.0,False,written,AutoMoT/keyframe_filter/collection_output/r2_rgb_route_sheets_20260708/route_sheets/ConstructionObstacleTwoWays/Town13_Rep0_route_003184_route0_01_10_01_30_22/page_000.jpg,AutoMoT/keyframe_filter/collection_output/r2_rgb_route_sheets_20260708/route_sheets/ConstructionObstacleTwoWays/Town13_Rep0_route_003184_route0_01_10_01_30_22,"{""R2"": 88, ""R4"": 23}","{""R-E1"": 26, ""R-E2"": 26, ""R-E4"": 11, ""U-E2"": 48}"
ConstructionObstacleTwoWays,Town12_Rep0_route_001159_route0_01_10_10_20_14,152,success,152,True,120,0.789474,152,1.0,False,written,AutoMoT/keyframe_filter/collection_output/r2_rgb_route_sheets_20260708/route_sheets/ConstructionObstacleTwoWays/Town12_Rep0_route_001159_route0_01_10_10_20_14/page_000.jpg,AutoMoT/keyframe_filter/collection_output/r2_rgb_route_sheets_20260708/route_sheets/ConstructionObstacleTwoWays/Town12_Rep0_route_001159_route0_01_10_10_20_14,"{""R2"": 120, ""R4"": 32}","{""R-E1"": 50, ""R-E2"": 29, ""R-E4"": 21, ""U-E2"": 52}"
ConstructionObstacleTwoWays,Town15_Rep0_route_001117_route0_01_09_00_49_40,113,success,113,True,89,0.787611,91,0.8053,False,written,AutoMoT/keyframe_filter/collection_output/r2_rgb_route_sheets_20260708/route_sheets/ConstructionObstacleTwoWays/Town15_Rep0_route_001117_route0_01_09_00_49_40/page_000.jpg,AutoMoT/keyframe_filter/collection_output/r2_rgb_route_sheets_20260708/route_sheets/ConstructionObstacleTwoWays/Town15_Rep0_route_001117_route0_01_09_00_49_40,"{""R2"": 89, ""R5"": 24}","{""R-E1"": 89, ""R-E5"": 24}"
ConstructionObstacleTwoWays,Town13_Rep0_route_001244_route0_01_10_23_04_54,169,success,169,True,133,0.786982,169,1.0,False,written,AutoMoT/keyframe_filter/collection_output/r2_rgb_route_sheets_20260708/route_sheets/ConstructionObstacleTwoWays/Town13_Rep0_route_001244_route0_01_10_23_04_54/page_000.jpg,AutoMoT/keyframe_filter/collection_output/r2_rgb_route_sheets_20260708/route_sheets/ConstructionObstacleTwoWays/Town13_Rep0_route_001244_route0_01_10_23_04_54,"{""R2"": 133, ""R4"": 36}","{""R-E1"": 40, ""R-E2"": 19, ""R-E4"": 30, ""U-E2"": 80}"
ConstructionObstacleTwoWays,Town15_Rep0_route_001318_route0_01_07_22_55_47,234,success,234,True,184,0.786325,209,0.8932,False,written,AutoMoT/keyframe_filter/collection_output/r2_rgb_route_sheets_20260708/route_sheets/ConstructionObstacleTwoWays/Town15_Rep0_route_001318_route0_01_07_22_55_47/page_000.jpg,AutoMoT/keyframe_filter/collection_output/r2_rgb_route_sheets_20260708/route_sheets/ConstructionObstacleTwoWays/Town15_Rep0_route_001318_route0_01_07_22_55_47,"{""R2"": 184, ""R5"": 50}","{""R-E1"": 183, ""R-E5"": 50, ""U-E2"": 1}"
ConstructionObstacleTwoWays,Town13_Rep0_route_003187_route0_01_09_05_12_04,65,success,65,True,51,0.784615,65,1.0,False,written,AutoMoT/keyframe_filter/collection_output/r2_rgb_route_sheets_20260708/route_sheets/ConstructionObstacleTwoWays/Town13_Rep0_route_003187_route0_01_09_05_12_04/page_000.jpg,AutoMoT/keyframe_filter/collection_output/r2_rgb_route_sheets_20260708/route_sheets/ConstructionObstacleTwoWays/Town13_Rep0_route_003187_route0_01_09_05_12_04,"{""R2"": 51, ""R4"": 14}","{""R-E1"": 5, ""R-E2"": 32, ""U-E2"": 28}"
ConstructionObstacleTwoWays,Town13_Rep0_route_003041_route0_01_09_09_13_29,152,success,152,True,119,0.782895,152,1.0,False,written,AutoMoT/keyframe_filter/collection_output/r2_rgb_route_sheets_20260708/route_sheets/ConstructionObstacleTwoWays/Town13_Rep0_route_003041_route0_01_09_09_13_29/page_000.jpg,AutoMoT/keyframe_filter/collection_output/r2_rgb_route_sheets_20260708/route_sheets/ConstructionObstacleTwoWays/Town13_Rep0_route_003041_route0_01_09_09_13_29,"{""R2"": 119, ""R4"": 20, ""R5"": 13}","{""R-E1"": 28, ""R-E2"": 18, ""R-E4"": 20, ""R-E5"": 13, ""U-E2"": 73}"
ConstructionObstacleTwoWays,Town12_Rep0_897_0_route0_01_09_17_47_36,161,success,161,True,125,0.776398,161,1.0,False,written,AutoMoT/keyframe_filter/collection_output/r2_rgb_route_sheets_20260708/route_sheets/ConstructionObstacleTwoWays/Town12_Rep0_897_0_route0_01_09_17_47_36/page_000.jpg,AutoMoT/keyframe_filter/collection_output/r2_rgb_route_sheets_20260708/route_sheets/ConstructionObstacleTwoWays/Town12_Rep0_897_0_route0_01_09_17_47_36,"{""R2"": 125, ""R4"": 9, ""R5"": 27}","{""R-E1"": 33, ""R-E2"": 16, ""R-E4"": 9, ""R-E5"": 27, ""U-E2"": 76}"
ConstructionObstacleTwoWays,Town15_Rep0_route_001079_route0_01_09_05_23_12,232,success,232,True,180,0.775862,207,0.8922,False,written,AutoMoT/keyframe_filter/collection_output/r2_rgb_route_sheets_20260708/route_sheets/ConstructionObstacleTwoWays/Town15_Rep0_route_001079_route0_01_09_05_23_12/page_000.jpg,AutoMoT/keyframe_filter/collection_output/r2_rgb_route_sheets_20260708/route_sheets/ConstructionObstacleTwoWays/Town15_Rep0_route_001079_route0_01_09_05_23_12,"{""R2"": 180, ""R5"": 52}","{""R-E1"": 179, ""R-E5"": 52, ""U-E2"": 1}"
ConstructionObstacleTwoWays,Town15_Rep0_route_001329_route0_01_09_16_59_28,100,success,100,True,77,0.77,82,0.82,False,written,AutoMoT/keyframe_filter/collection_output/r2_rgb_route_sheets_20260708/route_sheets/ConstructionObstacleTwoWays/Town15_Rep0_route_001329_route0_01_09_16_59_28/page_000.jpg,AutoMoT/keyframe_filter/collection_output/r2_rgb_route_sheets_20260708/route_sheets/ConstructionObstacleTwoWays/Town15_Rep0_route_001329_route0_01_09_16_59_28,"{""R2"": 77, ""R5"": 23}","{""R-E1"": 77, ""R-E5"": 23}"
ConstructionObstacleTwoWays,Town12_Rep0_route_002845_route0_01_07_22_06_43,95,success,95,True,73,0.768421,95,1.0,False,written,AutoMoT/keyframe_filter/collection_output/r2_rgb_route_sheets_20260708/route_sheets/ConstructionObstacleTwoWays/Town12_Rep0_route_002845_route0_01_07_22_06_43/page_000.jpg,AutoMoT/keyframe_filter/collection_output/r2_rgb_route_sheets_20260708/route_sheets/ConstructionObstacleTwoWays/Town12_Rep0_route_002845_route0_01_07_22_06_43,"{""R2"": 73, ""R4"": 22}","{""R-E2"": 17, ""R-E4"": 10, ""U-E2"": 68}"
ConstructionObstacleTwoWays,Town15_Rep0_route_001233_route0_01_10_02_33_00,99,success,99,True,76,0.767677,81,0.8182,False,written,AutoMoT/keyframe_filter/collection_output/r2_rgb_route_sheets_20260708/route_sheets/ConstructionObstacleTwoWays/Town15_Rep0_route_001233_route0_01_10_02_33_00/page_000.jpg,AutoMoT/keyframe_filter/collection_output/r2_rgb_route_sheets_20260708/route_sheets/ConstructionObstacleTwoWays/Town15_Rep0_route_001233_route0_01_10_02_33_00,"{""R2"": 76, ""R5"": 23}","{""R-E1"": 76, ""R-E5"": 23}"
ConstructionObstacleTwoWays,Town12_Rep0_route_001157_route0_01_08_20_11_17,185,success,185,True,142,0.767568,185,1.0,False,written,AutoMoT/keyframe_filter/collection_output/r2_rgb_route_sheets_20260708/route_sheets/ConstructionObstacleTwoWays/Town12_Rep0_route_001157_route0_01_08_20_11_17/page_000.jpg,AutoMoT/keyframe_filter/collection_output/r2_rgb_route_sheets_20260708/route_sheets/ConstructionObstacleTwoWays/Town12_Rep0_route_001157_route0_01_08_20_11_17,"{""R2"": 142, ""R4"": 43}","{""R-E1"": 34, ""R-E2"": 25, ""R-E4"": 43, ""U-E2"": 83}"
ConstructionObstacleTwoWays,Town13_Rep0_route_003206_route0_01_09_23_50_02,64,success,64,True,49,0.765625,64,1.0,False,written,AutoMoT/keyframe_filter/collection_output/r2_rgb_route_sheets_20260708/route_sheets/ConstructionObstacleTwoWays/Town13_Rep0_route_003206_route0_01_09_23_50_02/page_000.jpg,AutoMoT/keyframe_filter/collection_output/r2_rgb_route_sheets_20260708/route_sheets/ConstructionObstacleTwoWays/Town13_Rep0_route_003206_route0_01_09_23_50_02,"{""R2"": 49, ""R4"": 15}","{""R-E1"": 8, ""R-E2"": 27, ""U-E2"": 29}"
ConstructionObstacleTwoWays,Town12_Rep0_route_002821_route0_01_08_16_31_50,93,success,93,True,71,0.763441,93,1.0,False,written,AutoMoT/keyframe_filter/collection_output/r2_rgb_route_sheets_20260708/route_sheets/ConstructionObstacleTwoWays/Town12_Rep0_route_002821_route0_01_08_16_31_50/page_000.jpg,AutoMoT/keyframe_filter/collection_output/r2_rgb_route_sheets_20260708/route_sheets/ConstructionObstacleTwoWays/Town12_Rep0_route_002821_route0_01_08_16_31_50,"{""R2"": 71, ""R4"": 22}","{""R-E2"": 24, ""R-E4"": 1, ""U-E2"": 68}"
ConstructionObstacleTwoWays,Town12_Rep0_route_002824_route0_01_10_04_20_12,93,success,93,True,71,0.763441,93,1.0,False,written,AutoMoT/keyframe_filter/collection_output/r2_rgb_route_sheets_20260708/route_sheets/ConstructionObstacleTwoWays/Town12_Rep0_route_002824_route0_01_10_04_20_12/page_000.jpg,AutoMoT/keyframe_filter/collection_output/r2_rgb_route_sheets_20260708/route_sheets/ConstructionObstacleTwoWays/Town12_Rep0_route_002824_route0_01_10_04_20_12,"{""R2"": 71, ""R4"": 22}","{""R-E2"": 23, ""R-E4"": 2, ""U-E2"": 68}"
ConstructionObstacleTwoWays,Town12_Rep0_route_002822_route0_01_09_11_55_48,97,success,97,True,74,0.762887,97,1.0,False,written,AutoMoT/keyframe_filter/collection_output/r2_rgb_route_sheets_20260708/route_sheets/ConstructionObstacleTwoWays/Town12_Rep0_route_002822_route0_01_09_11_55_48/page_000.jpg,AutoMoT/keyframe_filter/collection_output/r2_rgb_route_sheets_20260708/route_sheets/ConstructionObstacleTwoWays/Town12_Rep0_route_002822_route0_01_09_11_55_48,"{""R2"": 74, ""R4"": 23}","{""R-E2"": 17, ""R-E4"": 11, ""U-E2"": 69}"
ConstructionObstacleTwoWays,Town12_Rep0_route_002817_route0_01_10_23_19_51,91,success,91,True,69,0.758242,91,1.0,False,written,AutoMoT/keyframe_filter/collection_output/r2_rgb_route_sheets_20260708/route_sheets/ConstructionObstacleTwoWays/Town12_Rep0_route_002817_route0_01_10_23_19_51/page_000.jpg,AutoMoT/keyframe_filter/collection_output/r2_rgb_route_sheets_20260708/route_sheets/ConstructionObstacleTwoWays/Town12_Rep0_route_002817_route0_01_10_23_19_51,"{""R2"": 69, ""R4"": 22}","{""R-E2"": 25, ""R-E4"": 1, ""U-E2"": 65}"
ConstructionObstacleTwoWays,Town13_Rep0_route_003024_route0_01_11_02_08_45,135,success,135,True,102,0.755556,135,1.0,False,written,AutoMoT/keyframe_filter/collection_output/r2_rgb_route_sheets_20260708/route_sheets/ConstructionObstacleTwoWays/Town13_Rep0_route_003024_route0_01_11_02_08_45/page_000.jpg,AutoMoT/keyframe_filter/collection_output/r2_rgb_route_sheets_20260708/route_sheets/ConstructionObstacleTwoWays/Town13_Rep0_route_003024_route0_01_11_02_08_45,"{""R2"": 102, ""R4"": 21, ""R5"": 12}","{""R-E1"": 25, ""R-E2"": 44, ""R-E4"": 21, ""R-E5"": 12, ""U-E2"": 33}"
ConstructionObstacleTwoWays,Town12_Rep0_route_002842_route0_01_09_18_33_31,96,success,96,True,72,0.75,96,1.0,False,written,AutoMoT/keyframe_filter/collection_output/r2_rgb_route_sheets_20260708/route_sheets/ConstructionObstacleTwoWays/Town12_Rep0_route_002842_route0_01_09_18_33_31/page_000.jpg,AutoMoT/keyframe_filter/collection_output/r2_rgb_route_sheets_20260708/route_sheets/ConstructionObstacleTwoWays/Town12_Rep0_route_002842_route0_01_09_18_33_31,"{""R2"": 72, ""R4"": 24}","{""R-E2"": 17, ""R-E4"": 12, ""U-E2"": 67}"
ConstructionObstacleTwoWays,Town15_Rep0_route_001291_route0_01_08_16_43_51,207,success,207,True,155,0.748792,187,0.9034,False,written,AutoMoT/keyframe_filter/collection_output/r2_rgb_route_sheets_20260708/route_sheets/ConstructionObstacleTwoWays/Town15_Rep0_route_001291_route0_01_08_16_43_51/page_000.jpg,AutoMoT/keyframe_filter/collection_output/r2_rgb_route_sheets_20260708/route_sheets/ConstructionObstacleTwoWays/Town15_Rep0_route_001291_route0_01_08_16_43_51,"{""R2"": 155, ""R5"": 52}","{""R-E1"": 154, ""R-E5"": 52, ""U-E2"": 1}"
ConstructionObstacleTwoWays,Town15_Rep0_route_001106_route0_01_10_12_31_04,206,success,206,True,154,0.747573,185,0.8981,False,written,AutoMoT/keyframe_filter/collection_output/r2_rgb_route_sheets_20260708/route_sheets/ConstructionObstacleTwoWays/Town15_Rep0_route_001106_route0_01_10_12_31_04/page_000.jpg,AutoMoT/keyframe_filter/collection_output/r2_rgb_route_sheets_20260708/route_sheets/ConstructionObstacleTwoWays/Town15_Rep0_route_001106_route0_01_10_12_31_04,"{""R2"": 154, ""R5"": 52}","{""R-E1"": 152, ""R-E5"": 52, ""U-E2"": 2}"
ConstructionObstacleTwoWays,Town12_Rep0_route_002850_route0_01_08_17_02_41,95,success,95,True,71,0.747368,95,1.0,False,written,AutoMoT/keyframe_filter/collection_output/r2_rgb_route_sheets_20260708/route_sheets/ConstructionObstacleTwoWays/Town12_Rep0_route_002850_route0_01_08_17_02_41/page_000.jpg,AutoMoT/keyframe_filter/collection_output/r2_rgb_route_sheets_20260708/route_sheets/ConstructionObstacleTwoWays/Town12_Rep0_route_002850_route0_01_08_17_02_41,"{""R2"": 71, ""R4"": 24}","{""R-E2"": 24, ""R-E4"": 4, ""U-E2"": 67}"
ConstructionObstacleTwoWays,Town02_Rep0_route_001341_route0_01_10_04_06_33,87,success,87,True,65,0.747126,87,1.0,False,written,AutoMoT/keyframe_filter/collection_output/r2_rgb_route_sheets_20260708/route_sheets/ConstructionObstacleTwoWays/Town02_Rep0_route_001341_route0_01_10_04_06_33/page_000.jpg,AutoMoT/keyframe_filter/collection_output/r2_rgb_route_sheets_20260708/route_sheets/ConstructionObstacleTwoWays/Town02_Rep0_route_001341_route0_01_10_04_06_33,"{""R2"": 65, ""R4"": 22}","{""R-E1"": 53, ""R-E2"": 19, ""R-E4"": 7, ""U-E2"": 8}"
ConstructionObstacleTwoWays,Town15_Rep0_route_001222_route0_01_08_01_30_27,207,success,207,True,154,0.743961,186,0.8986,False,written,AutoMoT/keyframe_filter/collection_output/r2_rgb_route_sheets_20260708/route_sheets/ConstructionObstacleTwoWays/Town15_Rep0_route_001222_route0_01_08_01_30_27/page_000.jpg,AutoMoT/keyframe_filter/collection_output/r2_rgb_route_sheets_20260708/route_sheets/ConstructionObstacleTwoWays/Town15_Rep0_route_001222_route0_01_08_01_30_27,"{""R2"": 154, ""R5"": 53}","{""R-E1"": 153, ""R-E5"": 53, ""U-E2"": 1}"
ConstructionObstacleTwoWays,Town07_Rep0_route_001182_route0_01_10_00_44_13,117,success,117,True,87,0.74359,117,1.0,False,written,AutoMoT/keyframe_filter/collection_output/r2_rgb_route_sheets_20260708/route_sheets/ConstructionObstacleTwoWays/Town07_Rep0_route_001182_route0_01_10_00_44_13/page_000.jpg,AutoMoT/keyframe_filter/collection_output/r2_rgb_route_sheets_20260708/route_sheets/ConstructionObstacleTwoWays/Town07_Rep0_route_001182_route0_01_10_00_44_13,"{""R2"": 87, ""R4"": 5, ""R5"": 25}","{""R-E1"": 45, ""R-E2"": 19, ""R-E4"": 5, ""R-E5"": 25, ""U-E2"": 23}"
ConstructionObstacleTwoWays,Town12_Rep0_route_002856_route0_01_08_07_17_39,101,success,101,True,75,0.742574,101,1.0,False,written,AutoMoT/keyframe_filter/collection_output/r2_rgb_route_sheets_20260708/route_sheets/ConstructionObstacleTwoWays/Town12_Rep0_route_002856_route0_01_08_07_17_39/page_000.jpg,AutoMoT/keyframe_filter/collection_output/r2_rgb_route_sheets_20260708/route_sheets/ConstructionObstacleTwoWays/Town12_Rep0_route_002856_route0_01_08_07_17_39,"{""R2"": 75, ""R4"": 26}","{""R-E2"": 16, ""R-E4"": 14, ""U-E2"": 71}"
ConstructionObstacleTwoWays,Town12_Rep0_route_002834_route0_01_08_14_28_43,92,success,92,True,68,0.73913,92,1.0,False,written,AutoMoT/keyframe_filter/collection_output/r2_rgb_route_sheets_20260708/route_sheets/ConstructionObstacleTwoWays/Town12_Rep0_route_002834_route0_01_08_14_28_43/page_000.jpg,AutoMoT/keyframe_filter/collection_output/r2_rgb_route_sheets_20260708/route_sheets/ConstructionObstacleTwoWays/Town12_Rep0_route_002834_route0_01_08_14_28_43,"{""R2"": 68, ""R4"": 24}","{""R-E2"": 25, ""R-E4"": 3, ""U-E2"": 64}"
ConstructionObstacleTwoWays,Town12_Rep0_route_002846_route0_01_11_02_13_17,92,success,92,True,68,0.73913,92,1.0,False,written,AutoMoT/keyframe_filter/collection_output/r2_rgb_route_sheets_20260708/route_sheets/ConstructionObstacleTwoWays/Town12_Rep0_route_002846_route0_01_11_02_13_17/page_000.jpg,AutoMoT/keyframe_filter/collection_output/r2_rgb_route_sheets_20260708/route_sheets/ConstructionObstacleTwoWays/Town12_Rep0_route_002846_route0_01_11_02_13_17,"{""R2"": 68, ""R4"": 24}","{""R-E2"": 24, ""R-E4"": 3, ""U-E2"": 65}"
ConstructionObstacleTwoWays,Town12_Rep0_route_002857_route0_01_11_03_59_33,92,success,92,True,68,0.73913,92,1.0,False,written,AutoMoT/keyframe_filter/collection_output/r2_rgb_route_sheets_20260708/route_sheets/ConstructionObstacleTwoWays/Town12_Rep0_route_002857_route0_01_11_03_59_33/page_000.jpg,AutoMoT/keyframe_filter/collection_output/r2_rgb_route_sheets_20260708/route_sheets/ConstructionObstacleTwoWays/Town12_Rep0_route_002857_route0_01_11_03_59_33,"{""R2"": 68, ""R4"": 24}","{""R-E2"": 24, ""R-E4"": 3, ""U-E2"": 65}"
ConstructionObstacleTwoWays,Town13_Rep0_route_001272_route0_01_10_00_03_09,130,success,130,True,96,0.738462,130,1.0,False,written,AutoMoT/keyframe_filter/collection_output/r2_rgb_route_sheets_20260708/route_sheets/ConstructionObstacleTwoWays/Town13_Rep0_route_001272_route0_01_10_00_03_09/page_000.jpg,AutoMoT/keyframe_filter/collection_output/r2_rgb_route_sheets_20260708/route_sheets/ConstructionObstacleTwoWays/Town13_Rep0_route_001272_route0_01_10_00_03_09,"{""R2"": 96, ""R4"": 34}","{""R-E1"": 96, ""R-E4"": 34}"
ConstructionObstacleTwoWays,Town12_Rep0_route_002844_route0_01_09_05_43_51,101,success,101,True,74,0.732673,101,1.0,False,written,AutoMoT/keyframe_filter/collection_output/r2_rgb_route_sheets_20260708/route_sheets/ConstructionObstacleTwoWays/Town12_Rep0_route_002844_route0_01_09_05_43_51/page_000.jpg,AutoMoT/keyframe_filter/collection_output/r2_rgb_route_sheets_20260708/route_sheets/ConstructionObstacleTwoWays/Town12_Rep0_route_002844_route0_01_09_05_43_51,"{""R2"": 74, ""R4"": 27}","{""R-E2"": 27, ""R-E4"": 3, ""U-E2"": 71}"
ConstructionObstacleTwoWays,Town13_Rep0_1766_1_route0_01_10_17_32_55,180,success,180,True,131,0.727778,180,1.0,False,written,AutoMoT/keyframe_filter/collection_output/r2_rgb_route_sheets_20260708/route_sheets/ConstructionObstacleTwoWays/Town13_Rep0_1766_1_route0_01_10_17_32_55/page_000.jpg,AutoMoT/keyframe_filter/collection_output/r2_rgb_route_sheets_20260708/route_sheets/ConstructionObstacleTwoWays/Town13_Rep0_1766_1_route0_01_10_17_32_55,"{""R2"": 131, ""R5"": 49}","{""R-E1"": 41, ""R-E2"": 16, ""R-E5"": 49, ""U-E2"": 74}"
ConstructionObstacleTwoWays,Town13_Rep0_route_003059_route0_01_08_19_38_58,116,success,116,True,84,0.724138,116,1.0,False,written,AutoMoT/keyframe_filter/collection_output/r2_rgb_route_sheets_20260708/route_sheets/ConstructionObstacleTwoWays/Town13_Rep0_route_003059_route0_01_08_19_38_58/page_000.jpg,AutoMoT/keyframe_filter/collection_output/r2_rgb_route_sheets_20260708/route_sheets/ConstructionObstacleTwoWays/Town13_Rep0_route_003059_route0_01_08_19_38_58,"{""R2"": 84, ""R4"": 20, ""R5"": 12}","{""R-E1"": 25, ""R-E2"": 19, ""R-E4"": 20, ""R-E5"": 12, ""U-E2"": 40}"
ConstructionObstacleTwoWays,Town13_Rep0_route_003019_route0_01_10_02_45_42,112,success,112,True,81,0.723214,112,1.0,False,written,AutoMoT/keyframe_filter/collection_output/r2_rgb_route_sheets_20260708/route_sheets/ConstructionObstacleTwoWays/Town13_Rep0_route_003019_route0_01_10_02_45_42/page_000.jpg,AutoMoT/keyframe_filter/collection_output/r2_rgb_route_sheets_20260708/route_sheets/ConstructionObstacleTwoWays/Town13_Rep0_route_003019_route0_01_10_02_45_42,"{""R2"": 81, ""R4"": 21, ""R5"": 10}","{""R-E1"": 28, ""R-E2"": 17, ""R-E4"": 21, ""R-E5"": 10, ""U-E2"": 36}"
ConstructionObstacleTwoWays,Town13_Rep0_route_001271_route0_01_10_08_16_48,108,success,108,True,78,0.722222,108,1.0,False,written,AutoMoT/keyframe_filter/collection_output/r2_rgb_route_sheets_20260708/route_sheets/ConstructionObstacleTwoWays/Town13_Rep0_route_001271_route0_01_10_08_16_48/page_000.jpg,AutoMoT/keyframe_filter/collection_output/r2_rgb_route_sheets_20260708/route_sheets/ConstructionObstacleTwoWays/Town13_Rep0_route_001271_route0_01_10_08_16_48,"{""R2"": 78, ""R4"": 25, ""R5"": 5}","{""R-E1"": 74, ""R-E4"": 25, ""R-E5"": 5, ""U-E2"": 4}"
ConstructionObstacleTwoWays,Town12_Rep0_route_002836_route0_01_08_00_56_08,97,success,97,True,70,0.721649,97,1.0,False,written,AutoMoT/keyframe_filter/collection_output/r2_rgb_route_sheets_20260708/route_sheets/ConstructionObstacleTwoWays/Town12_Rep0_route_002836_route0_01_08_00_56_08/page_000.jpg,AutoMoT/keyframe_filter/collection_output/r2_rgb_route_sheets_20260708/route_sheets/ConstructionObstacleTwoWays/Town12_Rep0_route_002836_route0_01_08_00_56_08,"{""R2"": 70, ""R4"": 27}","{""R-E1"": 19, ""R-E2"": 19, ""R-E4"": 18, ""U-E2"": 41}"
ConstructionObstacleTwoWays,Town13_Rep0_1766_0_route0_01_09_03_52_30,201,success,201,True,145,0.721393,201,1.0,False,written,AutoMoT/keyframe_filter/collection_output/r2_rgb_route_sheets_20260708/route_sheets/ConstructionObstacleTwoWays/Town13_Rep0_1766_0_route0_01_09_03_52_30/page_000.jpg,AutoMoT/keyframe_filter/collection_output/r2_rgb_route_sheets_20260708/route_sheets/ConstructionObstacleTwoWays/Town13_Rep0_1766_0_route0_01_09_03_52_30,"{""R2"": 145, ""R5"": 56}","{""R-E1"": 49, ""R-E2"": 20, ""R-E5"": 56, ""U-E2"": 76}"
ConstructionObstacleTwoWays,Town13_Rep0_route_001273_route0_01_08_22_28_10,190,success,190,True,137,0.721053,190,1.0,False,written,AutoMoT/keyframe_filter/collection_output/r2_rgb_route_sheets_20260708/route_sheets/ConstructionObstacleTwoWays/Town13_Rep0_route_001273_route0_01_08_22_28_10/page_000.jpg,AutoMoT/keyframe_filter/collection_output/r2_rgb_route_sheets_20260708/route_sheets/ConstructionObstacleTwoWays/Town13_Rep0_route_001273_route0_01_08_22_28_10,"{""R2"": 137, ""R4"": 48, ""R5"": 5}","{""R-E1"": 132, ""R-E4"": 48, ""R-E5"": 5, ""U-E2"": 5}"
ConstructionObstacleTwoWays,Town12_Rep0_3608_0_route0_01_09_09_43_47,146,success,146,True,105,0.719178,146,1.0,False,written,AutoMoT/keyframe_filter/collection_output/r2_rgb_route_sheets_20260708/route_sheets/ConstructionObstacleTwoWays/Town12_Rep0_3608_0_route0_01_09_09_43_47/page_000.jpg,AutoMoT/keyframe_filter/collection_output/r2_rgb_route_sheets_20260708/route_sheets/ConstructionObstacleTwoWays/Town12_Rep0_3608_0_route0_01_09_09_43_47,"{""R2"": 105, ""R4"": 27, ""R5"": 14}","{""R-E1"": 48, ""R-E2"": 19, ""R-E4"": 27, ""R-E5"": 14, ""U-E2"": 38}"
ConstructionObstacleTwoWays,Town13_Rep0_route_003060_route0_01_09_08_23_56,103,success,103,True,74,0.718447,103,1.0,False,written,AutoMoT/keyframe_filter/collection_output/r2_rgb_route_sheets_20260708/route_sheets/ConstructionObstacleTwoWays/Town13_Rep0_route_003060_route0_01_09_08_23_56/page_000.jpg,AutoMoT/keyframe_filter/collection_output/r2_rgb_route_sheets_20260708/route_sheets/ConstructionObstacleTwoWays/Town13_Rep0_route_003060_route0_01_09_08_23_56,"{""R2"": 74, ""R5"": 29}","{""R-E1"": 20, ""R-E2"": 14, ""R-E5"": 29, ""U-E2"": 40}"
ConstructionObstacleTwoWays,Town13_Rep0_1541_0_route0_01_09_10_57_55,127,success,127,True,91,0.716535,127,1.0,False,written,AutoMoT/keyframe_filter/collection_output/r2_rgb_route_sheets_20260708/route_sheets/ConstructionObstacleTwoWays/Town13_Rep0_1541_0_route0_01_09_10_57_55/page_000.jpg,AutoMoT/keyframe_filter/collection_output/r2_rgb_route_sheets_20260708/route_sheets/ConstructionObstacleTwoWays/Town13_Rep0_1541_0_route0_01_09_10_57_55,"{""R2"": 91, ""R5"": 36}","{""R-E1"": 17, ""R-E2"": 14, ""R-E5"": 36, ""U-E2"": 60}"
ConstructionObstacleTwoWays,Town13_Rep0_1744_0_route0_01_10_12_55_10,183,success,183,True,131,0.715847,183,1.0,False,written,AutoMoT/keyframe_filter/collection_output/r2_rgb_route_sheets_20260708/route_sheets/ConstructionObstacleTwoWays/Town13_Rep0_1744_0_route0_01_10_12_55_10/page_000.jpg,AutoMoT/keyframe_filter/collection_output/r2_rgb_route_sheets_20260708/route_sheets/ConstructionObstacleTwoWays/Town13_Rep0_1744_0_route0_01_10_12_55_10,"{""R2"": 131, ""R5"": 52}","{""R-E1"": 39, ""R-E2"": 16, ""R-E5"": 52, ""U-E2"": 76}"
ConstructionObstacleTwoWays,Town13_Rep0_1744_1_route0_01_10_00_46_10,185,success,185,True,132,0.713514,185,1.0,False,written,AutoMoT/keyframe_filter/collection_output/r2_rgb_route_sheets_20260708/route_sheets/ConstructionObstacleTwoWays/Town13_Rep0_1744_1_route0_01_10_00_46_10/page_000.jpg,AutoMoT/keyframe_filter/collection_output/r2_rgb_route_sheets_20260708/route_sheets/ConstructionObstacleTwoWays/Town13_Rep0_1744_1_route0_01_10_00_46_10,"{""R2"": 132, ""R5"": 53}","{""R-E1"": 40, ""R-E2"": 16, ""R-E5"": 53, ""U-E2"": 76}"
ConstructionObstacleTwoWays,Town13_Rep0_route_003037_route0_01_10_22_38_36,101,success,101,True,72,0.712871,101,1.0,False,written,AutoMoT/keyframe_filter/collection_output/r2_rgb_route_sheets_20260708/route_sheets/ConstructionObstacleTwoWays/Town13_Rep0_route_003037_route0_01_10_22_38_36/page_000.jpg,AutoMoT/keyframe_filter/collection_output/r2_rgb_route_sheets_20260708/route_sheets/ConstructionObstacleTwoWays/Town13_Rep0_route_003037_route0_01_10_22_38_36,"{""R2"": 72, ""R5"": 29}","{""R-E1"": 20, ""R-E2"": 14, ""R-E5"": 29, ""U-E2"": 38}"
ConstructionObstacleTwoWays,Town13_Rep0_route_003182_route0_01_10_16_25_48,66,success,66,True,47,0.712121,66,1.0,False,written,AutoMoT/keyframe_filter/collection_output/r2_rgb_route_sheets_20260708/route_sheets/ConstructionObstacleTwoWays/Town13_Rep0_route_003182_route0_01_10_16_25_48/page_000.jpg,AutoMoT/keyframe_filter/collection_output/r2_rgb_route_sheets_20260708/route_sheets/ConstructionObstacleTwoWays/Town13_Rep0_route_003182_route0_01_10_16_25_48,"{""R2"": 47, ""R4"": 19}","{""R-E1"": 6, ""R-E2"": 31, ""U-E2"": 29}"
ConstructionObstacleTwoWays,Town13_Rep0_1504_0_route0_01_09_07_10_19,197,success,197,True,140,0.71066,197,1.0,False,written,AutoMoT/keyframe_filter/collection_output/r2_rgb_route_sheets_20260708/route_sheets/ConstructionObstacleTwoWays/Town13_Rep0_1504_0_route0_01_09_07_10_19/page_000.jpg,AutoMoT/keyframe_filter/collection_output/r2_rgb_route_sheets_20260708/route_sheets/ConstructionObstacleTwoWays/Town13_Rep0_1504_0_route0_01_09_07_10_19,"{""R2"": 140, ""R5"": 57}","{""R-E1"": 41, ""R-E2"": 22, ""R-E5"": 57, ""U-E2"": 77}"
ConstructionObstacleTwoWays,Town13_Rep0_route_003031_route0_01_10_07_57_22,131,success,131,True,93,0.709924,131,1.0,False,written,AutoMoT/keyframe_filter/collection_output/r2_rgb_route_sheets_20260708/route_sheets/ConstructionObstacleTwoWays/Town13_Rep0_route_003031_route0_01_10_07_57_22/page_000.jpg,AutoMoT/keyframe_filter/collection_output/r2_rgb_route_sheets_20260708/route_sheets/ConstructionObstacleTwoWays/Town13_Rep0_route_003031_route0_01_10_07_57_22,"{""R2"": 93, ""R4"": 21, ""R5"": 17}","{""R-E1"": 30, ""R-E2"": 31, ""R-E4"": 21, ""R-E5"": 17, ""U-E2"": 32}"
ConstructionObstacleTwoWays,Town12_Rep0_route_002814_route0_01_10_22_31_02,98,success,98,True,69,0.704082,98,1.0,False,written,AutoMoT/keyframe_filter/collection_output/r2_rgb_route_sheets_20260708/route_sheets/ConstructionObstacleTwoWays/Town12_Rep0_route_002814_route0_01_10_22_31_02/page_000.jpg,AutoMoT/keyframe_filter/collection_output/r2_rgb_route_sheets_20260708/route_sheets/ConstructionObstacleTwoWays/Town12_Rep0_route_002814_route0_01_10_22_31_02,"{""R2"": 69, ""R4"": 29}","{""R-E2"": 17, ""R-E4"": 17, ""U-E2"": 64}"
ConstructionObstacleTwoWays,Town12_Rep0_route_002849_route0_01_10_15_15_47,98,success,98,True,69,0.704082,98,1.0,False,written,AutoMoT/keyframe_filter/collection_output/r2_rgb_route_sheets_20260708/route_sheets/ConstructionObstacleTwoWays/Town12_Rep0_route_002849_route0_01_10_15_15_47/page_000.jpg,AutoMoT/keyframe_filter/collection_output/r2_rgb_route_sheets_20260708/route_sheets/ConstructionObstacleTwoWays/Town12_Rep0_route_002849_route0_01_10_15_15_47,"{""R2"": 69, ""R4"": 29}","{""R-E2"": 26, ""R-E4"": 6, ""U-E2"": 66}"
ConstructionObstacleTwoWays,Town07_Rep0_route_001177_route0_01_08_12_52_43,54,success,54,True,38,0.703704,54,1.0,False,written,AutoMoT/keyframe_filter/collection_output/r2_rgb_route_sheets_20260708/route_sheets/ConstructionObstacleTwoWays/Town07_Rep0_route_001177_route0_01_08_12_52_43/page_000.jpg,AutoMoT/keyframe_filter/collection_output/r2_rgb_route_sheets_20260708/route_sheets/ConstructionObstacleTwoWays/Town07_Rep0_route_001177_route0_01_08_12_52_43,"{""R2"": 38, ""R5"": 16}","{""R-E1"": 9, ""R-E2"": 20, ""R-E5"": 8, ""U-E2"": 17}"
ConstructionObstacleTwoWays,Town13_Rep0_1763_1_route0_01_11_01_24_14,202,success,202,True,142,0.70297,202,1.0,False,written,AutoMoT/keyframe_filter/collection_output/r2_rgb_route_sheets_20260708/route_sheets/ConstructionObstacleTwoWays/Town13_Rep0_1763_1_route0_01_11_01_24_14/page_000.jpg,AutoMoT/keyframe_filter/collection_output/r2_rgb_route_sheets_20260708/route_sheets/ConstructionObstacleTwoWays/Town13_Rep0_1763_1_route0_01_11_01_24_14,"{""R2"": 142, ""R5"": 60}","{""R-E1"": 50, ""R-E2"": 17, ""R-E5"": 60, ""U-E2"": 75}"
ConstructionObstacleTwoWays,Town13_Rep0_1763_0_route0_01_10_08_25_17,188,success,188,True,132,0.702128,188,1.0,False,written,AutoMoT/keyframe_filter/collection_output/r2_rgb_route_sheets_20260708/route_sheets/ConstructionObstacleTwoWays/Town13_Rep0_1763_0_route0_01_10_08_25_17/page_000.jpg,AutoMoT/keyframe_filter/collection_output/r2_rgb_route_sheets_20260708/route_sheets/ConstructionObstacleTwoWays/Town13_Rep0_1763_0_route0_01_10_08_25_17,"{""R2"": 132, ""R5"": 56}","{""R-E1"": 40, ""R-E2"": 16, ""R-E5"": 56, ""U-E2"": 76}"
ConstructionObstacleTwoWays,Town13_Rep0_route_003061_route0_01_09_13_38_50,108,success,108,True,75,0.694444,108,1.0,False,written,AutoMoT/keyframe_filter/collection_output/r2_rgb_route_sheets_20260708/route_sheets/ConstructionObstacleTwoWays/Town13_Rep0_route_003061_route0_01_09_13_38_50/page_000.jpg,AutoMoT/keyframe_filter/collection_output/r2_rgb_route_sheets_20260708/route_sheets/ConstructionObstacleTwoWays/Town13_Rep0_route_003061_route0_01_09_13_38_50,"{""R2"": 75, ""R4"": 20, ""R5"": 13}","{""R-E1"": 28, ""R-E2"": 22, ""R-E4"": 20, ""R-E5"": 13, ""U-E2"": 25}"
ConstructionObstacleTwoWays,Town13_Rep0_1504_1_route0_01_10_20_02_47,202,success,202,True,140,0.693069,202,1.0,False,written,AutoMoT/keyframe_filter/collection_output/r2_rgb_route_sheets_20260708/route_sheets/ConstructionObstacleTwoWays/Town13_Rep0_1504_1_route0_01_10_20_02_47/page_000.jpg,AutoMoT/keyframe_filter/collection_output/r2_rgb_route_sheets_20260708/route_sheets/ConstructionObstacleTwoWays/Town13_Rep0_1504_1_route0_01_10_20_02_47,"{""R2"": 140, ""R5"": 62}","{""R-E1"": 49, ""R-E2"": 16, ""R-E5"": 62, ""U-E2"": 75}"
ConstructionObstacleTwoWays,Town13_Rep0_1591_1_route0_01_10_02_01_50,123,success,123,True,85,0.691057,123,1.0,False,written,AutoMoT/keyframe_filter/collection_output/r2_rgb_route_sheets_20260708/route_sheets/ConstructionObstacleTwoWays/Town13_Rep0_1591_1_route0_01_10_02_01_50/page_000.jpg,AutoMoT/keyframe_filter/collection_output/r2_rgb_route_sheets_20260708/route_sheets/ConstructionObstacleTwoWays/Town13_Rep0_1591_1_route0_01_10_02_01_50,"{""R2"": 85, ""R5"": 38}","{""R-E1"": 16, ""R-E2"": 20, ""R-E5"": 38, ""U-E2"": 49}"
ConstructionObstacleTwoWays,Town02_Rep0_route_001339_route0_01_08_14_19_04,141,success,141,True,97,0.687943,141,1.0,False,written,AutoMoT/keyframe_filter/collection_output/r2_rgb_route_sheets_20260708/route_sheets/ConstructionObstacleTwoWays/Town02_Rep0_route_001339_route0_01_08_14_19_04/page_000.jpg,AutoMoT/keyframe_filter/collection_output/r2_rgb_route_sheets_20260708/route_sheets/ConstructionObstacleTwoWays/Town02_Rep0_route_001339_route0_01_08_14_19_04,"{""R2"": 97, ""R4"": 44}","{""R-E1"": 51, ""R-E2"": 19, ""R-E4"": 44, ""U-E2"": 27}"
ConstructionObstacleTwoWays,Town12_Rep0_1561_0_route0_01_07_22_24_38,173,success,173,True,119,0.687861,173,1.0,False,written,AutoMoT/keyframe_filter/collection_output/r2_rgb_route_sheets_20260708/route_sheets/ConstructionObstacleTwoWays/Town12_Rep0_1561_0_route0_01_07_22_24_38/page_000.jpg,AutoMoT/keyframe_filter/collection_output/r2_rgb_route_sheets_20260708/route_sheets/ConstructionObstacleTwoWays/Town12_Rep0_1561_0_route0_01_07_22_24_38,"{""R2"": 119, ""R5"": 54}","{""R-E1"": 53, ""R-E2"": 21, ""R-E5"": 54, ""U-E2"": 45}"
ConstructionObstacleTwoWays,Town12_Rep0_route_002816_route0_01_10_17_15_50,110,success,110,True,75,0.681818,110,1.0,False,written,AutoMoT/keyframe_filter/collection_output/r2_rgb_route_sheets_20260708/route_sheets/ConstructionObstacleTwoWays/Town12_Rep0_route_002816_route0_01_10_17_15_50/page_000.jpg,AutoMoT/keyframe_filter/collection_output/r2_rgb_route_sheets_20260708/route_sheets/ConstructionObstacleTwoWays/Town12_Rep0_route_002816_route0_01_10_17_15_50,"{""R2"": 75, ""R4"": 35}","{""R-E2"": 67, ""R-E4"": 14, ""U-E2"": 29}"
ConstructionObstacleTwoWays,Town12_Rep0_route_001167_route0_01_09_18_17_59,147,success,147,True,100,0.680272,147,1.0,False,written,AutoMoT/keyframe_filter/collection_output/r2_rgb_route_sheets_20260708/route_sheets/ConstructionObstacleTwoWays/Town12_Rep0_route_001167_route0_01_09_18_17_59/page_000.jpg,AutoMoT/keyframe_filter/collection_output/r2_rgb_route_sheets_20260708/route_sheets/ConstructionObstacleTwoWays/Town12_Rep0_route_001167_route0_01_09_18_17_59,"{""R2"": 100, ""R4"": 47}","{""R-E1"": 28, ""R-E2"": 45, ""R-E4"": 23, ""U-E2"": 51}"
ConstructionObstacleTwoWays,Town13_Rep0_route_001246_route0_01_08_14_27_59,89,success,89,True,60,0.674157,89,1.0,False,written,AutoMoT/keyframe_filter/collection_output/r2_rgb_route_sheets_20260708/route_sheets/ConstructionObstacleTwoWays/Town13_Rep0_route_001246_route0_01_08_14_27_59/page_000.jpg,AutoMoT/keyframe_filter/collection_output/r2_rgb_route_sheets_20260708/route_sheets/ConstructionObstacleTwoWays/Town13_Rep0_route_001246_route0_01_08_14_27_59,"{""R2"": 60, ""R4"": 29}","{""R-E1"": 51, ""R-E4"": 29, ""U-E2"": 9}"
ConstructionObstacleTwoWays,Town13_Rep0_route_003049_route0_01_10_01_11_29,232,success,232,True,156,0.672414,232,1.0,False,written,AutoMoT/keyframe_filter/collection_output/r2_rgb_route_sheets_20260708/route_sheets/ConstructionObstacleTwoWays/Town13_Rep0_route_003049_route0_01_10_01_11_29/page_000.jpg,AutoMoT/keyframe_filter/collection_output/r2_rgb_route_sheets_20260708/route_sheets/ConstructionObstacleTwoWays/Town13_Rep0_route_003049_route0_01_10_01_11_29,"{""R2"": 156, ""R4"": 66, ""R5"": 10}","{""R-E1"": 43, ""R-E2"": 82, ""R-E4"": 66, ""R-E5"": 10, ""U-E2"": 31}"
ConstructionObstacleTwoWays,Town12_Rep0_8_0_route0_01_08_02_32_32,206,success,206,True,138,0.669903,206,1.0,False,written,AutoMoT/keyframe_filter/collection_output/r2_rgb_route_sheets_20260708/route_sheets/ConstructionObstacleTwoWays/Town12_Rep0_8_0_route0_01_08_02_32_32/page_000.jpg,AutoMoT/keyframe_filter/collection_output/r2_rgb_route_sheets_20260708/route_sheets/ConstructionObstacleTwoWays/Town12_Rep0_8_0_route0_01_08_02_32_32,"{""R2"": 138, ""R5"": 68}","{""R-E1"": 42, ""R-E2"": 20, ""R-E5"": 68, ""U-E2"": 76}"
ConstructionObstacleTwoWays,Town12_Rep0_1145_0_route0_01_08_15_52_13,176,success,176,True,117,0.664773,176,1.0,False,written,AutoMoT/keyframe_filter/collection_output/r2_rgb_route_sheets_20260708/route_sheets/ConstructionObstacleTwoWays/Town12_Rep0_1145_0_route0_01_08_15_52_13/page_000.jpg,AutoMoT/keyframe_filter/collection_output/r2_rgb_route_sheets_20260708/route_sheets/ConstructionObstacleTwoWays/Town12_Rep0_1145_0_route0_01_08_15_52_13,"{""R2"": 117, ""R5"": 59}","{""R-E1"": 39, ""R-E2"": 16, ""R-E5"": 59, ""U-E2"": 62}"
ConstructionObstacleTwoWays,Town12_Rep0_route_001143_route0_01_10_21_45_28,191,success,191,True,125,0.65445,191,1.0,False,written,AutoMoT/keyframe_filter/collection_output/r2_rgb_route_sheets_20260708/route_sheets/ConstructionObstacleTwoWays/Town12_Rep0_route_001143_route0_01_10_21_45_28/page_000.jpg,AutoMoT/keyframe_filter/collection_output/r2_rgb_route_sheets_20260708/route_sheets/ConstructionObstacleTwoWays/Town12_Rep0_route_001143_route0_01_10_21_45_28,"{""R2"": 125, ""R4"": 66}","{""R-E1"": 37, ""R-E2"": 20, ""R-E4"": 59, ""U-E2"": 75}"
ConstructionObstacleTwoWays,Town13_Rep0_1128_0_route0_01_08_15_10_26,196,success,196,True,128,0.653061,196,1.0,False,written,AutoMoT/keyframe_filter/collection_output/r2_rgb_route_sheets_20260708/route_sheets/ConstructionObstacleTwoWays/Town13_Rep0_1128_0_route0_01_08_15_10_26/page_000.jpg,AutoMoT/keyframe_filter/collection_output/r2_rgb_route_sheets_20260708/route_sheets/ConstructionObstacleTwoWays/Town13_Rep0_1128_0_route0_01_08_15_10_26,"{""R2"": 128, ""R4"": 68}","{""R-E1"": 44, ""R-E2"": 24, ""R-E4"": 56, ""U-E2"": 72}"
ConstructionObstacleTwoWays,Town13_Rep0_1463_0_route0_01_09_15_54_08,179,success,179,True,116,0.648045,179,1.0,False,written,AutoMoT/keyframe_filter/collection_output/r2_rgb_route_sheets_20260708/route_sheets/ConstructionObstacleTwoWays/Town13_Rep0_1463_0_route0_01_09_15_54_08/page_000.jpg,AutoMoT/keyframe_filter/collection_output/r2_rgb_route_sheets_20260708/route_sheets/ConstructionObstacleTwoWays/Town13_Rep0_1463_0_route0_01_09_15_54_08,"{""R2"": 116, ""R5"": 63}","{""R-E1"": 52, ""R-E2"": 19, ""R-E5"": 63, ""U-E2"": 45}"
ConstructionObstacleTwoWays,Town13_Rep0_1128_1_route0_01_10_14_52_37,196,success,196,True,127,0.647959,196,1.0,False,written,AutoMoT/keyframe_filter/collection_output/r2_rgb_route_sheets_20260708/route_sheets/ConstructionObstacleTwoWays/Town13_Rep0_1128_1_route0_01_10_14_52_37/page_000.jpg,AutoMoT/keyframe_filter/collection_output/r2_rgb_route_sheets_20260708/route_sheets/ConstructionObstacleTwoWays/Town13_Rep0_1128_1_route0_01_10_14_52_37,"{""R2"": 127, ""R4"": 69}","{""R-E1"": 43, ""R-E2"": 24, ""R-E4"": 57, ""U-E2"": 72}"
ConstructionObstacleTwoWays,Town13_Rep0_route_001243_route0_01_10_05_01_09,192,success,192,True,123,0.640625,192,1.0,False,written,AutoMoT/keyframe_filter/collection_output/r2_rgb_route_sheets_20260708/route_sheets/ConstructionObstacleTwoWays/Town13_Rep0_route_001243_route0_01_10_05_01_09/page_000.jpg,AutoMoT/keyframe_filter/collection_output/r2_rgb_route_sheets_20260708/route_sheets/ConstructionObstacleTwoWays/Town13_Rep0_route_001243_route0_01_10_05_01_09,"{""R2"": 123, ""R4"": 69}","{""R-E1"": 54, ""R-E2"": 22, ""R-E4"": 63, ""U-E2"": 53}"
ConstructionObstacleTwoWays,Town13_Rep0_route_003172_route0_01_10_19_34_52,73,success,73,True,46,0.630137,73,1.0,False,written,AutoMoT/keyframe_filter/collection_output/r2_rgb_route_sheets_20260708/route_sheets/ConstructionObstacleTwoWays/Town13_Rep0_route_003172_route0_01_10_19_34_52/page_000.jpg,AutoMoT/keyframe_filter/collection_output/r2_rgb_route_sheets_20260708/route_sheets/ConstructionObstacleTwoWays/Town13_Rep0_route_003172_route0_01_10_19_34_52,"{""R2"": 46, ""R4"": 27}","{""R-E1"": 6, ""R-E2"": 36, ""R-E4"": 3, ""U-E2"": 28}"
ConstructionObstacleTwoWays,Town13_Rep0_1463_1_route0_01_08_15_04_32,177,success,177,True,111,0.627119,177,1.0,False,written,AutoMoT/keyframe_filter/collection_output/r2_rgb_route_sheets_20260708/route_sheets/ConstructionObstacleTwoWays/Town13_Rep0_1463_1_route0_01_08_15_04_32/page_000.jpg,AutoMoT/keyframe_filter/collection_output/r2_rgb_route_sheets_20260708/route_sheets/ConstructionObstacleTwoWays/Town13_Rep0_1463_1_route0_01_08_15_04_32,"{""R2"": 111, ""R5"": 66}","{""R-E1"": 44, ""R-E2"": 21, ""R-E5"": 66, ""U-E2"": 46}"
ConstructionObstacleTwoWays,Town13_Rep0_route_003053_route0_01_08_16_52_21,213,success,213,True,133,0.624413,213,1.0,False,written,AutoMoT/keyframe_filter/collection_output/r2_rgb_route_sheets_20260708/route_sheets/ConstructionObstacleTwoWays/Town13_Rep0_route_003053_route0_01_08_16_52_21/page_000.jpg,AutoMoT/keyframe_filter/collection_output/r2_rgb_route_sheets_20260708/route_sheets/ConstructionObstacleTwoWays/Town13_Rep0_route_003053_route0_01_08_16_52_21,"{""R2"": 133, ""R4"": 67, ""R5"": 13}","{""R-E1"": 21, ""R-E2"": 80, ""R-E4"": 67, ""R-E5"": 13, ""U-E2"": 32}"
ConstructionObstacleTwoWays,Town12_Rep0_route_001158_route0_01_11_09_21_37,187,success,187,True,112,0.59893,187,1.0,False,written,AutoMoT/keyframe_filter/collection_output/r2_rgb_route_sheets_20260708/route_sheets/ConstructionObstacleTwoWays/Town12_Rep0_route_001158_route0_01_11_09_21_37/page_000.jpg,AutoMoT/keyframe_filter/collection_output/r2_rgb_route_sheets_20260708/route_sheets/ConstructionObstacleTwoWays/Town12_Rep0_route_001158_route0_01_11_09_21_37,"{""R2"": 112, ""R4"": 75}","{""R-E1"": 28, ""R-E2"": 47, ""R-E4"": 63, ""U-E2"": 49}"
ConstructionObstacleTwoWays,Town13_Rep0_route_003209_route0_01_09_15_57_54,77,success,77,True,46,0.597403,77,1.0,False,written,AutoMoT/keyframe_filter/collection_output/r2_rgb_route_sheets_20260708/route_sheets/ConstructionObstacleTwoWays/Town13_Rep0_route_003209_route0_01_09_15_57_54/page_000.jpg,AutoMoT/keyframe_filter/collection_output/r2_rgb_route_sheets_20260708/route_sheets/ConstructionObstacleTwoWays/Town13_Rep0_route_003209_route0_01_09_15_57_54,"{""R2"": 46, ""R4"": 31}","{""R-E1"": 6, ""R-E2"": 35, ""R-E4"": 7, ""U-E2"": 29}"
ConstructionObstacleTwoWays,Town13_Rep0_route_001257_route0_01_10_08_50_32,313,success,313,True,186,0.594249,313,1.0,False,written,AutoMoT/keyframe_filter/collection_output/r2_rgb_route_sheets_20260708/route_sheets/ConstructionObstacleTwoWays/Town13_Rep0_route_001257_route0_01_10_08_50_32/page_000.jpg,AutoMoT/keyframe_filter/collection_output/r2_rgb_route_sheets_20260708/route_sheets/ConstructionObstacleTwoWays/Town13_Rep0_route_001257_route0_01_10_08_50_32,"{""R2"": 186, ""R4"": 127}","{""R-E1"": 87, ""R-E2"": 18, ""R-E4"": 121, ""U-E2"": 87}"
ConstructionObstacleTwoWays,Town13_Rep0_route_001247_route0_01_10_03_16_00,90,success,90,True,53,0.588889,90,1.0,False,written,AutoMoT/keyframe_filter/collection_output/r2_rgb_route_sheets_20260708/route_sheets/ConstructionObstacleTwoWays/Town13_Rep0_route_001247_route0_01_10_03_16_00/page_000.jpg,AutoMoT/keyframe_filter/collection_output/r2_rgb_route_sheets_20260708/route_sheets/ConstructionObstacleTwoWays/Town13_Rep0_route_001247_route0_01_10_03_16_00,"{""R2"": 53, ""R4"": 27, ""R5"": 10}","{""R-E1"": 51, ""R-E4"": 27, ""R-E5"": 10, ""U-E2"": 2}"
ConstructionObstacleTwoWays,Town13_Rep0_route_003047_route0_01_11_00_53_24,178,success,178,True,104,0.58427,178,1.0,False,written,AutoMoT/keyframe_filter/collection_output/r2_rgb_route_sheets_20260708/route_sheets/ConstructionObstacleTwoWays/Town13_Rep0_route_003047_route0_01_11_00_53_24/page_000.jpg,AutoMoT/keyframe_filter/collection_output/r2_rgb_route_sheets_20260708/route_sheets/ConstructionObstacleTwoWays/Town13_Rep0_route_003047_route0_01_11_00_53_24,"{""R2"": 104, ""R4"": 67, ""R5"": 7}","{""R-E1"": 34, ""R-E2"": 25, ""R-E4"": 67, ""R-E5"": 7, ""U-E2"": 45}"
ConstructionObstacleTwoWays,Town12_Rep0_route_002823_route0_01_09_05_21_21,90,success,90,True,52,0.577778,90,1.0,False,written,AutoMoT/keyframe_filter/collection_output/r2_rgb_route_sheets_20260708/route_sheets/ConstructionObstacleTwoWays/Town12_Rep0_route_002823_route0_01_09_05_21_21/page_000.jpg,AutoMoT/keyframe_filter/collection_output/r2_rgb_route_sheets_20260708/route_sheets/ConstructionObstacleTwoWays/Town12_Rep0_route_002823_route0_01_09_05_21_21,"{""R2"": 52, ""R4"": 38}","{""R-E1"": 17, ""R-E2"": 31, ""R-E4"": 15, ""U-E2"": 27}"
ConstructionObstacleTwoWays,Town12_Rep0_route_002815_route0_01_11_05_30_58,139,success,139,True,80,0.57554,139,1.0,False,written,AutoMoT/keyframe_filter/collection_output/r2_rgb_route_sheets_20260708/route_sheets/ConstructionObstacleTwoWays/Town12_Rep0_route_002815_route0_01_11_05_30_58/page_000.jpg,AutoMoT/keyframe_filter/collection_output/r2_rgb_route_sheets_20260708/route_sheets/ConstructionObstacleTwoWays/Town12_Rep0_route_002815_route0_01_11_05_30_58,"{""R2"": 80, ""R4"": 48, ""R5"": 11}","{""R-E1"": 6, ""R-E2"": 28, ""R-E4"": 24, ""R-E5"": 11, ""U-E2"": 70}"
ConstructionObstacleTwoWays,Town12_Rep0_route_002837_route0_01_10_23_45_17,140,success,140,True,80,0.571429,140,1.0,False,written,AutoMoT/keyframe_filter/collection_output/r2_rgb_route_sheets_20260708/route_sheets/ConstructionObstacleTwoWays/Town12_Rep0_route_002837_route0_01_10_23_45_17/page_000.jpg,AutoMoT/keyframe_filter/collection_output/r2_rgb_route_sheets_20260708/route_sheets/ConstructionObstacleTwoWays/Town12_Rep0_route_002837_route0_01_10_23_45_17,"{""R2"": 80, ""R4"": 49, ""R5"": 11}","{""R-E1"": 7, ""R-E2"": 27, ""R-E4"": 25, ""R-E5"": 11, ""U-E2"": 70}"
ConstructionObstacleTwoWays,Town13_Rep0_route_003058_route0_01_10_02_41_30,179,success,179,True,102,0.569832,179,1.0,False,written,AutoMoT/keyframe_filter/collection_output/r2_rgb_route_sheets_20260708/route_sheets/ConstructionObstacleTwoWays/Town13_Rep0_route_003058_route0_01_10_02_41_30/page_000.jpg,AutoMoT/keyframe_filter/collection_output/r2_rgb_route_sheets_20260708/route_sheets/ConstructionObstacleTwoWays/Town13_Rep0_route_003058_route0_01_10_02_41_30,"{""R2"": 102, ""R4"": 67, ""R5"": 10}","{""R-E1"": 25, ""R-E2"": 19, ""R-E4"": 67, ""R-E5"": 10, ""U-E2"": 58}"
ConstructionObstacleTwoWays,Town13_Rep0_route_001265_route0_01_10_10_17_35,252,success,252,True,143,0.56746,216,0.8571,False,written,AutoMoT/keyframe_filter/collection_output/r2_rgb_route_sheets_20260708/route_sheets/ConstructionObstacleTwoWays/Town13_Rep0_route_001265_route0_01_10_10_17_35/page_000.jpg,AutoMoT/keyframe_filter/collection_output/r2_rgb_route_sheets_20260708/route_sheets/ConstructionObstacleTwoWays/Town13_Rep0_route_001265_route0_01_10_10_17_35,"{""R2"": 143, ""R4"": 109}","{""R-E1"": 76, ""R-E2"": 27, ""R-E4"": 101, ""U-E2"": 48}"
ConstructionObstacleTwoWays,Town13_Rep0_route_003039_route0_01_10_14_43_08,180,success,180,True,102,0.566667,180,1.0,False,written,AutoMoT/keyframe_filter/collection_output/r2_rgb_route_sheets_20260708/route_sheets/ConstructionObstacleTwoWays/Town13_Rep0_route_003039_route0_01_10_14_43_08/page_000.jpg,AutoMoT/keyframe_filter/collection_output/r2_rgb_route_sheets_20260708/route_sheets/ConstructionObstacleTwoWays/Town13_Rep0_route_003039_route0_01_10_14_43_08,"{""R2"": 102, ""R4"": 67, ""R5"": 11}","{""R-E1"": 32, ""R-E2"": 21, ""R-E4"": 67, ""R-E5"": 11, ""U-E2"": 49}"
ConstructionObstacleTwoWays,Town12_Rep0_route_002818_route0_01_10_05_03_08,68,success,68,True,38,0.558824,68,1.0,False,written,AutoMoT/keyframe_filter/collection_output/r2_rgb_route_sheets_20260708/route_sheets/ConstructionObstacleTwoWays/Town12_Rep0_route_002818_route0_01_10_05_03_08/page_000.jpg,AutoMoT/keyframe_filter/collection_output/r2_rgb_route_sheets_20260708/route_sheets/ConstructionObstacleTwoWays/Town12_Rep0_route_002818_route0_01_10_05_03_08,"{""R2"": 38, ""R4"": 30}","{""R-E1"": 6, ""R-E2"": 20, ""R-E4"": 13, ""U-E2"": 29}"
ConstructionObstacleTwoWays,Town13_Rep0_route_001255_route0_01_09_14_12_09,244,success,244,True,136,0.557377,244,1.0,False,written,AutoMoT/keyframe_filter/collection_output/r2_rgb_route_sheets_20260708/route_sheets/ConstructionObstacleTwoWays/Town13_Rep0_route_001255_route0_01_09_14_12_09/page_000.jpg,AutoMoT/keyframe_filter/collection_output/r2_rgb_route_sheets_20260708/route_sheets/ConstructionObstacleTwoWays/Town13_Rep0_route_001255_route0_01_09_14_12_09,"{""R2"": 136, ""R4"": 108}","{""R-E1"": 67, ""R-E2"": 30, ""R-E4"": 100, ""U-E2"": 47}"
ConstructionObstacleTwoWays,Town13_Rep0_route_003029_route0_01_10_11_00_54,178,success,178,True,99,0.55618,178,1.0,False,written,AutoMoT/keyframe_filter/collection_output/r2_rgb_route_sheets_20260708/route_sheets/ConstructionObstacleTwoWays/Town13_Rep0_route_003029_route0_01_10_11_00_54/page_000.jpg,AutoMoT/keyframe_filter/collection_output/r2_rgb_route_sheets_20260708/route_sheets/ConstructionObstacleTwoWays/Town13_Rep0_route_003029_route0_01_10_11_00_54,"{""R2"": 99, ""R4"": 67, ""R5"": 12}","{""R-E1"": 33, ""R-E2"": 40, ""R-E4"": 67, ""R-E5"": 12, ""U-E2"": 26}"
ConstructionObstacleTwoWays,Town13_Rep0_route_003212_route0_01_10_16_58_34,83,success,83,True,46,0.554217,83,1.0,False,written,AutoMoT/keyframe_filter/collection_output/r2_rgb_route_sheets_20260708/route_sheets/ConstructionObstacleTwoWays/Town13_Rep0_route_003212_route0_01_10_16_58_34/page_000.jpg,AutoMoT/keyframe_filter/collection_output/r2_rgb_route_sheets_20260708/route_sheets/ConstructionObstacleTwoWays/Town13_Rep0_route_003212_route0_01_10_16_58_34,"{""R2"": 46, ""R4"": 37}","{""R-E1"": 6, ""R-E2"": 35, ""R-E4"": 13, ""U-E2"": 29}"
ConstructionObstacleTwoWays,Town07_Rep0_route_001179_route0_01_10_11_44_05,194,success,194,True,107,0.551546,194,1.0,False,written,AutoMoT/keyframe_filter/collection_output/r2_rgb_route_sheets_20260708/route_sheets/ConstructionObstacleTwoWays/Town07_Rep0_route_001179_route0_01_10_11_44_05/page_000.jpg,AutoMoT/keyframe_filter/collection_output/r2_rgb_route_sheets_20260708/route_sheets/ConstructionObstacleTwoWays/Town07_Rep0_route_001179_route0_01_10_11_44_05,"{""R2"": 107, ""R4"": 80, ""R5"": 7}","{""R-E1"": 37, ""R-E2"": 26, ""R-E4"": 80, ""R-E5"": 7, ""U-E2"": 44}"
ConstructionObstacleTwoWays,Town12_Rep0_route_002832_route0_01_09_08_11_59,140,success,140,True,77,0.55,140,1.0,False,written,AutoMoT/keyframe_filter/collection_output/r2_rgb_route_sheets_20260708/route_sheets/ConstructionObstacleTwoWays/Town12_Rep0_route_002832_route0_01_09_08_11_59/page_000.jpg,AutoMoT/keyframe_filter/collection_output/r2_rgb_route_sheets_20260708/route_sheets/ConstructionObstacleTwoWays/Town12_Rep0_route_002832_route0_01_09_08_11_59,"{""R2"": 77, ""R4"": 51, ""R5"": 12}","{""R-E1"": 6, ""R-E2"": 25, ""R-E4"": 30, ""R-E5"": 12, ""U-E2"": 67}"
ConstructionObstacleTwoWays,Town13_Rep0_1128_2_route0_01_09_03_10_29,195,success,195,True,107,0.548718,195,1.0,False,written,AutoMoT/keyframe_filter/collection_output/r2_rgb_route_sheets_20260708/route_sheets/ConstructionObstacleTwoWays/Town13_Rep0_1128_2_route0_01_09_03_10_29/page_000.jpg,AutoMoT/keyframe_filter/collection_output/r2_rgb_route_sheets_20260708/route_sheets/ConstructionObstacleTwoWays/Town13_Rep0_1128_2_route0_01_09_03_10_29,"{""R2"": 107, ""R4"": 88}","{""R-E1"": 44, ""R-E2"": 18, ""R-E4"": 88, ""U-E2"": 45}"
ConstructionObstacleTwoWays,Town12_Rep0_1567_0_route0_01_10_01_42_12,204,success,204,True,110,0.539216,204,1.0,False,written,AutoMoT/keyframe_filter/collection_output/r2_rgb_route_sheets_20260708/route_sheets/ConstructionObstacleTwoWays/Town12_Rep0_1567_0_route0_01_10_01_42_12/page_000.jpg,AutoMoT/keyframe_filter/collection_output/r2_rgb_route_sheets_20260708/route_sheets/ConstructionObstacleTwoWays/Town12_Rep0_1567_0_route0_01_10_01_42_12,"{""R2"": 110, ""R5"": 94}","{""R-E1"": 18, ""R-E2"": 27, ""R-E5"": 94, ""U-E2"": 65}"
ConstructionObstacleTwoWays,Town13_Rep0_route_001245_route0_01_10_09_39_09,187,success,187,True,100,0.534759,187,1.0,False,written,AutoMoT/keyframe_filter/collection_output/r2_rgb_route_sheets_20260708/route_sheets/ConstructionObstacleTwoWays/Town13_Rep0_route_001245_route0_01_10_09_39_09/page_000.jpg,AutoMoT/keyframe_filter/collection_output/r2_rgb_route_sheets_20260708/route_sheets/ConstructionObstacleTwoWays/Town13_Rep0_route_001245_route0_01_10_09_39_09,"{""R2"": 100, ""R4"": 87}","{""R-E1"": 16, ""R-E2"": 18, ""R-E4"": 78, ""U-E2"": 75}"
ConstructionObstacleTwoWays,Town13_Rep0_route_003043_route0_01_11_00_54_30,171,success,171,True,91,0.532164,171,1.0,False,written,AutoMoT/keyframe_filter/collection_output/r2_rgb_route_sheets_20260708/route_sheets/ConstructionObstacleTwoWays/Town13_Rep0_route_003043_route0_01_11_00_54_30/page_000.jpg,AutoMoT/keyframe_filter/collection_output/r2_rgb_route_sheets_20260708/route_sheets/ConstructionObstacleTwoWays/Town13_Rep0_route_003043_route0_01_11_00_54_30,"{""R2"": 91, ""R4"": 67, ""R5"": 13}","{""R-E1"": 21, ""R-E2"": 25, ""R-E4"": 67, ""R-E5"": 13, ""U-E2"": 45}"
ConstructionObstacleTwoWays,Town13_Rep0_route_001263_route0_01_08_02_00_30,311,success,311,True,165,0.530547,311,1.0,False,written,AutoMoT/keyframe_filter/collection_output/r2_rgb_route_sheets_20260708/route_sheets/ConstructionObstacleTwoWays/Town13_Rep0_route_001263_route0_01_08_02_00_30/page_000.jpg,AutoMoT/keyframe_filter/collection_output/r2_rgb_route_sheets_20260708/route_sheets/ConstructionObstacleTwoWays/Town13_Rep0_route_001263_route0_01_08_02_00_30,"{""R2"": 165, ""R4"": 146}","{""R-E1"": 80, ""R-E2"": 21, ""R-E4"": 137, ""U-E2"": 73}"
ConstructionObstacleTwoWays,Town02_Rep0_route_001340_route0_01_10_23_46_53,199,success,199,True,105,0.527638,199,1.0,False,written,AutoMoT/keyframe_filter/collection_output/r2_rgb_route_sheets_20260708/route_sheets/ConstructionObstacleTwoWays/Town02_Rep0_route_001340_route0_01_10_23_46_53/page_000.jpg,AutoMoT/keyframe_filter/collection_output/r2_rgb_route_sheets_20260708/route_sheets/ConstructionObstacleTwoWays/Town02_Rep0_route_001340_route0_01_10_23_46_53,"{""R2"": 105, ""R4"": 94}","{""R-E1"": 39, ""R-E2"": 31, ""R-E4"": 94, ""U-E2"": 35}"
ConstructionObstacleTwoWays,Town12_Rep0_route_001170_route0_01_09_03_57_47,251,success,251,True,130,0.517928,251,1.0,False,written,AutoMoT/keyframe_filter/collection_output/r2_rgb_route_sheets_20260708/route_sheets/ConstructionObstacleTwoWays/Town12_Rep0_route_001170_route0_01_09_03_57_47/page_000.jpg,AutoMoT/keyframe_filter/collection_output/r2_rgb_route_sheets_20260708/route_sheets/ConstructionObstacleTwoWays/Town12_Rep0_route_001170_route0_01_09_03_57_47,"{""R2"": 130, ""R4"": 121}","{""R-E1"": 46, ""R-E2"": 20, ""R-E4"": 113, ""U-E2"": 72}"
ConstructionObstacleTwoWays,Town13_Rep0_route_003044_route0_01_11_00_51_07,153,success,153,True,79,0.51634,153,1.0,False,written,AutoMoT/keyframe_filter/collection_output/r2_rgb_route_sheets_20260708/route_sheets/ConstructionObstacleTwoWays/Town13_Rep0_route_003044_route0_01_11_00_51_07/page_000.jpg,AutoMoT/keyframe_filter/collection_output/r2_rgb_route_sheets_20260708/route_sheets/ConstructionObstacleTwoWays/Town13_Rep0_route_003044_route0_01_11_00_51_07,"{""R2"": 79, ""R4"": 67, ""R5"": 7}","{""R-E1"": 25, ""R-E2"": 27, ""R-E4"": 67, ""R-E5"": 7, ""U-E2"": 27}"
ConstructionObstacleTwoWays,Town13_Rep0_route_003042_route0_01_10_14_29_58,163,success,163,True,84,0.515337,163,1.0,False,written,AutoMoT/keyframe_filter/collection_output/r2_rgb_route_sheets_20260708/route_sheets/ConstructionObstacleTwoWays/Town13_Rep0_route_003042_route0_01_10_14_29_58/page_000.jpg,AutoMoT/keyframe_filter/collection_output/r2_rgb_route_sheets_20260708/route_sheets/ConstructionObstacleTwoWays/Town13_Rep0_route_003042_route0_01_10_14_29_58,"{""R2"": 84, ""R4"": 67, ""R5"": 12}","{""R-E1"": 33, ""R-E2"": 22, ""R-E4"": 67, ""R-E5"": 12, ""U-E2"": 29}"
ConstructionObstacleTwoWays,Town12_Rep0_route_002819_route0_01_09_17_16_30,90,success,90,True,46,0.511111,90,1.0,False,written,AutoMoT/keyframe_filter/collection_output/r2_rgb_route_sheets_20260708/route_sheets/ConstructionObstacleTwoWays/Town12_Rep0_route_002819_route0_01_09_17_16_30/page_000.jpg,AutoMoT/keyframe_filter/collection_output/r2_rgb_route_sheets_20260708/route_sheets/ConstructionObstacleTwoWays/Town12_Rep0_route_002819_route0_01_09_17_16_30,"{""R2"": 46, ""R4"": 44}","{""R-E1"": 9, ""R-E2"": 32, ""R-E4"": 20, ""U-E2"": 29}"
ConstructionObstacleTwoWays,Town12_Rep0_route_002854_route0_01_08_06_24_27,64,success,64,True,32,0.5,64,1.0,False,written,AutoMoT/keyframe_filter/collection_output/r2_rgb_route_sheets_20260708/route_sheets/ConstructionObstacleTwoWays/Town12_Rep0_route_002854_route0_01_08_06_24_27/page_000.jpg,AutoMoT/keyframe_filter/collection_output/r2_rgb_route_sheets_20260708/route_sheets/ConstructionObstacleTwoWays/Town12_Rep0_route_002854_route0_01_08_06_24_27,"{""R2"": 32, ""R4"": 32}","{""R-E2"": 25, ""R-E4"": 8, ""U-E2"": 31}"
ConstructionObstacleTwoWays,Town12_Rep0_route_001144_route0_01_09_17_29_54,189,success,189,True,94,0.497354,189,1.0,False,written,AutoMoT/keyframe_filter/collection_output/r2_rgb_route_sheets_20260708/route_sheets/ConstructionObstacleTwoWays/Town12_Rep0_route_001144_route0_01_09_17_29_54/page_000.jpg,AutoMoT/keyframe_filter/collection_output/r2_rgb_route_sheets_20260708/route_sheets/ConstructionObstacleTwoWays/Town12_Rep0_route_001144_route0_01_09_17_29_54,"{""R2"": 94, ""R4"": 95}","{""R-E1"": 24, ""R-E2"": 44, ""R-E4"": 71, ""U-E2"": 50}"
ConstructionObstacleTwoWays,Town12_Rep0_route_002690_route0_01_09_12_57_44,156,success,156,True,77,0.49359,156,1.0,False,written,AutoMoT/keyframe_filter/collection_output/r2_rgb_route_sheets_20260708/route_sheets/ConstructionObstacleTwoWays/Town12_Rep0_route_002690_route0_01_09_12_57_44/page_000.jpg,AutoMoT/keyframe_filter/collection_output/r2_rgb_route_sheets_20260708/route_sheets/ConstructionObstacleTwoWays/Town12_Rep0_route_002690_route0_01_09_12_57_44,"{""R2"": 77, ""R4"": 69, ""R5"": 10}","{""R-E1"": 5, ""R-E2"": 13, ""R-E4"": 61, ""R-E5"": 10, ""U-E2"": 67}"
ConstructionObstacleTwoWays,Town13_Rep0_route_001264_route0_01_10_05_22_37,317,success,317,True,154,0.485804,317,1.0,False,written,AutoMoT/keyframe_filter/collection_output/r2_rgb_route_sheets_20260708/route_sheets/ConstructionObstacleTwoWays/Town13_Rep0_route_001264_route0_01_10_05_22_37/page_000.jpg,AutoMoT/keyframe_filter/collection_output/r2_rgb_route_sheets_20260708/route_sheets/ConstructionObstacleTwoWays/Town13_Rep0_route_001264_route0_01_10_05_22_37,"{""R2"": 154, ""R4"": 163}","{""R-E1"": 54, ""R-E2"": 23, ""R-E4"": 159, ""U-E2"": 81}"
ConstructionObstacleTwoWays,Town12_Rep0_route_002830_route0_01_09_11_41_21,66,success,66,True,32,0.484848,66,1.0,False,written,AutoMoT/keyframe_filter/collection_output/r2_rgb_route_sheets_20260708/route_sheets/ConstructionObstacleTwoWays/Town12_Rep0_route_002830_route0_01_09_11_41_21/page_000.jpg,AutoMoT/keyframe_filter/collection_output/r2_rgb_route_sheets_20260708/route_sheets/ConstructionObstacleTwoWays/Town12_Rep0_route_002830_route0_01_09_11_41_21,"{""R2"": 32, ""R4"": 34}","{""R-E2"": 28, ""R-E4"": 10, ""U-E2"": 28}"
ConstructionObstacleTwoWays,Town13_Rep0_route_001266_route0_01_09_12_36_40,254,success,254,True,123,0.484252,254,1.0,False,written,AutoMoT/keyframe_filter/collection_output/r2_rgb_route_sheets_20260708/route_sheets/ConstructionObstacleTwoWays/Town13_Rep0_route_001266_route0_01_09_12_36_40/page_000.jpg,AutoMoT/keyframe_filter/collection_output/r2_rgb_route_sheets_20260708/route_sheets/ConstructionObstacleTwoWays/Town13_Rep0_route_001266_route0_01_09_12_36_40,"{""R2"": 123, ""R4"": 131}","{""R-E1"": 19, ""R-E2"": 24, ""R-E4"": 127, ""U-E2"": 84}"
ConstructionObstacleTwoWays,Town13_Rep0_route_001252_route0_01_10_16_43_23,253,success,253,True,121,0.478261,253,1.0,False,written,AutoMoT/keyframe_filter/collection_output/r2_rgb_route_sheets_20260708/route_sheets/ConstructionObstacleTwoWays/Town13_Rep0_route_001252_route0_01_10_16_43_23/page_000.jpg,AutoMoT/keyframe_filter/collection_output/r2_rgb_route_sheets_20260708/route_sheets/ConstructionObstacleTwoWays/Town13_Rep0_route_001252_route0_01_10_16_43_23,"{""R2"": 121, ""R4"": 132}","{""R-E1"": 25, ""R-E2"": 25, ""R-E4"": 128, ""U-E2"": 75}"
ConstructionObstacleTwoWays,Town12_Rep0_route_002691_route0_01_09_05_47_51,158,success,158,True,75,0.474684,158,1.0,False,written,AutoMoT/keyframe_filter/collection_output/r2_rgb_route_sheets_20260708/route_sheets/ConstructionObstacleTwoWays/Town12_Rep0_route_002691_route0_01_09_05_47_51/page_000.jpg,AutoMoT/keyframe_filter/collection_output/r2_rgb_route_sheets_20260708/route_sheets/ConstructionObstacleTwoWays/Town12_Rep0_route_002691_route0_01_09_05_47_51,"{""R2"": 75, ""R4"": 76, ""R5"": 7}","{""R-E1"": 3, ""R-E2"": 19, ""R-E4"": 62, ""R-E5"": 7, ""U-E2"": 67}"
ConstructionObstacleTwoWays,Town13_Rep0_route_003018_route0_01_09_22_22_46,142,success,142,True,67,0.471831,142,1.0,False,written,AutoMoT/keyframe_filter/collection_output/r2_rgb_route_sheets_20260708/route_sheets/ConstructionObstacleTwoWays/Town13_Rep0_route_003018_route0_01_09_22_22_46/page_000.jpg,AutoMoT/keyframe_filter/collection_output/r2_rgb_route_sheets_20260708/route_sheets/ConstructionObstacleTwoWays/Town13_Rep0_route_003018_route0_01_09_22_22_46,"{""R2"": 67, ""R4"": 67, ""R5"": 8}","{""R-E1"": 20, ""R-E2"": 27, ""R-E4"": 67, ""R-E5"": 8, ""U-E2"": 20}"
ConstructionObstacleTwoWays,Town12_Rep0_route_001162_route0_01_09_16_00_54,193,success,193,True,91,0.471503,193,1.0,False,written,AutoMoT/keyframe_filter/collection_output/r2_rgb_route_sheets_20260708/route_sheets/ConstructionObstacleTwoWays/Town12_Rep0_route_001162_route0_01_09_16_00_54/page_000.jpg,AutoMoT/keyframe_filter/collection_output/r2_rgb_route_sheets_20260708/route_sheets/ConstructionObstacleTwoWays/Town12_Rep0_route_001162_route0_01_09_16_00_54,"{""R2"": 91, ""R4"": 102}","{""R-E1"": 23, ""R-E2"": 19, ""R-E4"": 97, ""U-E2"": 54}"
ConstructionObstacleTwoWays,Town01_Rep0_route_001276_route0_01_08_12_23_19,251,success,251,True,117,0.466135,251,1.0,False,written,AutoMoT/keyframe_filter/collection_output/r2_rgb_route_sheets_20260708/route_sheets/ConstructionObstacleTwoWays/Town01_Rep0_route_001276_route0_01_08_12_23_19/page_000.jpg,AutoMoT/keyframe_filter/collection_output/r2_rgb_route_sheets_20260708/route_sheets/ConstructionObstacleTwoWays/Town01_Rep0_route_001276_route0_01_08_12_23_19,"{""R2"": 117, ""R4"": 134}","{""R-E1"": 51, ""R-E2"": 22, ""R-E4"": 134, ""U-E2"": 44}"
ConstructionObstacleTwoWays,Town13_Rep0_route_003030_route0_01_09_17_28_45,141,success,141,True,65,0.460993,141,1.0,False,written,AutoMoT/keyframe_filter/collection_output/r2_rgb_route_sheets_20260708/route_sheets/ConstructionObstacleTwoWays/Town13_Rep0_route_003030_route0_01_09_17_28_45/page_000.jpg,AutoMoT/keyframe_filter/collection_output/r2_rgb_route_sheets_20260708/route_sheets/ConstructionObstacleTwoWays/Town13_Rep0_route_003030_route0_01_09_17_28_45,"{""R2"": 65, ""R4"": 67, ""R5"": 9}","{""R-E1"": 9, ""R-E2"": 23, ""R-E4"": 67, ""R-E5"": 9, ""U-E2"": 33}"
ConstructionObstacleTwoWays,Town01_Rep0_route_001275_route0_01_09_16_43_40,249,success,249,True,113,0.453815,249,1.0,False,written,AutoMoT/keyframe_filter/collection_output/r2_rgb_route_sheets_20260708/route_sheets/ConstructionObstacleTwoWays/Town01_Rep0_route_001275_route0_01_09_16_43_40/page_000.jpg,AutoMoT/keyframe_filter/collection_output/r2_rgb_route_sheets_20260708/route_sheets/ConstructionObstacleTwoWays/Town01_Rep0_route_001275_route0_01_09_16_43_40,"{""R2"": 113, ""R4"": 136}","{""R-E1"": 48, ""R-E2"": 18, ""R-E4"": 136, ""U-E2"": 47}"
ConstructionObstacleTwoWays,Town13_Rep0_route_003016_route0_01_08_05_06_18,146,success,146,True,66,0.452055,146,1.0,False,written,AutoMoT/keyframe_filter/collection_output/r2_rgb_route_sheets_20260708/route_sheets/ConstructionObstacleTwoWays/Town13_Rep0_route_003016_route0_01_08_05_06_18/page_000.jpg,AutoMoT/keyframe_filter/collection_output/r2_rgb_route_sheets_20260708/route_sheets/ConstructionObstacleTwoWays/Town13_Rep0_route_003016_route0_01_08_05_06_18,"{""R2"": 66, ""R4"": 67, ""R5"": 13}","{""R-E1"": 5, ""R-E2"": 26, ""R-E4"": 67, ""R-E5"": 13, ""U-E2"": 35}"
ConstructionObstacleTwoWays,Town07_Rep0_route_001191_route0_01_10_08_05_59,122,success,122,True,55,0.45082,122,1.0,False,written,AutoMoT/keyframe_filter/collection_output/r2_rgb_route_sheets_20260708/route_sheets/ConstructionObstacleTwoWays/Town07_Rep0_route_001191_route0_01_10_08_05_59/page_000.jpg,AutoMoT/keyframe_filter/collection_output/r2_rgb_route_sheets_20260708/route_sheets/ConstructionObstacleTwoWays/Town07_Rep0_route_001191_route0_01_10_08_05_59,"{""R2"": 55, ""R4"": 67}","{""R-E1"": 11, ""R-E2"": 25, ""R-E4"": 67, ""U-E2"": 19}"
ConstructionObstacleTwoWays,Town13_Rep0_route_001250_route0_01_11_13_25_14,254,success,254,True,113,0.444882,254,1.0,False,written,AutoMoT/keyframe_filter/collection_output/r2_rgb_route_sheets_20260708/route_sheets/ConstructionObstacleTwoWays/Town13_Rep0_route_001250_route0_01_11_13_25_14/page_000.jpg,AutoMoT/keyframe_filter/collection_output/r2_rgb_route_sheets_20260708/route_sheets/ConstructionObstacleTwoWays/Town13_Rep0_route_001250_route0_01_11_13_25_14,"{""R2"": 113, ""R4"": 141}","{""R-E1"": 26, ""R-E2"": 20, ""R-E4"": 132, ""U-E2"": 76}"
ConstructionObstacleTwoWays,Town07_Rep0_route_001186_route0_01_09_16_45_49,95,success,95,True,41,0.431579,69,0.7263,False,written,AutoMoT/keyframe_filter/collection_output/r2_rgb_route_sheets_20260708/route_sheets/ConstructionObstacleTwoWays/Town07_Rep0_route_001186_route0_01_09_16_45_49/page_000.jpg,AutoMoT/keyframe_filter/collection_output/r2_rgb_route_sheets_20260708/route_sheets/ConstructionObstacleTwoWays/Town07_Rep0_route_001186_route0_01_09_16_45_49,"{""R2"": 41, ""R4"": 54}","{""R-E2"": 30, ""R-E4"": 30, ""U-E2"": 35}"
ConstructionObstacleTwoWays,Town13_Rep0_route_003195_route0_01_08_11_32_25,109,success,109,True,47,0.431193,109,1.0,False,written,AutoMoT/keyframe_filter/collection_output/r2_rgb_route_sheets_20260708/route_sheets/ConstructionObstacleTwoWays/Town13_Rep0_route_003195_route0_01_08_11_32_25/page_000.jpg,AutoMoT/keyframe_filter/collection_output/r2_rgb_route_sheets_20260708/route_sheets/ConstructionObstacleTwoWays/Town13_Rep0_route_003195_route0_01_08_11_32_25,"{""R2"": 47, ""R4"": 62}","{""R-E1"": 7, ""R-E2"": 36, ""R-E4"": 38, ""U-E2"": 28}"
ConstructionObstacleTwoWays,Town12_Rep0_route_001149_route0_01_08_20_09_23,187,success,187,True,79,0.42246,187,1.0,False,written,AutoMoT/keyframe_filter/collection_output/r2_rgb_route_sheets_20260708/route_sheets/ConstructionObstacleTwoWays/Town12_Rep0_route_001149_route0_01_08_20_09_23/page_000.jpg,AutoMoT/keyframe_filter/collection_output/r2_rgb_route_sheets_20260708/route_sheets/ConstructionObstacleTwoWays/Town12_Rep0_route_001149_route0_01_08_20_09_23,"{""R2"": 79, ""R4"": 108}","{""R-E1"": 14, ""R-E2"": 19, ""R-E4"": 102, ""U-E2"": 52}"
ConstructionObstacleTwoWays,Town12_Rep0_route_002843_route0_01_10_05_20_39,76,success,76,True,32,0.421053,76,1.0,False,written,AutoMoT/keyframe_filter/collection_output/r2_rgb_route_sheets_20260708/route_sheets/ConstructionObstacleTwoWays/Town12_Rep0_route_002843_route0_01_10_05_20_39/page_000.jpg,AutoMoT/keyframe_filter/collection_output/r2_rgb_route_sheets_20260708/route_sheets/ConstructionObstacleTwoWays/Town12_Rep0_route_002843_route0_01_10_05_20_39,"{""R2"": 32, ""R4"": 44}","{""R-E2"": 27, ""R-E4"": 20, ""U-E2"": 29}"
ConstructionObstacleTwoWays,Town13_Rep0_route_003040_route0_01_08_13_19_45,239,success,239,True,100,0.41841,239,1.0,False,written,AutoMoT/keyframe_filter/collection_output/r2_rgb_route_sheets_20260708/route_sheets/ConstructionObstacleTwoWays/Town13_Rep0_route_003040_route0_01_08_13_19_45/page_000.jpg,AutoMoT/keyframe_filter/collection_output/r2_rgb_route_sheets_20260708/route_sheets/ConstructionObstacleTwoWays/Town13_Rep0_route_003040_route0_01_08_13_19_45,"{""R2"": 100, ""R4"": 127, ""R5"": 12}","{""R-E1"": 19, ""R-E2"": 59, ""R-E4"": 127, ""R-E5"": 12, ""U-E2"": 22}"
ConstructionObstacleTwoWays,Town12_Rep0_route_002840_route0_01_09_03_49_47,116,success,116,True,47,0.405172,116,1.0,False,written,AutoMoT/keyframe_filter/collection_output/r2_rgb_route_sheets_20260708/route_sheets/ConstructionObstacleTwoWays/Town12_Rep0_route_002840_route0_01_09_03_49_47/page_000.jpg,AutoMoT/keyframe_filter/collection_output/r2_rgb_route_sheets_20260708/route_sheets/ConstructionObstacleTwoWays/Town12_Rep0_route_002840_route0_01_09_03_49_47,"{""R2"": 47, ""R4"": 69}","{""R-E2"": 28, ""R-E4"": 45, ""U-E2"": 43}"
ConstructionObstacleTwoWays,Town12_Rep0_route_002858_route0_01_09_16_36_53,79,success,79,True,32,0.405063,79,1.0,False,written,AutoMoT/keyframe_filter/collection_output/r2_rgb_route_sheets_20260708/route_sheets/ConstructionObstacleTwoWays/Town12_Rep0_route_002858_route0_01_09_16_36_53/page_000.jpg,AutoMoT/keyframe_filter/collection_output/r2_rgb_route_sheets_20260708/route_sheets/ConstructionObstacleTwoWays/Town12_Rep0_route_002858_route0_01_09_16_36_53,"{""R2"": 32, ""R4"": 47}","{""R-E2"": 28, ""R-E4"": 23, ""U-E2"": 28}"
ConstructionObstacleTwoWays,Town12_Rep0_route_001145_route0_01_10_21_36_43,255,success,255,True,100,0.392157,255,1.0,False,written,AutoMoT/keyframe_filter/collection_output/r2_rgb_route_sheets_20260708/route_sheets/ConstructionObstacleTwoWays/Town12_Rep0_route_001145_route0_01_10_21_36_43/page_000.jpg,AutoMoT/keyframe_filter/collection_output/r2_rgb_route_sheets_20260708/route_sheets/ConstructionObstacleTwoWays/Town12_Rep0_route_001145_route0_01_10_21_36_43,"{""R2"": 100, ""R4"": 155}","{""R-E1"": 18, ""R-E2"": 18, ""R-E4"": 147, ""U-E2"": 72}"
ConstructionObstacleTwoWays,Town12_Rep0_route_001147_route0_01_11_15_29_11,311,success,311,True,121,0.389068,311,1.0,False,written,AutoMoT/keyframe_filter/collection_output/r2_rgb_route_sheets_20260708/route_sheets/ConstructionObstacleTwoWays/Town12_Rep0_route_001147_route0_01_11_15_29_11/page_000.jpg,AutoMoT/keyframe_filter/collection_output/r2_rgb_route_sheets_20260708/route_sheets/ConstructionObstacleTwoWays/Town12_Rep0_route_001147_route0_01_11_15_29_11,"{""R2"": 121, ""R4"": 190}","{""R-E1"": 19, ""R-E2"": 23, ""R-E4"": 186, ""U-E2"": 83}"
ConstructionObstacleTwoWays,Town13_Rep0_route_003013_route0_01_09_11_36_55,222,success,222,True,85,0.382883,222,1.0,False,written,AutoMoT/keyframe_filter/collection_output/r2_rgb_route_sheets_20260708/route_sheets/ConstructionObstacleTwoWays/Town13_Rep0_route_003013_route0_01_09_11_36_55/page_000.jpg,AutoMoT/keyframe_filter/collection_output/r2_rgb_route_sheets_20260708/route_sheets/ConstructionObstacleTwoWays/Town13_Rep0_route_003013_route0_01_09_11_36_55,"{""R2"": 85, ""R4"": 130, ""R5"": 7}","{""R-E1"": 23, ""R-E2"": 14, ""R-E4"": 122, ""R-E5"": 7, ""U-E2"": 56}"
ConstructionObstacleTwoWays,Town13_Rep0_route_003038_route0_01_10_06_40_08,222,success,222,True,85,0.382883,222,1.0,False,written,AutoMoT/keyframe_filter/collection_output/r2_rgb_route_sheets_20260708/route_sheets/ConstructionObstacleTwoWays/Town13_Rep0_route_003038_route0_01_10_06_40_08/page_000.jpg,AutoMoT/keyframe_filter/collection_output/r2_rgb_route_sheets_20260708/route_sheets/ConstructionObstacleTwoWays/Town13_Rep0_route_003038_route0_01_10_06_40_08,"{""R2"": 85, ""R4"": 130, ""R5"": 7}","{""R-E1"": 23, ""R-E2"": 13, ""R-E4"": 122, ""R-E5"": 7, ""U-E2"": 57}"
ConstructionObstacleTwoWays,Town13_Rep0_route_001267_route0_01_10_13_16_26,197,success,197,True,73,0.370558,197,1.0,False,written,AutoMoT/keyframe_filter/collection_output/r2_rgb_route_sheets_20260708/route_sheets/ConstructionObstacleTwoWays/Town13_Rep0_route_001267_route0_01_10_13_16_26/page_000.jpg,AutoMoT/keyframe_filter/collection_output/r2_rgb_route_sheets_20260708/route_sheets/ConstructionObstacleTwoWays/Town13_Rep0_route_001267_route0_01_10_13_16_26,"{""R2"": 73, ""R4"": 124}","{""R-E1"": 64, ""R-E4"": 124, ""U-E2"": 9}"
ConstructionObstacleTwoWays,Town13_Rep0_route_003021_route0_01_08_22_25_47,206,success,206,True,73,0.354369,206,1.0,False,written,AutoMoT/keyframe_filter/collection_output/r2_rgb_route_sheets_20260708/route_sheets/ConstructionObstacleTwoWays/Town13_Rep0_route_003021_route0_01_08_22_25_47/page_000.jpg,AutoMoT/keyframe_filter/collection_output/r2_rgb_route_sheets_20260708/route_sheets/ConstructionObstacleTwoWays/Town13_Rep0_route_003021_route0_01_08_22_25_47,"{""R2"": 73, ""R4"": 122, ""R5"": 11}","{""R-E1"": 29, ""R-E2"": 18, ""R-E4"": 122, ""R-E5"": 11, ""U-E2"": 26}"
ConstructionObstacleTwoWays,Town12_Rep0_route_002833_route0_01_10_03_47_01,131,success,131,True,46,0.351145,131,1.0,False,written,AutoMoT/keyframe_filter/collection_output/r2_rgb_route_sheets_20260708/route_sheets/ConstructionObstacleTwoWays/Town12_Rep0_route_002833_route0_01_10_03_47_01/page_000.jpg,AutoMoT/keyframe_filter/collection_output/r2_rgb_route_sheets_20260708/route_sheets/ConstructionObstacleTwoWays/Town12_Rep0_route_002833_route0_01_10_03_47_01,"{""R2"": 46, ""R4"": 85}","{""R-E2"": 27, ""R-E4"": 61, ""U-E2"": 43}"
ConstructionObstacleTwoWays,Town12_Rep0_route_001146_route0_01_10_09_18_13,311,success,311,True,109,0.350482,311,1.0,False,written,AutoMoT/keyframe_filter/collection_output/r2_rgb_route_sheets_20260708/route_sheets/ConstructionObstacleTwoWays/Town12_Rep0_route_001146_route0_01_10_09_18_13/page_000.jpg,AutoMoT/keyframe_filter/collection_output/r2_rgb_route_sheets_20260708/route_sheets/ConstructionObstacleTwoWays/Town12_Rep0_route_001146_route0_01_10_09_18_13,"{""R2"": 109, ""R4"": 202}","{""R-E1"": 11, ""R-E2"": 19, ""R-E4"": 197, ""U-E2"": 84}"
ConstructionObstacleTwoWays,Town13_Rep0_route_003048_route0_01_08_14_34_47,214,success,214,True,75,0.350467,214,1.0,False,written,AutoMoT/keyframe_filter/collection_output/r2_rgb_route_sheets_20260708/route_sheets/ConstructionObstacleTwoWays/Town13_Rep0_route_003048_route0_01_08_14_34_47/page_000.jpg,AutoMoT/keyframe_filter/collection_output/r2_rgb_route_sheets_20260708/route_sheets/ConstructionObstacleTwoWays/Town13_Rep0_route_003048_route0_01_08_14_34_47,"{""R2"": 75, ""R4"": 131, ""R5"": 8}","{""R-E1"": 30, ""R-E2"": 21, ""R-E4"": 121, ""R-E5"": 8, ""U-E2"": 34}"
ConstructionObstacleTwoWays,Town12_Rep0_route_001168_route0_01_10_03_22_18,246,success,246,True,86,0.349593,246,1.0,False,written,AutoMoT/keyframe_filter/collection_output/r2_rgb_route_sheets_20260708/route_sheets/ConstructionObstacleTwoWays/Town12_Rep0_route_001168_route0_01_10_03_22_18/page_000.jpg,AutoMoT/keyframe_filter/collection_output/r2_rgb_route_sheets_20260708/route_sheets/ConstructionObstacleTwoWays/Town12_Rep0_route_001168_route0_01_10_03_22_18,"{""R2"": 86, ""R4"": 160}","{""R-E1"": 20, ""R-E2"": 19, ""R-E4"": 155, ""U-E2"": 52}"
ConstructionObstacleTwoWays,Town13_Rep0_route_001313_route0_01_10_01_16_09,251,success,251,True,85,0.338645,251,1.0,False,written,AutoMoT/keyframe_filter/collection_output/r2_rgb_route_sheets_20260708/route_sheets/ConstructionObstacleTwoWays/Town13_Rep0_route_001313_route0_01_10_01_16_09/page_000.jpg,AutoMoT/keyframe_filter/collection_output/r2_rgb_route_sheets_20260708/route_sheets/ConstructionObstacleTwoWays/Town13_Rep0_route_001313_route0_01_10_01_16_09,"{""R2"": 85, ""R4"": 166}","{""R-E1"": 1, ""R-E2"": 22, ""R-E4"": 166, ""U-E2"": 62}"
ConstructionObstacleTwoWays,Town13_Rep0_route_003054_route0_01_09_14_40_46,210,success,210,True,71,0.338095,210,1.0,False,written,AutoMoT/keyframe_filter/collection_output/r2_rgb_route_sheets_20260708/route_sheets/ConstructionObstacleTwoWays/Town13_Rep0_route_003054_route0_01_09_14_40_46/page_000.jpg,AutoMoT/keyframe_filter/collection_output/r2_rgb_route_sheets_20260708/route_sheets/ConstructionObstacleTwoWays/Town13_Rep0_route_003054_route0_01_09_14_40_46,"{""R2"": 71, ""R4"": 127, ""R5"": 12}","{""R-E1"": 19, ""R-E2"": 19, ""R-E4"": 127, ""R-E5"": 12, ""U-E2"": 33}"
ConstructionObstacleTwoWays,Town13_Rep0_route_003015_route0_01_08_23_50_59,206,success,206,True,66,0.320388,206,1.0,False,written,AutoMoT/keyframe_filter/collection_output/r2_rgb_route_sheets_20260708/route_sheets/ConstructionObstacleTwoWays/Town13_Rep0_route_003015_route0_01_08_23_50_59/page_000.jpg,AutoMoT/keyframe_filter/collection_output/r2_rgb_route_sheets_20260708/route_sheets/ConstructionObstacleTwoWays/Town13_Rep0_route_003015_route0_01_08_23_50_59,"{""R2"": 66, ""R4"": 127, ""R5"": 13}","{""R-E1"": 18, ""R-E2"": 23, ""R-E4"": 127, ""R-E5"": 13, ""U-E2"": 25}"
ConstructionObstacleTwoWays,Town12_Rep0_route_002700_route0_01_11_08_48_03,224,success,224,True,70,0.3125,224,1.0,False,written,AutoMoT/keyframe_filter/collection_output/r2_rgb_route_sheets_20260708/route_sheets/ConstructionObstacleTwoWays/Town12_Rep0_route_002700_route0_01_11_08_48_03/page_000.jpg,AutoMoT/keyframe_filter/collection_output/r2_rgb_route_sheets_20260708/route_sheets/ConstructionObstacleTwoWays/Town12_Rep0_route_002700_route0_01_11_08_48_03,"{""R2"": 70, ""R4"": 138, ""R5"": 16}","{""R-E1"": 18, ""R-E2"": 14, ""R-E4"": 138, ""R-E5"": 16, ""U-E2"": 38}"
ConstructionObstacleTwoWays,Town12_Rep0_route_002709_route0_01_11_04_37_29,216,success,216,True,63,0.291667,216,1.0,False,written,AutoMoT/keyframe_filter/collection_output/r2_rgb_route_sheets_20260708/route_sheets/ConstructionObstacleTwoWays/Town12_Rep0_route_002709_route0_01_11_04_37_29/page_000.jpg,AutoMoT/keyframe_filter/collection_output/r2_rgb_route_sheets_20260708/route_sheets/ConstructionObstacleTwoWays/Town12_Rep0_route_002709_route0_01_11_04_37_29,"{""R2"": 63, ""R4"": 140, ""R5"": 13}","{""R-E1"": 34, ""R-E2"": 11, ""R-E4"": 140, ""R-E5"": 13, ""U-E2"": 18}"
ConstructionObstacleTwoWays,Town12_Rep0_route_002692_route0_01_09_02_14_42,226,success,226,True,63,0.278761,226,1.0,False,written,AutoMoT/keyframe_filter/collection_output/r2_rgb_route_sheets_20260708/route_sheets/ConstructionObstacleTwoWays/Town12_Rep0_route_002692_route0_01_09_02_14_42/page_000.jpg,AutoMoT/keyframe_filter/collection_output/r2_rgb_route_sheets_20260708/route_sheets/ConstructionObstacleTwoWays/Town12_Rep0_route_002692_route0_01_09_02_14_42,"{""R2"": 63, ""R4"": 150, ""R5"": 13}","{""R-E1"": 8, ""R-E2"": 36, ""R-E4"": 136, ""R-E5"": 9, ""U-E2"": 37}"
ConstructionObstacleTwoWays,Town12_Rep0_route_002702_route0_01_08_22_30_16,273,success,273,True,72,0.263736,273,1.0,False,written,AutoMoT/keyframe_filter/collection_output/r2_rgb_route_sheets_20260708/route_sheets/ConstructionObstacleTwoWays/Town12_Rep0_route_002702_route0_01_08_22_30_16/page_000.jpg,AutoMoT/keyframe_filter/collection_output/r2_rgb_route_sheets_20260708/route_sheets/ConstructionObstacleTwoWays/Town12_Rep0_route_002702_route0_01_08_22_30_16,"{""R2"": 72, ""R4"": 192, ""R5"": 9}","{""R-E1"": 8, ""R-E2"": 12, ""R-E4"": 185, ""R-E5"": 9, ""U-E2"": 59}"
ConstructionObstacleTwoWays,Town12_Rep0_route_002665_route0_01_09_11_43_49,280,success,280,True,73,0.260714,280,1.0,False,written,AutoMoT/keyframe_filter/collection_output/r2_rgb_route_sheets_20260708/route_sheets/ConstructionObstacleTwoWays/Town12_Rep0_route_002665_route0_01_09_11_43_49/page_000.jpg,AutoMoT/keyframe_filter/collection_output/r2_rgb_route_sheets_20260708/route_sheets/ConstructionObstacleTwoWays/Town12_Rep0_route_002665_route0_01_09_11_43_49,"{""R2"": 73, ""R4"": 191, ""R5"": 16}","{""R-E1"": 7, ""R-E2"": 14, ""R-E4"": 182, ""R-E5"": 16, ""U-E2"": 61}"
ConstructionObstacleTwoWays,Town12_Rep0_route_002820_route0_01_10_05_08_01,318,success,318,True,82,0.257862,318,1.0,False,written,AutoMoT/keyframe_filter/collection_output/r2_rgb_route_sheets_20260708/route_sheets/ConstructionObstacleTwoWays/Town12_Rep0_route_002820_route0_01_10_05_08_01/page_000.jpg,AutoMoT/keyframe_filter/collection_output/r2_rgb_route_sheets_20260708/route_sheets/ConstructionObstacleTwoWays/Town12_Rep0_route_002820_route0_01_10_05_08_01,"{""R2"": 82, ""R4"": 227, ""R5"": 9}","{""R-E1"": 6, ""R-E2"": 17, ""R-E4"": 215, ""R-E5"": 9, ""U-E2"": 71}"
ConstructionObstacleTwoWays,Town12_Rep0_route_002707_route0_01_11_02_09_49,284,success,284,True,73,0.257042,284,1.0,False,written,AutoMoT/keyframe_filter/collection_output/r2_rgb_route_sheets_20260708/route_sheets/ConstructionObstacleTwoWays/Town12_Rep0_route_002707_route0_01_11_02_09_49/page_000.jpg,AutoMoT/keyframe_filter/collection_output/r2_rgb_route_sheets_20260708/route_sheets/ConstructionObstacleTwoWays/Town12_Rep0_route_002707_route0_01_11_02_09_49,"{""R2"": 73, ""R4"": 198, ""R5"": 13}","{""R-E1"": 6, ""R-E2"": 20, ""R-E4"": 183, ""R-E5"": 13, ""U-E2"": 62}"
ConstructionObstacleTwoWays,Town12_Rep0_route_002664_route0_01_10_08_49_40,283,success,283,True,72,0.254417,283,1.0,False,written,AutoMoT/keyframe_filter/collection_output/r2_rgb_route_sheets_20260708/route_sheets/ConstructionObstacleTwoWays/Town12_Rep0_route_002664_route0_01_10_08_49_40/page_000.jpg,AutoMoT/keyframe_filter/collection_output/r2_rgb_route_sheets_20260708/route_sheets/ConstructionObstacleTwoWays/Town12_Rep0_route_002664_route0_01_10_08_49_40,"{""R2"": 72, ""R4"": 195, ""R5"": 16}","{""R-E1"": 3, ""R-E2"": 18, ""R-E4"": 182, ""R-E5"": 16, ""U-E2"": 64}"
ConstructionObstacleTwoWays,Town12_Rep0_route_002670_route0_01_08_03_16_12,145,success,145,True,27,0.186207,145,1.0,False,written,AutoMoT/keyframe_filter/collection_output/r2_rgb_route_sheets_20260708/route_sheets/ConstructionObstacleTwoWays/Town12_Rep0_route_002670_route0_01_08_03_16_12/page_000.jpg,AutoMoT/keyframe_filter/collection_output/r2_rgb_route_sheets_20260708/route_sheets/ConstructionObstacleTwoWays/Town12_Rep0_route_002670_route0_01_08_03_16_12,"{""R2"": 27, ""R4"": 100, ""R5"": 18}","{""R-E1"": 16, ""R-E2"": 5, ""R-E4"": 100, ""R-E5"": 18, ""U-E2"": 6}"
HazardAtSideLaneTwoWays,Town12_Rep0_1110_0_route0_01_09_15_45_56,137,success,137,True,137,1.0,137,1.0,False,written,AutoMoT/keyframe_filter/collection_output/r2_rgb_route_sheets_20260708/route_sheets/HazardAtSideLaneTwoWays/Town12_Rep0_1110_0_route0_01_09_15_45_56/page_000.jpg,AutoMoT/keyframe_filter/collection_output/r2_rgb_route_sheets_20260708/route_sheets/HazardAtSideLaneTwoWays/Town12_Rep0_1110_0_route0_01_09_15_45_56,"{""R2"": 137}","{""R-E1"": 108, ""R-E2"": 24, ""U-E2"": 5}"
HazardAtSideLaneTwoWays,Town12_Rep0_1349_0_route0_01_08_02_05_35,129,success,129,True,129,1.0,129,1.0,False,written,AutoMoT/keyframe_filter/collection_output/r2_rgb_route_sheets_20260708/route_sheets/HazardAtSideLaneTwoWays/Town12_Rep0_1349_0_route0_01_08_02_05_35/page_000.jpg,AutoMoT/keyframe_filter/collection_output/r2_rgb_route_sheets_20260708/route_sheets/HazardAtSideLaneTwoWays/Town12_Rep0_1349_0_route0_01_08_02_05_35,"{""R2"": 129}","{""R-E1"": 108, ""R-E2"": 17, ""U-E2"": 4}"
HazardAtSideLaneTwoWays,Town12_Rep0_1469_0_route0_01_10_14_02_40,157,success,157,True,157,1.0,157,1.0,False,written,AutoMoT/keyframe_filter/collection_output/r2_rgb_route_sheets_20260708/route_sheets/HazardAtSideLaneTwoWays/Town12_Rep0_1469_0_route0_01_10_14_02_40/page_000.jpg,AutoMoT/keyframe_filter/collection_output/r2_rgb_route_sheets_20260708/route_sheets/HazardAtSideLaneTwoWays/Town12_Rep0_1469_0_route0_01_10_14_02_40,"{""R2"": 157}","{""R-E1"": 132, ""R-E2"": 16, ""U-E2"": 9}"
HazardAtSideLaneTwoWays,Town12_Rep0_1483_0_route0_01_08_23_44_12,166,success,166,True,166,1.0,166,1.0,False,written,AutoMoT/keyframe_filter/collection_output/r2_rgb_route_sheets_20260708/route_sheets/HazardAtSideLaneTwoWays/Town12_Rep0_1483_0_route0_01_08_23_44_12/page_000.jpg,AutoMoT/keyframe_filter/collection_output/r2_rgb_route_sheets_20260708/route_sheets/HazardAtSideLaneTwoWays/Town12_Rep0_1483_0_route0_01_08_23_44_12,"{""R2"": 166}","{""R-E1"": 139, ""R-E2"": 16, ""U-E2"": 11}"
HazardAtSideLaneTwoWays,Town12_Rep0_1491_0_route0_01_08_11_43_01,147,success,147,True,147,1.0,147,1.0,False,written,AutoMoT/keyframe_filter/collection_output/r2_rgb_route_sheets_20260708/route_sheets/HazardAtSideLaneTwoWays/Town12_Rep0_1491_0_route0_01_08_11_43_01/page_000.jpg,AutoMoT/keyframe_filter/collection_output/r2_rgb_route_sheets_20260708/route_sheets/HazardAtSideLaneTwoWays/Town12_Rep0_1491_0_route0_01_08_11_43_01,"{""R2"": 147}","{""R-E1"": 126, ""R-E2"": 18, ""U-E2"": 3}"
HazardAtSideLaneTwoWays,Town12_Rep0_1497_0_route0_01_10_18_21_39,166,success,166,True,166,1.0,166,1.0,False,written,AutoMoT/keyframe_filter/collection_output/r2_rgb_route_sheets_20260708/route_sheets/HazardAtSideLaneTwoWays/Town12_Rep0_1497_0_route0_01_10_18_21_39/page_000.jpg,AutoMoT/keyframe_filter/collection_output/r2_rgb_route_sheets_20260708/route_sheets/HazardAtSideLaneTwoWays/Town12_Rep0_1497_0_route0_01_10_18_21_39,"{""R2"": 166}","{""R-E1"": 145, ""R-E2"": 16, ""U-E2"": 5}"
HazardAtSideLaneTwoWays,Town12_Rep0_1500_0_route0_01_09_19_36_10,174,success,174,True,174,1.0,174,1.0,False,written,AutoMoT/keyframe_filter/collection_output/r2_rgb_route_sheets_20260708/route_sheets/HazardAtSideLaneTwoWays/Town12_Rep0_1500_0_route0_01_09_19_36_10/page_000.jpg,AutoMoT/keyframe_filter/collection_output/r2_rgb_route_sheets_20260708/route_sheets/HazardAtSideLaneTwoWays/Town12_Rep0_1500_0_route0_01_09_19_36_10,"{""R2"": 174}","{""R-E1"": 147, ""R-E2"": 16, ""U-E2"": 11}"
HazardAtSideLaneTwoWays,Town12_Rep0_1538_0_route0_01_09_01_00_55,121,success,121,True,121,1.0,121,1.0,False,written,AutoMoT/keyframe_filter/collection_output/r2_rgb_route_sheets_20260708/route_sheets/HazardAtSideLaneTwoWays/Town12_Rep0_1538_0_route0_01_09_01_00_55/page_000.jpg,AutoMoT/keyframe_filter/collection_output/r2_rgb_route_sheets_20260708/route_sheets/HazardAtSideLaneTwoWays/Town12_Rep0_1538_0_route0_01_09_01_00_55,"{""R2"": 121}","{""R-E1"": 96, ""R-E2"": 22, ""U-E2"": 3}"
HazardAtSideLaneTwoWays,Town12_Rep0_237_0_route0_01_08_04_30_21,119,success,119,True,119,1.0,119,1.0,False,written,AutoMoT/keyframe_filter/collection_output/r2_rgb_route_sheets_20260708/route_sheets/HazardAtSideLaneTwoWays/Town12_Rep0_237_0_route0_01_08_04_30_21/page_000.jpg,AutoMoT/keyframe_filter/collection_output/r2_rgb_route_sheets_20260708/route_sheets/HazardAtSideLaneTwoWays/Town12_Rep0_237_0_route0_01_08_04_30_21,"{""R2"": 119}","{""R-E1"": 103, ""R-E2"": 16}"
HazardAtSideLaneTwoWays,Town12_Rep0_2833_0_route0_01_09_17_29_58,147,success,147,True,147,1.0,147,1.0,False,written,AutoMoT/keyframe_filter/collection_output/r2_rgb_route_sheets_20260708/route_sheets/HazardAtSideLaneTwoWays/Town12_Rep0_2833_0_route0_01_09_17_29_58/page_000.jpg,AutoMoT/keyframe_filter/collection_output/r2_rgb_route_sheets_20260708/route_sheets/HazardAtSideLaneTwoWays/Town12_Rep0_2833_0_route0_01_09_17_29_58,"{""R2"": 147}","{""R-E1"": 123, ""R-E2"": 16, ""U-E2"": 8}"
HazardAtSideLaneTwoWays,Town12_Rep0_2991_0_route0_01_10_04_37_08,109,success,109,True,109,1.0,109,1.0,False,written,AutoMoT/keyframe_filter/collection_output/r2_rgb_route_sheets_20260708/route_sheets/HazardAtSideLaneTwoWays/Town12_Rep0_2991_0_route0_01_10_04_37_08/page_000.jpg,AutoMoT/keyframe_filter/collection_output/r2_rgb_route_sheets_20260708/route_sheets/HazardAtSideLaneTwoWays/Town12_Rep0_2991_0_route0_01_10_04_37_08,"{""R2"": 109}","{""R-E1"": 86, ""R-E2"": 16, ""U-E2"": 7}"
HazardAtSideLaneTwoWays,Town12_Rep0_3037_0_route0_01_10_20_19_10,146,success,146,True,146,1.0,146,1.0,False,written,AutoMoT/keyframe_filter/collection_output/r2_rgb_route_sheets_20260708/route_sheets/HazardAtSideLaneTwoWays/Town12_Rep0_3037_0_route0_01_10_20_19_10/page_000.jpg,AutoMoT/keyframe_filter/collection_output/r2_rgb_route_sheets_20260708/route_sheets/HazardAtSideLaneTwoWays/Town12_Rep0_3037_0_route0_01_10_20_19_10,"{""R2"": 146}","{""R-E1"": 124, ""R-E2"": 16, ""U-E2"": 6}"
HazardAtSideLaneTwoWays,Town12_Rep0_3618_0_route0_01_11_01_23_10,128,success,128,True,128,1.0,128,1.0,False,written,AutoMoT/keyframe_filter/collection_output/r2_rgb_route_sheets_20260708/route_sheets/HazardAtSideLaneTwoWays/Town12_Rep0_3618_0_route0_01_11_01_23_10/page_000.jpg,AutoMoT/keyframe_filter/collection_output/r2_rgb_route_sheets_20260708/route_sheets/HazardAtSideLaneTwoWays/Town12_Rep0_3618_0_route0_01_11_01_23_10,"{""R2"": 128}","{""R-E1"": 106, ""R-E2"": 16, ""U-E2"": 6}"
HazardAtSideLaneTwoWays,Town12_Rep0_409_0_route0_01_09_14_14_21,154,success,154,True,154,1.0,154,1.0,False,written,AutoMoT/keyframe_filter/collection_output/r2_rgb_route_sheets_20260708/route_sheets/HazardAtSideLaneTwoWays/Town12_Rep0_409_0_route0_01_09_14_14_21/page_000.jpg,AutoMoT/keyframe_filter/collection_output/r2_rgb_route_sheets_20260708/route_sheets/HazardAtSideLaneTwoWays/Town12_Rep0_409_0_route0_01_09_14_14_21,"{""R2"": 154}","{""R-E1"": 134, ""R-E2"": 16, ""U-E2"": 4}"
HazardAtSideLaneTwoWays,Town12_Rep0_442_0_route0_01_08_10_46_50,204,success,204,True,204,1.0,204,1.0,False,written,AutoMoT/keyframe_filter/collection_output/r2_rgb_route_sheets_20260708/route_sheets/HazardAtSideLaneTwoWays/Town12_Rep0_442_0_route0_01_08_10_46_50/page_000.jpg,AutoMoT/keyframe_filter/collection_output/r2_rgb_route_sheets_20260708/route_sheets/HazardAtSideLaneTwoWays/Town12_Rep0_442_0_route0_01_08_10_46_50,"{""R2"": 204}","{""R-E1"": 183, ""R-E2"": 18, ""U-E2"": 3}"
HazardAtSideLaneTwoWays,Town12_Rep0_4545_0_route0_01_09_16_54_53,121,success,121,True,121,1.0,121,1.0,False,written,AutoMoT/keyframe_filter/collection_output/r2_rgb_route_sheets_20260708/route_sheets/HazardAtSideLaneTwoWays/Town12_Rep0_4545_0_route0_01_09_16_54_53/page_000.jpg,AutoMoT/keyframe_filter/collection_output/r2_rgb_route_sheets_20260708/route_sheets/HazardAtSideLaneTwoWays/Town12_Rep0_4545_0_route0_01_09_16_54_53,"{""R2"": 121}","{""R-E1"": 101, ""R-E2"": 16, ""U-E2"": 4}"
HazardAtSideLaneTwoWays,Town12_Rep0_4560_0_route0_01_10_19_27_25,143,success,143,True,143,1.0,143,1.0,False,written,AutoMoT/keyframe_filter/collection_output/r2_rgb_route_sheets_20260708/route_sheets/HazardAtSideLaneTwoWays/Town12_Rep0_4560_0_route0_01_10_19_27_25/page_000.jpg,AutoMoT/keyframe_filter/collection_output/r2_rgb_route_sheets_20260708/route_sheets/HazardAtSideLaneTwoWays/Town12_Rep0_4560_0_route0_01_10_19_27_25,"{""R2"": 143}","{""R-E1"": 117, ""R-E2"": 21, ""U-E2"": 5}"
HazardAtSideLaneTwoWays,Town12_Rep0_467_0_route0_01_10_18_16_11,259,success,259,True,259,1.0,259,1.0,False,written,AutoMoT/keyframe_filter/collection_output/r2_rgb_route_sheets_20260708/route_sheets/HazardAtSideLaneTwoWays/Town12_Rep0_467_0_route0_01_10_18_16_11/page_000.jpg,AutoMoT/keyframe_filter/collection_output/r2_rgb_route_sheets_20260708/route_sheets/HazardAtSideLaneTwoWays/Town12_Rep0_467_0_route0_01_10_18_16_11,"{""R2"": 259}","{""R-E1"": 231, ""R-E2"": 23, ""U-E2"": 5}"
HazardAtSideLaneTwoWays,Town12_Rep0_486_0_route0_01_10_22_29_27,168,success,168,True,168,1.0,168,1.0,False,written,AutoMoT/keyframe_filter/collection_output/r2_rgb_route_sheets_20260708/route_sheets/HazardAtSideLaneTwoWays/Town12_Rep0_486_0_route0_01_10_22_29_27/page_000.jpg,AutoMoT/keyframe_filter/collection_output/r2_rgb_route_sheets_20260708/route_sheets/HazardAtSideLaneTwoWays/Town12_Rep0_486_0_route0_01_10_22_29_27,"{""R2"": 168}","{""R-E1"": 143, ""R-E2"": 20, ""U-E2"": 5}"
HazardAtSideLaneTwoWays,Town13_Rep0_1227_0_route0_01_10_21_55_12,171,success,171,True,171,1.0,171,1.0,False,written,AutoMoT/keyframe_filter/collection_output/r2_rgb_route_sheets_20260708/route_sheets/HazardAtSideLaneTwoWays/Town13_Rep0_1227_0_route0_01_10_21_55_12/page_000.jpg,AutoMoT/keyframe_filter/collection_output/r2_rgb_route_sheets_20260708/route_sheets/HazardAtSideLaneTwoWays/Town13_Rep0_1227_0_route0_01_10_21_55_12,"{""R2"": 171}","{""R-E1"": 147, ""R-E2"": 21, ""U-E2"": 3}"
HazardAtSideLaneTwoWays,Town13_Rep0_1227_1_route0_01_10_10_25_59,172,success,172,True,172,1.0,172,1.0,False,written,AutoMoT/keyframe_filter/collection_output/r2_rgb_route_sheets_20260708/route_sheets/HazardAtSideLaneTwoWays/Town13_Rep0_1227_1_route0_01_10_10_25_59/page_000.jpg,AutoMoT/keyframe_filter/collection_output/r2_rgb_route_sheets_20260708/route_sheets/HazardAtSideLaneTwoWays/Town13_Rep0_1227_1_route0_01_10_10_25_59,"{""R2"": 172}","{""R-E1"": 147, ""R-E2"": 16, ""U-E2"": 9}"
HazardAtSideLaneTwoWays,Town13_Rep0_1227_2_route0_01_10_22_21_06,173,success,173,True,173,1.0,173,1.0,False,written,AutoMoT/keyframe_filter/collection_output/r2_rgb_route_sheets_20260708/route_sheets/HazardAtSideLaneTwoWays/Town13_Rep0_1227_2_route0_01_10_22_21_06/page_000.jpg,AutoMoT/keyframe_filter/collection_output/r2_rgb_route_sheets_20260708/route_sheets/HazardAtSideLaneTwoWays/Town13_Rep0_1227_2_route0_01_10_22_21_06,"{""R2"": 173}","{""R-E1"": 149, ""R-E2"": 19, ""U-E2"": 5}"
HazardAtSideLaneTwoWays,Town13_Rep0_1228_0_route0_01_09_16_59_40,141,success,141,True,141,1.0,141,1.0,False,written,AutoMoT/keyframe_filter/collection_output/r2_rgb_route_sheets_20260708/route_sheets/HazardAtSideLaneTwoWays/Town13_Rep0_1228_0_route0_01_09_16_59_40/page_000.jpg,AutoMoT/keyframe_filter/collection_output/r2_rgb_route_sheets_20260708/route_sheets/HazardAtSideLaneTwoWays/Town13_Rep0_1228_0_route0_01_09_16_59_40,"{""R2"": 141}","{""R-E1"": 119, ""R-E2"": 22}"
HazardAtSideLaneTwoWays,Town13_Rep0_1228_1_route0_01_09_06_43_53,132,success,132,True,132,1.0,132,1.0,False,written,AutoMoT/keyframe_filter/collection_output/r2_rgb_route_sheets_20260708/route_sheets/HazardAtSideLaneTwoWays/Town13_Rep0_1228_1_route0_01_09_06_43_53/page_000.jpg,AutoMoT/keyframe_filter/collection_output/r2_rgb_route_sheets_20260708/route_sheets/HazardAtSideLaneTwoWays/Town13_Rep0_1228_1_route0_01_09_06_43_53,"{""R2"": 132}","{""R-E1"": 108, ""R-E2"": 15, ""U-E2"": 9}"
HazardAtSideLaneTwoWays,Town13_Rep0_1228_2_route0_01_08_22_48_04,135,success,135,True,135,1.0,135,1.0,False,written,AutoMoT/keyframe_filter/collection_output/r2_rgb_route_sheets_20260708/route_sheets/HazardAtSideLaneTwoWays/Town13_Rep0_1228_2_route0_01_08_22_48_04/page_000.jpg,AutoMoT/keyframe_filter/collection_output/r2_rgb_route_sheets_20260708/route_sheets/HazardAtSideLaneTwoWays/Town13_Rep0_1228_2_route0_01_08_22_48_04,"{""R2"": 135}","{""R-E1"": 108, ""R-E2"": 22, ""U-E2"": 5}"
HazardAtSideLaneTwoWays,Town13_Rep0_1293_0_route0_01_10_12_15_32,169,success,169,True,169,1.0,169,1.0,False,written,AutoMoT/keyframe_filter/collection_output/r2_rgb_route_sheets_20260708/route_sheets/HazardAtSideLaneTwoWays/Town13_Rep0_1293_0_route0_01_10_12_15_32/page_000.jpg,AutoMoT/keyframe_filter/collection_output/r2_rgb_route_sheets_20260708/route_sheets/HazardAtSideLaneTwoWays/Town13_Rep0_1293_0_route0_01_10_12_15_32,"{""R2"": 169}","{""R-E1"": 145, ""R-E2"": 16, ""U-E2"": 8}"
HazardAtSideLaneTwoWays,Town13_Rep0_1293_1_route0_01_11_04_17_49,174,success,174,True,174,1.0,174,1.0,False,written,AutoMoT/keyframe_filter/collection_output/r2_rgb_route_sheets_20260708/route_sheets/HazardAtSideLaneTwoWays/Town13_Rep0_1293_1_route0_01_11_04_17_49/page_000.jpg,AutoMoT/keyframe_filter/collection_output/r2_rgb_route_sheets_20260708/route_sheets/HazardAtSideLaneTwoWays/Town13_Rep0_1293_1_route0_01_11_04_17_49,"{""R2"": 174}","{""R-E1"": 150, ""R-E2"": 19, ""U-E2"": 5}"
HazardAtSideLaneTwoWays,Town13_Rep0_1293_2_route0_01_10_14_42_01,173,success,173,True,173,1.0,173,1.0,False,written,AutoMoT/keyframe_filter/collection_output/r2_rgb_route_sheets_20260708/route_sheets/HazardAtSideLaneTwoWays/Town13_Rep0_1293_2_route0_01_10_14_42_01/page_000.jpg,AutoMoT/keyframe_filter/collection_output/r2_rgb_route_sheets_20260708/route_sheets/HazardAtSideLaneTwoWays/Town13_Rep0_1293_2_route0_01_10_14_42_01,"{""R2"": 173}","{""R-E1"": 146, ""R-E2"": 21, ""U-E2"": 6}"
HazardAtSideLaneTwoWays,Town13_Rep0_1302_0_route0_01_11_15_04_10,162,success,162,True,162,1.0,162,1.0,False,written,AutoMoT/keyframe_filter/collection_output/r2_rgb_route_sheets_20260708/route_sheets/HazardAtSideLaneTwoWays/Town13_Rep0_1302_0_route0_01_11_15_04_10/page_000.jpg,AutoMoT/keyframe_filter/collection_output/r2_rgb_route_sheets_20260708/route_sheets/HazardAtSideLaneTwoWays/Town13_Rep0_1302_0_route0_01_11_15_04_10,"{""R2"": 162}","{""R-E1"": 140, ""R-E2"": 18, ""U-E2"": 4}"
HazardAtSideLaneTwoWays,Town13_Rep0_1302_1_route0_01_08_15_46_08,163,success,163,True,163,1.0,163,1.0,False,written,AutoMoT/keyframe_filter/collection_output/r2_rgb_route_sheets_20260708/route_sheets/HazardAtSideLaneTwoWays/Town13_Rep0_1302_1_route0_01_08_15_46_08/page_000.jpg,AutoMoT/keyframe_filter/collection_output/r2_rgb_route_sheets_20260708/route_sheets/HazardAtSideLaneTwoWays/Town13_Rep0_1302_1_route0_01_08_15_46_08,"{""R2"": 163}","{""R-E1"": 143, ""R-E2"": 16, ""U-E2"": 4}"
HazardAtSideLaneTwoWays,Town13_Rep0_1302_2_route0_01_08_21_59_47,164,success,164,True,164,1.0,164,1.0,False,written,AutoMoT/keyframe_filter/collection_output/r2_rgb_route_sheets_20260708/route_sheets/HazardAtSideLaneTwoWays/Town13_Rep0_1302_2_route0_01_08_21_59_47/page_000.jpg,AutoMoT/keyframe_filter/collection_output/r2_rgb_route_sheets_20260708/route_sheets/HazardAtSideLaneTwoWays/Town13_Rep0_1302_2_route0_01_08_21_59_47,"{""R2"": 164}","{""R-E1"": 138, ""R-E2"": 19, ""U-E2"": 7}"
HazardAtSideLaneTwoWays,Town13_Rep0_1366_0_route0_01_09_23_48_33,232,success,232,True,232,1.0,232,1.0,False,written,AutoMoT/keyframe_filter/collection_output/r2_rgb_route_sheets_20260708/route_sheets/HazardAtSideLaneTwoWays/Town13_Rep0_1366_0_route0_01_09_23_48_33/page_000.jpg,AutoMoT/keyframe_filter/collection_output/r2_rgb_route_sheets_20260708/route_sheets/HazardAtSideLaneTwoWays/Town13_Rep0_1366_0_route0_01_09_23_48_33,"{""R2"": 232}","{""R-E1"": 207, ""R-E2"": 19, ""U-E2"": 6}"
HazardAtSideLaneTwoWays,Town13_Rep0_1366_2_route0_01_08_11_18_12,181,success,181,True,181,1.0,181,1.0,False,written,AutoMoT/keyframe_filter/collection_output/r2_rgb_route_sheets_20260708/route_sheets/HazardAtSideLaneTwoWays/Town13_Rep0_1366_2_route0_01_08_11_18_12/page_000.jpg,AutoMoT/keyframe_filter/collection_output/r2_rgb_route_sheets_20260708/route_sheets/HazardAtSideLaneTwoWays/Town13_Rep0_1366_2_route0_01_08_11_18_12,"{""R2"": 181}","{""R-E1"": 158, ""R-E2"": 19, ""U-E2"": 4}"
HazardAtSideLaneTwoWays,Town13_Rep0_1367_0_route0_01_08_08_56_18,229,success,229,True,229,1.0,229,1.0,False,written,AutoMoT/keyframe_filter/collection_output/r2_rgb_route_sheets_20260708/route_sheets/HazardAtSideLaneTwoWays/Town13_Rep0_1367_0_route0_01_08_08_56_18/page_000.jpg,AutoMoT/keyframe_filter/collection_output/r2_rgb_route_sheets_20260708/route_sheets/HazardAtSideLaneTwoWays/Town13_Rep0_1367_0_route0_01_08_08_56_18,"{""R2"": 229}","{""R-E1"": 206, ""R-E2"": 19, ""U-E2"": 4}"
HazardAtSideLaneTwoWays,Town13_Rep0_1367_1_route0_01_10_08_39_12,181,success,181,True,181,1.0,181,1.0,False,written,AutoMoT/keyframe_filter/collection_output/r2_rgb_route_sheets_20260708/route_sheets/HazardAtSideLaneTwoWays/Town13_Rep0_1367_1_route0_01_10_08_39_12/page_000.jpg,AutoMoT/keyframe_filter/collection_output/r2_rgb_route_sheets_20260708/route_sheets/HazardAtSideLaneTwoWays/Town13_Rep0_1367_1_route0_01_10_08_39_12,"{""R2"": 181}","{""R-E1"": 158, ""R-E2"": 19, ""U-E2"": 4}"
HazardAtSideLaneTwoWays,Town13_Rep0_1367_2_route0_01_10_13_44_09,184,success,184,True,184,1.0,184,1.0,False,written,AutoMoT/keyframe_filter/collection_output/r2_rgb_route_sheets_20260708/route_sheets/HazardAtSideLaneTwoWays/Town13_Rep0_1367_2_route0_01_10_13_44_09/page_000.jpg,AutoMoT/keyframe_filter/collection_output/r2_rgb_route_sheets_20260708/route_sheets/HazardAtSideLaneTwoWays/Town13_Rep0_1367_2_route0_01_10_13_44_09,"{""R2"": 184}","{""R-E1"": 160, ""R-E2"": 19, ""U-E2"": 5}"
HazardAtSideLaneTwoWays,Town13_Rep0_1370_0_route0_01_09_12_10_06,201,success,201,True,201,1.0,201,1.0,False,written,AutoMoT/keyframe_filter/collection_output/r2_rgb_route_sheets_20260708/route_sheets/HazardAtSideLaneTwoWays/Town13_Rep0_1370_0_route0_01_09_12_10_06/page_000.jpg,AutoMoT/keyframe_filter/collection_output/r2_rgb_route_sheets_20260708/route_sheets/HazardAtSideLaneTwoWays/Town13_Rep0_1370_0_route0_01_09_12_10_06,"{""R2"": 201}","{""R-E1"": 173, ""R-E2"": 24, ""U-E2"": 4}"
HazardAtSideLaneTwoWays,Town13_Rep0_1370_1_route0_01_08_11_47_40,199,success,199,True,199,1.0,199,1.0,False,written,AutoMoT/keyframe_filter/collection_output/r2_rgb_route_sheets_20260708/route_sheets/HazardAtSideLaneTwoWays/Town13_Rep0_1370_1_route0_01_08_11_47_40/page_000.jpg,AutoMoT/keyframe_filter/collection_output/r2_rgb_route_sheets_20260708/route_sheets/HazardAtSideLaneTwoWays/Town13_Rep0_1370_1_route0_01_08_11_47_40,"{""R2"": 199}","{""R-E1"": 175, ""R-E2"": 19, ""U-E2"": 5}"
HazardAtSideLaneTwoWays,Town13_Rep0_1370_2_route0_01_10_14_20_07,205,success,205,True,205,1.0,205,1.0,False,written,AutoMoT/keyframe_filter/collection_output/r2_rgb_route_sheets_20260708/route_sheets/HazardAtSideLaneTwoWays/Town13_Rep0_1370_2_route0_01_10_14_20_07/page_000.jpg,AutoMoT/keyframe_filter/collection_output/r2_rgb_route_sheets_20260708/route_sheets/HazardAtSideLaneTwoWays/Town13_Rep0_1370_2_route0_01_10_14_20_07,"{""R2"": 205}","{""R-E1"": 183, ""R-E2"": 16, ""U-E2"": 6}"
HazardAtSideLaneTwoWays,Town13_Rep0_1404_1_route0_01_08_20_05_47,148,success,148,True,148,1.0,148,1.0,False,written,AutoMoT/keyframe_filter/collection_output/r2_rgb_route_sheets_20260708/route_sheets/HazardAtSideLaneTwoWays/Town13_Rep0_1404_1_route0_01_08_20_05_47/page_000.jpg,AutoMoT/keyframe_filter/collection_output/r2_rgb_route_sheets_20260708/route_sheets/HazardAtSideLaneTwoWays/Town13_Rep0_1404_1_route0_01_08_20_05_47,"{""R2"": 148}","{""R-E1"": 121, ""R-E2"": 23, ""U-E2"": 4}"
HazardAtSideLaneTwoWays,Town13_Rep0_1440_0_route0_01_10_17_15_44,180,success,180,True,180,1.0,180,1.0,False,written,AutoMoT/keyframe_filter/collection_output/r2_rgb_route_sheets_20260708/route_sheets/HazardAtSideLaneTwoWays/Town13_Rep0_1440_0_route0_01_10_17_15_44/page_000.jpg,AutoMoT/keyframe_filter/collection_output/r2_rgb_route_sheets_20260708/route_sheets/HazardAtSideLaneTwoWays/Town13_Rep0_1440_0_route0_01_10_17_15_44,"{""R2"": 180}","{""R-E1"": 152, ""R-E2"": 22, ""U-E2"": 6}"
HazardAtSideLaneTwoWays,Town13_Rep0_1440_1_route0_01_08_05_54_33,217,success,217,True,217,1.0,217,1.0,False,written,AutoMoT/keyframe_filter/collection_output/r2_rgb_route_sheets_20260708/route_sheets/HazardAtSideLaneTwoWays/Town13_Rep0_1440_1_route0_01_08_05_54_33/page_000.jpg,AutoMoT/keyframe_filter/collection_output/r2_rgb_route_sheets_20260708/route_sheets/HazardAtSideLaneTwoWays/Town13_Rep0_1440_1_route0_01_08_05_54_33,"{""R2"": 217}","{""R-E1"": 195, ""R-E2"": 20, ""U-E2"": 2}"
HazardAtSideLaneTwoWays,Town13_Rep0_1457_0_route0_01_08_04_41_04,160,success,160,True,160,1.0,160,1.0,False,written,AutoMoT/keyframe_filter/collection_output/r2_rgb_route_sheets_20260708/route_sheets/HazardAtSideLaneTwoWays/Town13_Rep0_1457_0_route0_01_08_04_41_04/page_000.jpg,AutoMoT/keyframe_filter/collection_output/r2_rgb_route_sheets_20260708/route_sheets/HazardAtSideLaneTwoWays/Town13_Rep0_1457_0_route0_01_08_04_41_04,"{""R2"": 160}","{""R-E1"": 138, ""R-E2"": 18, ""U-E2"": 4}"
HazardAtSideLaneTwoWays,Town13_Rep0_1457_1_route0_01_09_01_15_27,162,success,162,True,162,1.0,162,1.0,False,written,AutoMoT/keyframe_filter/collection_output/r2_rgb_route_sheets_20260708/route_sheets/HazardAtSideLaneTwoWays/Town13_Rep0_1457_1_route0_01_09_01_15_27/page_000.jpg,AutoMoT/keyframe_filter/collection_output/r2_rgb_route_sheets_20260708/route_sheets/HazardAtSideLaneTwoWays/Town13_Rep0_1457_1_route0_01_09_01_15_27,"{""R2"": 162}","{""R-E1"": 142, ""R-E2"": 16, ""U-E2"": 4}"
HazardAtSideLaneTwoWays,Town13_Rep0_1466_0_route0_01_08_20_24_38,168,success,168,True,168,1.0,168,1.0,False,written,AutoMoT/keyframe_filter/collection_output/r2_rgb_route_sheets_20260708/route_sheets/HazardAtSideLaneTwoWays/Town13_Rep0_1466_0_route0_01_08_20_24_38/page_000.jpg,AutoMoT/keyframe_filter/collection_output/r2_rgb_route_sheets_20260708/route_sheets/HazardAtSideLaneTwoWays/Town13_Rep0_1466_0_route0_01_08_20_24_38,"{""R2"": 168}","{""R-E1"": 145, ""R-E2"": 16, ""U-E2"": 7}"
HazardAtSideLaneTwoWays,Town13_Rep0_1466_1_route0_01_09_17_21_47,167,success,167,True,167,1.0,167,1.0,False,written,AutoMoT/keyframe_filter/collection_output/r2_rgb_route_sheets_20260708/route_sheets/HazardAtSideLaneTwoWays/Town13_Rep0_1466_1_route0_01_09_17_21_47/page_000.jpg,AutoMoT/keyframe_filter/collection_output/r2_rgb_route_sheets_20260708/route_sheets/HazardAtSideLaneTwoWays/Town13_Rep0_1466_1_route0_01_09_17_21_47,"{""R2"": 167}","{""R-E1"": 146, ""R-E2"": 16, ""U-E2"": 5}"
HazardAtSideLaneTwoWays,Town13_Rep0_1475_0_route0_01_11_01_52_16,173,success,173,True,173,1.0,173,1.0,False,written,AutoMoT/keyframe_filter/collection_output/r2_rgb_route_sheets_20260708/route_sheets/HazardAtSideLaneTwoWays/Town13_Rep0_1475_0_route0_01_11_01_52_16/page_000.jpg,AutoMoT/keyframe_filter/collection_output/r2_rgb_route_sheets_20260708/route_sheets/HazardAtSideLaneTwoWays/Town13_Rep0_1475_0_route0_01_11_01_52_16,"{""R2"": 173}","{""R-E1"": 150, ""R-E2"": 16, ""U-E2"": 7}"
HazardAtSideLaneTwoWays,Town13_Rep0_1475_1_route0_01_08_22_30_14,201,success,201,True,201,1.0,201,1.0,False,written,AutoMoT/keyframe_filter/collection_output/r2_rgb_route_sheets_20260708/route_sheets/HazardAtSideLaneTwoWays/Town13_Rep0_1475_1_route0_01_08_22_30_14/page_000.jpg,AutoMoT/keyframe_filter/collection_output/r2_rgb_route_sheets_20260708/route_sheets/HazardAtSideLaneTwoWays/Town13_Rep0_1475_1_route0_01_08_22_30_14,"{""R2"": 201}","{""R-E1"": 180, ""R-E2"": 16, ""U-E2"": 5}"
HazardAtSideLaneTwoWays,Town13_Rep0_1542_0_route0_01_08_21_08_50,129,success,129,True,129,1.0,129,1.0,False,written,AutoMoT/keyframe_filter/collection_output/r2_rgb_route_sheets_20260708/route_sheets/HazardAtSideLaneTwoWays/Town13_Rep0_1542_0_route0_01_08_21_08_50/page_000.jpg,AutoMoT/keyframe_filter/collection_output/r2_rgb_route_sheets_20260708/route_sheets/HazardAtSideLaneTwoWays/Town13_Rep0_1542_0_route0_01_08_21_08_50,"{""R2"": 129}","{""R-E1"": 107, ""R-E2"": 18, ""U-E2"": 4}"
HazardAtSideLaneTwoWays,Town13_Rep0_1542_1_route0_01_09_05_37_05,119,success,119,True,119,1.0,119,1.0,False,written,AutoMoT/keyframe_filter/collection_output/r2_rgb_route_sheets_20260708/route_sheets/HazardAtSideLaneTwoWays/Town13_Rep0_1542_1_route0_01_09_05_37_05/page_000.jpg,AutoMoT/keyframe_filter/collection_output/r2_rgb_route_sheets_20260708/route_sheets/HazardAtSideLaneTwoWays/Town13_Rep0_1542_1_route0_01_09_05_37_05,"{""R2"": 119}","{""R-E1"": 96, ""R-E2"": 14, ""U-E2"": 9}"
HazardAtSideLaneTwoWays,Town13_Rep0_1546_0_route0_01_10_15_28_31,175,success,175,True,175,1.0,175,1.0,False,written,AutoMoT/keyframe_filter/collection_output/r2_rgb_route_sheets_20260708/route_sheets/HazardAtSideLaneTwoWays/Town13_Rep0_1546_0_route0_01_10_15_28_31/page_000.jpg,AutoMoT/keyframe_filter/collection_output/r2_rgb_route_sheets_20260708/route_sheets/HazardAtSideLaneTwoWays/Town13_Rep0_1546_0_route0_01_10_15_28_31,"{""R2"": 175}","{""R-E1"": 155, ""R-E2"": 16, ""U-E2"": 4}"
HazardAtSideLaneTwoWays,Town13_Rep0_1546_1_route0_01_08_17_01_29,173,success,173,True,173,1.0,173,1.0,False,written,AutoMoT/keyframe_filter/collection_output/r2_rgb_route_sheets_20260708/route_sheets/HazardAtSideLaneTwoWays/Town13_Rep0_1546_1_route0_01_08_17_01_29/page_000.jpg,AutoMoT/keyframe_filter/collection_output/r2_rgb_route_sheets_20260708/route_sheets/HazardAtSideLaneTwoWays/Town13_Rep0_1546_1_route0_01_08_17_01_29,"{""R2"": 173}","{""R-E1"": 148, ""R-E2"": 16, ""U-E2"": 9}"
HazardAtSideLaneTwoWays,Town13_Rep0_1659_0_route0_01_08_20_38_15,143,success,143,True,143,1.0,143,1.0,False,written,AutoMoT/keyframe_filter/collection_output/r2_rgb_route_sheets_20260708/route_sheets/HazardAtSideLaneTwoWays/Town13_Rep0_1659_0_route0_01_08_20_38_15/page_000.jpg,AutoMoT/keyframe_filter/collection_output/r2_rgb_route_sheets_20260708/route_sheets/HazardAtSideLaneTwoWays/Town13_Rep0_1659_0_route0_01_08_20_38_15,"{""R2"": 143}","{""R-E1"": 120, ""R-E2"": 20, ""U-E2"": 3}"
HazardAtSideLaneTwoWays,Town13_Rep0_1659_1_route0_01_08_08_35_22,153,success,153,True,153,1.0,153,1.0,False,written,AutoMoT/keyframe_filter/collection_output/r2_rgb_route_sheets_20260708/route_sheets/HazardAtSideLaneTwoWays/Town13_Rep0_1659_1_route0_01_08_08_35_22/page_000.jpg,AutoMoT/keyframe_filter/collection_output/r2_rgb_route_sheets_20260708/route_sheets/HazardAtSideLaneTwoWays/Town13_Rep0_1659_1_route0_01_08_08_35_22,"{""R2"": 153}","{""R-E1"": 130, ""R-E2"": 19, ""U-E2"": 4}"
HazardAtSideLaneTwoWays,Town12_Rep0_458_0_route0_01_08_05_52_33,150,success,150,True,150,1.0,123,0.82,False,written,AutoMoT/keyframe_filter/collection_output/r2_rgb_route_sheets_20260708/route_sheets/HazardAtSideLaneTwoWays/Town12_Rep0_458_0_route0_01_08_05_52_33/page_000.jpg,AutoMoT/keyframe_filter/collection_output/r2_rgb_route_sheets_20260708/route_sheets/HazardAtSideLaneTwoWays/Town12_Rep0_458_0_route0_01_08_05_52_33,"{""R2"": 150}","{""R-E1"": 129, ""R-E2"": 16, ""U-E2"": 5}"
HazardAtSideLaneTwoWays,Town13_Rep0_1552_1_route0_01_10_05_22_17,167,success,167,True,167,1.0,135,0.8084,False,written,AutoMoT/keyframe_filter/collection_output/r2_rgb_route_sheets_20260708/route_sheets/HazardAtSideLaneTwoWays/Town13_Rep0_1552_1_route0_01_10_05_22_17/page_000.jpg,AutoMoT/keyframe_filter/collection_output/r2_rgb_route_sheets_20260708/route_sheets/HazardAtSideLaneTwoWays/Town13_Rep0_1552_1_route0_01_10_05_22_17,"{""R2"": 167}","{""R-E1"": 147, ""R-E2"": 16, ""U-E2"": 4}"
HazardAtSideLaneTwoWays,Town13_Rep0_1552_0_route0_01_09_15_48_47,166,success,166,True,166,1.0,132,0.7952,False,written,AutoMoT/keyframe_filter/collection_output/r2_rgb_route_sheets_20260708/route_sheets/HazardAtSideLaneTwoWays/Town13_Rep0_1552_0_route0_01_09_15_48_47/page_000.jpg,AutoMoT/keyframe_filter/collection_output/r2_rgb_route_sheets_20260708/route_sheets/HazardAtSideLaneTwoWays/Town13_Rep0_1552_0_route0_01_09_15_48_47,"{""R2"": 166}","{""R-E1"": 141, ""R-E2"": 16, ""U-E2"": 9}"
HazardAtSideLaneTwoWays,Town12_Rep0_3514_0_route0_01_09_13_45_45,189,success,189,True,183,0.968254,168,0.8889,False,written,AutoMoT/keyframe_filter/collection_output/r2_rgb_route_sheets_20260708/route_sheets/HazardAtSideLaneTwoWays/Town12_Rep0_3514_0_route0_01_09_13_45_45/page_000.jpg,AutoMoT/keyframe_filter/collection_output/r2_rgb_route_sheets_20260708/route_sheets/HazardAtSideLaneTwoWays/Town12_Rep0_3514_0_route0_01_09_13_45_45,"{""R2"": 183, ""R5"": 6}","{""R-E1"": 160, ""R-E2"": 16, ""R-E5"": 6, ""U-E2"": 7}"
HazardAtSideLaneTwoWays,Town13_Rep0_1305_1_route0_01_08_21_02_12,198,success,198,True,185,0.934343,198,1.0,False,written,AutoMoT/keyframe_filter/collection_output/r2_rgb_route_sheets_20260708/route_sheets/HazardAtSideLaneTwoWays/Town13_Rep0_1305_1_route0_01_08_21_02_12/page_000.jpg,AutoMoT/keyframe_filter/collection_output/r2_rgb_route_sheets_20260708/route_sheets/HazardAtSideLaneTwoWays/Town13_Rep0_1305_1_route0_01_08_21_02_12,"{""R2"": 185, ""R5"": 13}","{""R-E1"": 162, ""R-E2"": 16, ""R-E5"": 13, ""U-E2"": 7}"
HazardAtSideLaneTwoWays,Town13_Rep0_1305_2_route0_01_10_05_00_45,200,success,200,True,186,0.93,200,1.0,False,written,AutoMoT/keyframe_filter/collection_output/r2_rgb_route_sheets_20260708/route_sheets/HazardAtSideLaneTwoWays/Town13_Rep0_1305_2_route0_01_10_05_00_45/page_000.jpg,AutoMoT/keyframe_filter/collection_output/r2_rgb_route_sheets_20260708/route_sheets/HazardAtSideLaneTwoWays/Town13_Rep0_1305_2_route0_01_10_05_00_45,"{""R2"": 186, ""R5"": 14}","{""R-E1"": 162, ""R-E2"": 24, ""R-E5"": 14}"
HazardAtSideLaneTwoWays,Town13_Rep0_1305_0_route0_01_08_20_07_42,200,success,200,True,185,0.925,200,1.0,False,written,AutoMoT/keyframe_filter/collection_output/r2_rgb_route_sheets_20260708/route_sheets/HazardAtSideLaneTwoWays/Town13_Rep0_1305_0_route0_01_08_20_07_42/page_000.jpg,AutoMoT/keyframe_filter/collection_output/r2_rgb_route_sheets_20260708/route_sheets/HazardAtSideLaneTwoWays/Town13_Rep0_1305_0_route0_01_08_20_07_42,"{""R2"": 185, ""R5"": 15}","{""R-E1"": 160, ""R-E2"": 25, ""R-E5"": 15}"
HazardAtSideLaneTwoWays,Town12_Rep0_3068_0_route0_01_10_05_11_16,151,success,151,True,138,0.913907,151,1.0,False,written,AutoMoT/keyframe_filter/collection_output/r2_rgb_route_sheets_20260708/route_sheets/HazardAtSideLaneTwoWays/Town12_Rep0_3068_0_route0_01_10_05_11_16/page_000.jpg,AutoMoT/keyframe_filter/collection_output/r2_rgb_route_sheets_20260708/route_sheets/HazardAtSideLaneTwoWays/Town12_Rep0_3068_0_route0_01_10_05_11_16,"{""R2"": 138, ""R5"": 13}","{""R-E1"": 116, ""R-E2"": 22, ""R-E5"": 13}"
HazardAtSideLaneTwoWays,Town13_Rep0_1444_1_route0_01_10_23_59_45,168,success,168,True,150,0.892857,168,1.0,False,written,AutoMoT/keyframe_filter/collection_output/r2_rgb_route_sheets_20260708/route_sheets/HazardAtSideLaneTwoWays/Town13_Rep0_1444_1_route0_01_10_23_59_45/page_000.jpg,AutoMoT/keyframe_filter/collection_output/r2_rgb_route_sheets_20260708/route_sheets/HazardAtSideLaneTwoWays/Town13_Rep0_1444_1_route0_01_10_23_59_45,"{""R2"": 150, ""R5"": 18}","{""R-E1"": 127, ""R-E2"": 16, ""R-E5"": 18, ""U-E2"": 7}"
HazardAtSideLaneTwoWays,Town13_Rep0_1444_0_route0_01_09_19_11_30,167,success,167,True,149,0.892216,167,1.0,False,written,AutoMoT/keyframe_filter/collection_output/r2_rgb_route_sheets_20260708/route_sheets/HazardAtSideLaneTwoWays/Town13_Rep0_1444_0_route0_01_09_19_11_30/page_000.jpg,AutoMoT/keyframe_filter/collection_output/r2_rgb_route_sheets_20260708/route_sheets/HazardAtSideLaneTwoWays/Town13_Rep0_1444_0_route0_01_09_19_11_30,"{""R2"": 149, ""R5"": 18}","{""R-E1"": 126, ""R-E2"": 16, ""R-E5"": 18, ""U-E2"": 7}"
HazardAtSideLaneTwoWays,Town12_Rep0_2986_0_route0_01_11_00_37_04,143,success,143,True,125,0.874126,143,1.0,False,written,AutoMoT/keyframe_filter/collection_output/r2_rgb_route_sheets_20260708/route_sheets/HazardAtSideLaneTwoWays/Town12_Rep0_2986_0_route0_01_11_00_37_04/page_000.jpg,AutoMoT/keyframe_filter/collection_output/r2_rgb_route_sheets_20260708/route_sheets/HazardAtSideLaneTwoWays/Town12_Rep0_2986_0_route0_01_11_00_37_04,"{""R2"": 125, ""R5"": 18}","{""R-E1"": 103, ""R-E2"": 16, ""R-E5"": 18, ""U-E2"": 6}"
HazardAtSideLaneTwoWays,Town12_Rep0_1934_0_route0_01_09_19_59_49,135,success,135,True,118,0.874074,135,1.0,False,written,AutoMoT/keyframe_filter/collection_output/r2_rgb_route_sheets_20260708/route_sheets/HazardAtSideLaneTwoWays/Town12_Rep0_1934_0_route0_01_09_19_59_49/page_000.jpg,AutoMoT/keyframe_filter/collection_output/r2_rgb_route_sheets_20260708/route_sheets/HazardAtSideLaneTwoWays/Town12_Rep0_1934_0_route0_01_09_19_59_49,"{""R2"": 118, ""R5"": 17}","{""R-E1"": 96, ""R-E2"": 19, ""R-E5"": 17, ""U-E2"": 3}"
HazardAtSideLaneTwoWays,Town12_Rep0_325_0_route0_01_10_03_51_59,133,success,133,True,116,0.87218,133,1.0,False,written,AutoMoT/keyframe_filter/collection_output/r2_rgb_route_sheets_20260708/route_sheets/HazardAtSideLaneTwoWays/Town12_Rep0_325_0_route0_01_10_03_51_59/page_000.jpg,AutoMoT/keyframe_filter/collection_output/r2_rgb_route_sheets_20260708/route_sheets/HazardAtSideLaneTwoWays/Town12_Rep0_325_0_route0_01_10_03_51_59,"{""R2"": 116, ""R5"": 17}","{""R-E1"": 94, ""R-E2"": 16, ""R-E5"": 17, ""U-E2"": 6}"
HazardAtSideLaneTwoWays,Town12_Rep0_4463_0_route0_01_10_11_33_02,128,success,128,True,111,0.867188,128,1.0,False,written,AutoMoT/keyframe_filter/collection_output/r2_rgb_route_sheets_20260708/route_sheets/HazardAtSideLaneTwoWays/Town12_Rep0_4463_0_route0_01_10_11_33_02/page_000.jpg,AutoMoT/keyframe_filter/collection_output/r2_rgb_route_sheets_20260708/route_sheets/HazardAtSideLaneTwoWays/Town12_Rep0_4463_0_route0_01_10_11_33_02,"{""R2"": 111, ""R5"": 17}","{""R-E1"": 88, ""R-E2"": 23, ""R-E5"": 17}"
HazardAtSideLaneTwoWays,Town12_Rep0_1871_0_route0_01_09_17_08_51,140,success,140,True,121,0.864286,140,1.0,False,written,AutoMoT/keyframe_filter/collection_output/r2_rgb_route_sheets_20260708/route_sheets/HazardAtSideLaneTwoWays/Town12_Rep0_1871_0_route0_01_09_17_08_51/page_000.jpg,AutoMoT/keyframe_filter/collection_output/r2_rgb_route_sheets_20260708/route_sheets/HazardAtSideLaneTwoWays/Town12_Rep0_1871_0_route0_01_09_17_08_51,"{""R2"": 121, ""R5"": 19}","{""R-E1"": 98, ""R-E2"": 16, ""R-E5"": 19, ""U-E2"": 7}"
HazardAtSideLaneTwoWays,Town12_Rep0_4615_0_route0_01_09_03_43_40,130,success,130,True,111,0.853846,130,1.0,False,written,AutoMoT/keyframe_filter/collection_output/r2_rgb_route_sheets_20260708/route_sheets/HazardAtSideLaneTwoWays/Town12_Rep0_4615_0_route0_01_09_03_43_40/page_000.jpg,AutoMoT/keyframe_filter/collection_output/r2_rgb_route_sheets_20260708/route_sheets/HazardAtSideLaneTwoWays/Town12_Rep0_4615_0_route0_01_09_03_43_40,"{""R2"": 111, ""R5"": 19}","{""R-E1"": 90, ""R-E2"": 21, ""R-E5"": 19}"
HazardAtSideLaneTwoWays,Town12_Rep0_1643_0_route0_01_11_03_23_58,118,success,118,True,98,0.830508,118,1.0,False,written,AutoMoT/keyframe_filter/collection_output/r2_rgb_route_sheets_20260708/route_sheets/HazardAtSideLaneTwoWays/Town12_Rep0_1643_0_route0_01_11_03_23_58/page_000.jpg,AutoMoT/keyframe_filter/collection_output/r2_rgb_route_sheets_20260708/route_sheets/HazardAtSideLaneTwoWays/Town12_Rep0_1643_0_route0_01_11_03_23_58,"{""R2"": 98, ""R5"": 20}","{""R-E1"": 76, ""R-E2"": 22, ""R-E5"": 20}"
HazardAtSideLaneTwoWays,Town12_Rep0_4308_0_route0_01_10_02_50_06,116,success,116,True,96,0.827586,116,1.0,False,written,AutoMoT/keyframe_filter/collection_output/r2_rgb_route_sheets_20260708/route_sheets/HazardAtSideLaneTwoWays/Town12_Rep0_4308_0_route0_01_10_02_50_06/page_000.jpg,AutoMoT/keyframe_filter/collection_output/r2_rgb_route_sheets_20260708/route_sheets/HazardAtSideLaneTwoWays/Town12_Rep0_4308_0_route0_01_10_02_50_06,"{""R2"": 96, ""R5"": 20}","{""R-E1"": 74, ""R-E2"": 20, ""R-E5"": 20, ""U-E2"": 2}"
HazardAtSideLaneTwoWays,Town12_Rep0_886_0_route0_01_09_11_32_45,187,success,187,True,143,0.764706,187,1.0,False,written,AutoMoT/keyframe_filter/collection_output/r2_rgb_route_sheets_20260708/route_sheets/HazardAtSideLaneTwoWays/Town12_Rep0_886_0_route0_01_09_11_32_45/page_000.jpg,AutoMoT/keyframe_filter/collection_output/r2_rgb_route_sheets_20260708/route_sheets/HazardAtSideLaneTwoWays/Town12_Rep0_886_0_route0_01_09_11_32_45,"{""R2"": 143, ""R5"": 44}","{""R-E1"": 119, ""R-E2"": 24, ""R-E5"": 44}"
HazardAtSideLaneTwoWays,Town12_Rep0_377_0_route0_01_08_02_35_03,140,success,140,True,102,0.728571,140,1.0,False,written,AutoMoT/keyframe_filter/collection_output/r2_rgb_route_sheets_20260708/route_sheets/HazardAtSideLaneTwoWays/Town12_Rep0_377_0_route0_01_08_02_35_03/page_000.jpg,AutoMoT/keyframe_filter/collection_output/r2_rgb_route_sheets_20260708/route_sheets/HazardAtSideLaneTwoWays/Town12_Rep0_377_0_route0_01_08_02_35_03,"{""R2"": 102, ""R5"": 38}","{""R-E1"": 80, ""R-E2"": 19, ""R-E5"": 38, ""U-E2"": 3}"
HazardAtSideLaneTwoWays,Town12_Rep0_2735_0_route0_01_11_04_12_01,136,success,136,True,88,0.647059,136,1.0,False,written,AutoMoT/keyframe_filter/collection_output/r2_rgb_route_sheets_20260708/route_sheets/HazardAtSideLaneTwoWays/Town12_Rep0_2735_0_route0_01_11_04_12_01/page_000.jpg,AutoMoT/keyframe_filter/collection_output/r2_rgb_route_sheets_20260708/route_sheets/HazardAtSideLaneTwoWays/Town12_Rep0_2735_0_route0_01_11_04_12_01,"{""R2"": 88, ""R5"": 48}","{""R-E1"": 72, ""R-E2"": 16, ""R-E5"": 48}"
HazardAtSideLaneTwoWays,Town12_Rep0_1882_0_route0_01_08_13_39_59,182,success,182,True,110,0.604396,182,1.0,False,written,AutoMoT/keyframe_filter/collection_output/r2_rgb_route_sheets_20260708/route_sheets/HazardAtSideLaneTwoWays/Town12_Rep0_1882_0_route0_01_08_13_39_59/page_000.jpg,AutoMoT/keyframe_filter/collection_output/r2_rgb_route_sheets_20260708/route_sheets/HazardAtSideLaneTwoWays/Town12_Rep0_1882_0_route0_01_08_13_39_59,"{""R2"": 110, ""R5"": 72}","{""R-E1"": 81, ""R-E2"": 22, ""R-E5"": 72, ""U-E2"": 7}"
HazardAtSideLaneTwoWays,Town12_Rep0_290_0_route0_01_10_21_06_01,177,success,177,True,106,0.59887,177,1.0,False,written,AutoMoT/keyframe_filter/collection_output/r2_rgb_route_sheets_20260708/route_sheets/HazardAtSideLaneTwoWays/Town12_Rep0_290_0_route0_01_10_21_06_01/page_000.jpg,AutoMoT/keyframe_filter/collection_output/r2_rgb_route_sheets_20260708/route_sheets/HazardAtSideLaneTwoWays/Town12_Rep0_290_0_route0_01_10_21_06_01,"{""R2"": 106, ""R5"": 71}","{""R-E1"": 82, ""R-E2"": 15, ""R-E5"": 71, ""U-E2"": 9}"
HazardAtSideLaneTwoWays,Town12_Rep0_3067_0_route0_01_08_09_42_12,149,success,149,True,87,0.583893,149,1.0,False,written,AutoMoT/keyframe_filter/collection_output/r2_rgb_route_sheets_20260708/route_sheets/HazardAtSideLaneTwoWays/Town12_Rep0_3067_0_route0_01_08_09_42_12/page_000.jpg,AutoMoT/keyframe_filter/collection_output/r2_rgb_route_sheets_20260708/route_sheets/HazardAtSideLaneTwoWays/Town12_Rep0_3067_0_route0_01_08_09_42_12,"{""R2"": 87, ""R5"": 62}","{""R-E1"": 65, ""R-E2"": 13, ""R-E5"": 62, ""U-E2"": 9}"
HazardAtSideLaneTwoWays,Town12_Rep0_1364_0_route0_01_10_16_51_15,161,success,161,True,90,0.559006,83,0.5155,False,written,AutoMoT/keyframe_filter/collection_output/r2_rgb_route_sheets_20260708/route_sheets/HazardAtSideLaneTwoWays/Town12_Rep0_1364_0_route0_01_10_16_51_15/page_000.jpg,AutoMoT/keyframe_filter/collection_output/r2_rgb_route_sheets_20260708/route_sheets/HazardAtSideLaneTwoWays/Town12_Rep0_1364_0_route0_01_10_16_51_15,"{""R2"": 90, ""R4"": 46, ""R5"": 25}","{""R-E1"": 71, ""R-E2"": 15, ""R-E4"": 36, ""R-E5"": 25, ""U-E2"": 14}"
HazardAtSideLaneTwoWays,Town12_Rep0_316_0_route0_01_10_18_27_38,130,success,130,True,72,0.553846,130,1.0,False,written,AutoMoT/keyframe_filter/collection_output/r2_rgb_route_sheets_20260708/route_sheets/HazardAtSideLaneTwoWays/Town12_Rep0_316_0_route0_01_10_18_27_38/page_000.jpg,AutoMoT/keyframe_filter/collection_output/r2_rgb_route_sheets_20260708/route_sheets/HazardAtSideLaneTwoWays/Town12_Rep0_316_0_route0_01_10_18_27_38,"{""R2"": 72, ""R5"": 58}","{""R-E1"": 49, ""R-E2"": 16, ""R-E5"": 58, ""U-E2"": 7}"
HazardAtSideLaneTwoWays,Town12_Rep0_299_0_route0_01_11_01_52_51,194,success,194,True,94,0.484536,194,1.0,False,written,AutoMoT/keyframe_filter/collection_output/r2_rgb_route_sheets_20260708/route_sheets/HazardAtSideLaneTwoWays/Town12_Rep0_299_0_route0_01_11_01_52_51/page_000.jpg,AutoMoT/keyframe_filter/collection_output/r2_rgb_route_sheets_20260708/route_sheets/HazardAtSideLaneTwoWays/Town12_Rep0_299_0_route0_01_11_01_52_51,"{""R2"": 94, ""R5"": 100}","{""R-E1"": 67, ""R-E2"": 20, ""R-E5"": 100, ""U-E2"": 7}"
HazardAtSideLaneTwoWays,Town12_Rep0_1067_0_route0_01_10_00_13_56,242,success,242,True,112,0.46281,242,1.0,False,written,AutoMoT/keyframe_filter/collection_output/r2_rgb_route_sheets_20260708/route_sheets/HazardAtSideLaneTwoWays/Town12_Rep0_1067_0_route0_01_10_00_13_56/page_000.jpg,AutoMoT/keyframe_filter/collection_output/r2_rgb_route_sheets_20260708/route_sheets/HazardAtSideLaneTwoWays/Town12_Rep0_1067_0_route0_01_10_00_13_56,"{""R2"": 112, ""R4"": 124, ""R5"": 6}","{""R-E1"": 89, ""R-E2"": 16, ""R-E4"": 124, ""R-E5"": 6, ""U-E2"": 7}"
HazardAtSideLaneTwoWays,Town12_Rep0_2322_0_route0_01_10_12_36_20,222,success,222,True,93,0.418919,222,1.0,False,written,AutoMoT/keyframe_filter/collection_output/r2_rgb_route_sheets_20260708/route_sheets/HazardAtSideLaneTwoWays/Town12_Rep0_2322_0_route0_01_10_12_36_20/page_000.jpg,AutoMoT/keyframe_filter/collection_output/r2_rgb_route_sheets_20260708/route_sheets/HazardAtSideLaneTwoWays/Town12_Rep0_2322_0_route0_01_10_12_36_20,"{""R2"": 93, ""R4"": 123, ""R5"": 6}","{""R-E1"": 80, ""R-E2"": 13, ""R-E4"": 123, ""R-E5"": 6}"
HazardAtSideLaneTwoWays,Town12_Rep0_2927_0_route0_01_09_17_24_50,213,success,213,True,87,0.408451,213,1.0,False,written,AutoMoT/keyframe_filter/collection_output/r2_rgb_route_sheets_20260708/route_sheets/HazardAtSideLaneTwoWays/Town12_Rep0_2927_0_route0_01_09_17_24_50/page_000.jpg,AutoMoT/keyframe_filter/collection_output/r2_rgb_route_sheets_20260708/route_sheets/HazardAtSideLaneTwoWays/Town12_Rep0_2927_0_route0_01_09_17_24_50,"{""R2"": 87, ""R4"": 120, ""R5"": 6}","{""R-E1"": 78, ""R-E2"": 9, ""R-E4"": 120, ""R-E5"": 6}"
HazardAtSideLaneTwoWays,Town12_Rep0_4259_0_route0_01_08_20_22_18,218,success,218,True,87,0.399083,218,1.0,False,written,AutoMoT/keyframe_filter/collection_output/r2_rgb_route_sheets_20260708/route_sheets/HazardAtSideLaneTwoWays/Town12_Rep0_4259_0_route0_01_08_20_22_18/page_000.jpg,AutoMoT/keyframe_filter/collection_output/r2_rgb_route_sheets_20260708/route_sheets/HazardAtSideLaneTwoWays/Town12_Rep0_4259_0_route0_01_08_20_22_18,"{""R2"": 87, ""R4"": 108, ""R5"": 23}","{""R-E1"": 69, ""R-E2"": 18, ""R-E4"": 108, ""R-E5"": 23}"
HazardAtSideLaneTwoWays,Town12_Rep0_280_0_route0_01_08_02_39_41,269,success,269,True,106,0.394052,269,1.0,False,written,AutoMoT/keyframe_filter/collection_output/r2_rgb_route_sheets_20260708/route_sheets/HazardAtSideLaneTwoWays/Town12_Rep0_280_0_route0_01_08_02_39_41/page_000.jpg,AutoMoT/keyframe_filter/collection_output/r2_rgb_route_sheets_20260708/route_sheets/HazardAtSideLaneTwoWays/Town12_Rep0_280_0_route0_01_08_02_39_41,"{""R2"": 106, ""R5"": 163}","{""R-E1"": 83, ""R-E2"": 16, ""R-E5"": 163, ""U-E2"": 7}"
HazardAtSideLaneTwoWays,Town12_Rep0_2137_0_route0_01_10_19_29_43,284,success,284,True,90,0.316901,284,1.0,False,written,AutoMoT/keyframe_filter/collection_output/r2_rgb_route_sheets_20260708/route_sheets/HazardAtSideLaneTwoWays/Town12_Rep0_2137_0_route0_01_10_19_29_43/page_000.jpg,AutoMoT/keyframe_filter/collection_output/r2_rgb_route_sheets_20260708/route_sheets/HazardAtSideLaneTwoWays/Town12_Rep0_2137_0_route0_01_10_19_29_43,"{""R2"": 90, ""R4"": 194}","{""R-E1"": 68, ""R-E2"": 18, ""R-E4"": 194, ""U-E2"": 4}"
HazardAtSideLaneTwoWays,Town12_Rep0_770_0_route0_01_09_20_26_23,316,success,316,True,87,0.275316,316,1.0,False,written,AutoMoT/keyframe_filter/collection_output/r2_rgb_route_sheets_20260708/route_sheets/HazardAtSideLaneTwoWays/Town12_Rep0_770_0_route0_01_09_20_26_23/page_000.jpg,AutoMoT/keyframe_filter/collection_output/r2_rgb_route_sheets_20260708/route_sheets/HazardAtSideLaneTwoWays/Town12_Rep0_770_0_route0_01_09_20_26_23,"{""R2"": 87, ""R4"": 222, ""R5"": 7}","{""R-E1"": 67, ""R-E2"": 20, ""R-E4"": 222, ""R-E5"": 7}"
InvadingTurn,Town13_Rep0_1176_1_route0_01_09_08_29_33,146,success,146,True,112,0.767123,146,1.0,False,written,AutoMoT/keyframe_filter/collection_output/r2_rgb_route_sheets_20260708/route_sheets/InvadingTurn/Town13_Rep0_1176_1_route0_01_09_08_29_33/page_000.jpg,AutoMoT/keyframe_filter/collection_output/r2_rgb_route_sheets_20260708/route_sheets/InvadingTurn/Town13_Rep0_1176_1_route0_01_09_08_29_33,"{""R1"": 1, ""R2"": 112, ""R5"": 33}","{""R-E1"": 3, ""R-E5"": 3, ""U-E5"": 140}"
InvadingTurn,Town13_Rep0_1148_1_route0_01_10_08_43_12,71,success,71,True,48,0.676056,67,0.9437,False,written,AutoMoT/keyframe_filter/collection_output/r2_rgb_route_sheets_20260708/route_sheets/InvadingTurn/Town13_Rep0_1148_1_route0_01_10_08_43_12/page_000.jpg,AutoMoT/keyframe_filter/collection_output/r2_rgb_route_sheets_20260708/route_sheets/InvadingTurn/Town13_Rep0_1148_1_route0_01_10_08_43_12,"{""R1"": 23, ""R2"": 48}","{""R-E1"": 71}"
InvadingTurn,Town13_Rep0_1148_0_route0_01_08_19_01_21,72,success,72,True,47,0.652778,68,0.9444,False,written,AutoMoT/keyframe_filter/collection_output/r2_rgb_route_sheets_20260708/route_sheets/InvadingTurn/Town13_Rep0_1148_0_route0_01_08_19_01_21/page_000.jpg,AutoMoT/keyframe_filter/collection_output/r2_rgb_route_sheets_20260708/route_sheets/InvadingTurn/Town13_Rep0_1148_0_route0_01_08_19_01_21,"{""R1"": 25, ""R2"": 47}","{""R-E1"": 63, ""U-E5"": 9}"
InvadingTurn,Town12_Rep0_1638_0_route0_01_10_14_42_11,98,success,98,True,63,0.642857,89,0.9082,False,written,AutoMoT/keyframe_filter/collection_output/r2_rgb_route_sheets_20260708/route_sheets/InvadingTurn/Town12_Rep0_1638_0_route0_01_10_14_42_11/page_000.jpg,AutoMoT/keyframe_filter/collection_output/r2_rgb_route_sheets_20260708/route_sheets/InvadingTurn/Town12_Rep0_1638_0_route0_01_10_14_42_11,"{""R1"": 35, ""R2"": 63}","{""R-E1"": 93, ""U-E5"": 5}"
InvadingTurn,Town13_Rep0_1334_0_route0_01_10_01_02_10,83,success,83,True,50,0.60241,77,0.9277,False,written,AutoMoT/keyframe_filter/collection_output/r2_rgb_route_sheets_20260708/route_sheets/InvadingTurn/Town13_Rep0_1334_0_route0_01_10_01_02_10/page_000.jpg,AutoMoT/keyframe_filter/collection_output/r2_rgb_route_sheets_20260708/route_sheets/InvadingTurn/Town13_Rep0_1334_0_route0_01_10_01_02_10,"{""R1"": 33, ""R2"": 50}","{""R-E1"": 83}"
InvadingTurn,Town13_Rep0_1176_0_route0_01_10_07_33_32,85,success,85,True,51,0.6,85,1.0,False,written,AutoMoT/keyframe_filter/collection_output/r2_rgb_route_sheets_20260708/route_sheets/InvadingTurn/Town13_Rep0_1176_0_route0_01_10_07_33_32/page_000.jpg,AutoMoT/keyframe_filter/collection_output/r2_rgb_route_sheets_20260708/route_sheets/InvadingTurn/Town13_Rep0_1176_0_route0_01_10_07_33_32,"{""R1"": 1, ""R2"": 51, ""R5"": 33}","{""R-E1"": 1, ""U-E5"": 84}"
InvadingTurn,Town12_Rep0_1499_0_route0_01_10_21_28_36,110,success,110,True,66,0.6,99,0.9,False,written,AutoMoT/keyframe_filter/collection_output/r2_rgb_route_sheets_20260708/route_sheets/InvadingTurn/Town12_Rep0_1499_0_route0_01_10_21_28_36/page_000.jpg,AutoMoT/keyframe_filter/collection_output/r2_rgb_route_sheets_20260708/route_sheets/InvadingTurn/Town12_Rep0_1499_0_route0_01_10_21_28_36,"{""R1"": 44, ""R2"": 66}","{""R-E1"": 110}"
InvadingTurn,Town13_Rep0_1403_0_route0_01_10_08_11_41,87,success,87,True,49,0.563218,76,0.8736,False,written,AutoMoT/keyframe_filter/collection_output/r2_rgb_route_sheets_20260708/route_sheets/InvadingTurn/Town13_Rep0_1403_0_route0_01_10_08_11_41/page_000.jpg,AutoMoT/keyframe_filter/collection_output/r2_rgb_route_sheets_20260708/route_sheets/InvadingTurn/Town13_Rep0_1403_0_route0_01_10_08_11_41,"{""R1"": 38, ""R2"": 49}","{""R-E1"": 87}"
InvadingTurn,Town12_Rep0_1955_0_route0_01_08_15_24_07,101,success,101,True,56,0.554455,67,0.6634,False,written,AutoMoT/keyframe_filter/collection_output/r2_rgb_route_sheets_20260708/route_sheets/InvadingTurn/Town12_Rep0_1955_0_route0_01_08_15_24_07/page_000.jpg,AutoMoT/keyframe_filter/collection_output/r2_rgb_route_sheets_20260708/route_sheets/InvadingTurn/Town12_Rep0_1955_0_route0_01_08_15_24_07,"{""R1"": 45, ""R2"": 56}","{""R-E1"": 101}"
InvadingTurn,Town13_Rep0_1337_0_route0_01_10_22_00_49,84,success,84,True,46,0.547619,74,0.881,False,written,AutoMoT/keyframe_filter/collection_output/r2_rgb_route_sheets_20260708/route_sheets/InvadingTurn/Town13_Rep0_1337_0_route0_01_10_22_00_49/page_000.jpg,AutoMoT/keyframe_filter/collection_output/r2_rgb_route_sheets_20260708/route_sheets/InvadingTurn/Town13_Rep0_1337_0_route0_01_10_22_00_49,"{""R1"": 38, ""R2"": 46}","{""R-E1"": 84}"
InvadingTurn,Town13_Rep0_1373_0_route0_01_09_20_49_41,85,success,85,True,43,0.505882,75,0.8824,False,written,AutoMoT/keyframe_filter/collection_output/r2_rgb_route_sheets_20260708/route_sheets/InvadingTurn/Town13_Rep0_1373_0_route0_01_09_20_49_41/page_000.jpg,AutoMoT/keyframe_filter/collection_output/r2_rgb_route_sheets_20260708/route_sheets/InvadingTurn/Town13_Rep0_1373_0_route0_01_09_20_49_41,"{""R1"": 42, ""R2"": 43}","{""R-E1"": 85}"
InvadingTurn,Town13_Rep0_1777_0_route0_01_10_22_42_02,136,success,136,True,62,0.455882,127,0.9338,False,written,AutoMoT/keyframe_filter/collection_output/r2_rgb_route_sheets_20260708/route_sheets/InvadingTurn/Town13_Rep0_1777_0_route0_01_10_22_42_02/page_000.jpg,AutoMoT/keyframe_filter/collection_output/r2_rgb_route_sheets_20260708/route_sheets/InvadingTurn/Town13_Rep0_1777_0_route0_01_10_22_42_02,"{""R1"": 26, ""R2"": 62, ""R5"": 48}","{""R-E1"": 79, ""R-E5"": 19, ""U-E5"": 38}"
InvadingTurn,Town13_Rep0_1335_0_route0_01_08_11_19_15,49,success,49,True,22,0.44898,45,0.9184,False,written,AutoMoT/keyframe_filter/collection_output/r2_rgb_route_sheets_20260708/route_sheets/InvadingTurn/Town13_Rep0_1335_0_route0_01_08_11_19_15/page_000.jpg,AutoMoT/keyframe_filter/collection_output/r2_rgb_route_sheets_20260708/route_sheets/InvadingTurn/Town13_Rep0_1335_0_route0_01_08_11_19_15,"{""R1"": 27, ""R2"": 22}","{""R-E1"": 49}"
InvadingTurn,Town13_Rep0_1495_0_route0_01_10_23_27_17,113,success,113,True,42,0.371681,103,0.9115,False,written,AutoMoT/keyframe_filter/collection_output/r2_rgb_route_sheets_20260708/route_sheets/InvadingTurn/Town13_Rep0_1495_0_route0_01_10_23_27_17/page_000.jpg,AutoMoT/keyframe_filter/collection_output/r2_rgb_route_sheets_20260708/route_sheets/InvadingTurn/Town13_Rep0_1495_0_route0_01_10_23_27_17,"{""R1"": 52, ""R2"": 42, ""R5"": 19}","{""R-E1"": 88, ""R-E5"": 19, ""U-E5"": 6}"
InvadingTurn,Town12_Rep0_4225_0_route0_01_10_08_33_44,95,success,95,True,34,0.357895,85,0.8947,False,written,AutoMoT/keyframe_filter/collection_output/r2_rgb_route_sheets_20260708/route_sheets/InvadingTurn/Town12_Rep0_4225_0_route0_01_10_08_33_44/page_000.jpg,AutoMoT/keyframe_filter/collection_output/r2_rgb_route_sheets_20260708/route_sheets/InvadingTurn/Town12_Rep0_4225_0_route0_01_10_08_33_44,"{""R1"": 61, ""R2"": 34}","{""R-E1"": 87, ""U-E5"": 8}"
InvadingTurn,Town13_Rep0_1489_0_route0_01_08_20_55_43,170,success,170,True,60,0.352941,161,0.9471,False,written,AutoMoT/keyframe_filter/collection_output/r2_rgb_route_sheets_20260708/route_sheets/InvadingTurn/Town13_Rep0_1489_0_route0_01_08_20_55_43/page_000.jpg,AutoMoT/keyframe_filter/collection_output/r2_rgb_route_sheets_20260708/route_sheets/InvadingTurn/Town13_Rep0_1489_0_route0_01_08_20_55_43,"{""R1"": 60, ""R2"": 60, ""R5"": 50}","{""R-E1"": 110, ""R-E5"": 13, ""U-E5"": 47}"
InvadingTurn,Town12_Rep0_4225_1_route0_01_10_06_40_07,94,success,94,True,32,0.340426,84,0.8936,False,written,AutoMoT/keyframe_filter/collection_output/r2_rgb_route_sheets_20260708/route_sheets/InvadingTurn/Town12_Rep0_4225_1_route0_01_10_06_40_07/page_000.jpg,AutoMoT/keyframe_filter/collection_output/r2_rgb_route_sheets_20260708/route_sheets/InvadingTurn/Town12_Rep0_4225_1_route0_01_10_06_40_07,"{""R1"": 62, ""R2"": 32}","{""R-E1"": 86, ""U-E5"": 8}"
InvadingTurn,Town13_Rep0_1158_0_route0_01_09_11_16_32,113,success,113,True,38,0.336283,111,0.9823,False,written,AutoMoT/keyframe_filter/collection_output/r2_rgb_route_sheets_20260708/route_sheets/InvadingTurn/Town13_Rep0_1158_0_route0_01_09_11_16_32/page_000.jpg,AutoMoT/keyframe_filter/collection_output/r2_rgb_route_sheets_20260708/route_sheets/InvadingTurn/Town13_Rep0_1158_0_route0_01_09_11_16_32,"{""R1"": 38, ""R2"": 38, ""R5"": 37}","{""R-E1"": 59, ""R-E5"": 4, ""U-E5"": 50}"
InvadingTurn,Town13_Rep0_1635_0_route0_01_10_01_05_14,141,success,141,True,41,0.29078,133,0.9433,False,written,AutoMoT/keyframe_filter/collection_output/r2_rgb_route_sheets_20260708/route_sheets/InvadingTurn/Town13_Rep0_1635_0_route0_01_10_01_05_14/page_000.jpg,AutoMoT/keyframe_filter/collection_output/r2_rgb_route_sheets_20260708/route_sheets/InvadingTurn/Town13_Rep0_1635_0_route0_01_10_01_05_14,"{""R1"": 47, ""R2"": 41, ""R5"": 53}","{""R-E1"": 81, ""R-E5"": 13, ""U-E5"": 47}"
InvadingTurn,Town12_Rep0_3000_0_route0_01_10_20_01_38,74,success,74,True,21,0.283784,68,0.9189,False,written,AutoMoT/keyframe_filter/collection_output/r2_rgb_route_sheets_20260708/route_sheets/InvadingTurn/Town12_Rep0_3000_0_route0_01_10_20_01_38/page_000.jpg,AutoMoT/keyframe_filter/collection_output/r2_rgb_route_sheets_20260708/route_sheets/InvadingTurn/Town12_Rep0_3000_0_route0_01_10_20_01_38,"{""R1"": 53, ""R2"": 21}","{""R-E1"": 74}"
InvadingTurn,Town12_Rep0_1479_0_route0_01_08_05_39_04,164,success,164,True,44,0.268293,164,1.0,False,written,AutoMoT/keyframe_filter/collection_output/r2_rgb_route_sheets_20260708/route_sheets/InvadingTurn/Town12_Rep0_1479_0_route0_01_08_05_39_04/page_000.jpg,AutoMoT/keyframe_filter/collection_output/r2_rgb_route_sheets_20260708/route_sheets/InvadingTurn/Town12_Rep0_1479_0_route0_01_08_05_39_04,"{""R1"": 120, ""R2"": 44}","{""R-E1"": 160, ""U-E5"": 4}"
InvadingTurn,Town13_Rep0_1485_0_route0_01_08_14_34_27,149,success,149,True,38,0.255034,141,0.9463,False,written,AutoMoT/keyframe_filter/collection_output/r2_rgb_route_sheets_20260708/route_sheets/InvadingTurn/Town13_Rep0_1485_0_route0_01_08_14_34_27/page_000.jpg,AutoMoT/keyframe_filter/collection_output/r2_rgb_route_sheets_20260708/route_sheets/InvadingTurn/Town13_Rep0_1485_0_route0_01_08_14_34_27,"{""R1"": 47, ""R2"": 38, ""R5"": 64}","{""R-E1"": 78, ""R-E5"": 7, ""U-E5"": 64}"
InvadingTurn,Town12_Rep0_1520_0_route0_01_10_04_48_36,137,success,137,True,34,0.248175,137,1.0,False,written,AutoMoT/keyframe_filter/collection_output/r2_rgb_route_sheets_20260708/route_sheets/InvadingTurn/Town12_Rep0_1520_0_route0_01_10_04_48_36/page_000.jpg,AutoMoT/keyframe_filter/collection_output/r2_rgb_route_sheets_20260708/route_sheets/InvadingTurn/Town12_Rep0_1520_0_route0_01_10_04_48_36,"{""R1"": 103, ""R2"": 34}","{""R-E1"": 127, ""U-E5"": 10}"
InvadingTurn,Town12_Rep0_21_0_route0_01_09_15_19_14,180,success,180,True,38,0.211111,177,0.9833,False,written,AutoMoT/keyframe_filter/collection_output/r2_rgb_route_sheets_20260708/route_sheets/InvadingTurn/Town12_Rep0_21_0_route0_01_09_15_19_14/page_000.jpg,AutoMoT/keyframe_filter/collection_output/r2_rgb_route_sheets_20260708/route_sheets/InvadingTurn/Town12_Rep0_21_0_route0_01_09_15_19_14,"{""R1"": 82, ""R2"": 38, ""R5"": 60}","{""R-E1"": 111, ""R-E5"": 17, ""U-E5"": 52}"
InvadingTurn,Town13_Rep0_1158_1_route0_01_10_08_07_08,103,success,103,True,18,0.174757,101,0.9806,False,written,AutoMoT/keyframe_filter/collection_output/r2_rgb_route_sheets_20260708/route_sheets/InvadingTurn/Town13_Rep0_1158_1_route0_01_10_08_07_08/page_000.jpg,AutoMoT/keyframe_filter/collection_output/r2_rgb_route_sheets_20260708/route_sheets/InvadingTurn/Town13_Rep0_1158_1_route0_01_10_08_07_08,"{""R1"": 52, ""R2"": 18, ""R5"": 33}","{""R-E1"": 70, ""R-E5"": 12, ""U-E5"": 21}"
InvadingTurn,Town12_Rep0_1826_0_route0_01_09_09_13_43,96,success,96,True,16,0.166667,96,1.0,False,written,AutoMoT/keyframe_filter/collection_output/r2_rgb_route_sheets_20260708/route_sheets/InvadingTurn/Town12_Rep0_1826_0_route0_01_09_09_13_43/page_000.jpg,AutoMoT/keyframe_filter/collection_output/r2_rgb_route_sheets_20260708/route_sheets/InvadingTurn/Town12_Rep0_1826_0_route0_01_09_09_13_43,"{""R1"": 80, ""R2"": 16}","{""R-E1"": 81, ""U-E5"": 15}"
InvadingTurn,Town13_Rep0_1378_0_route0_01_10_03_55_26,82,success,82,True,13,0.158537,72,0.878,False,written,AutoMoT/keyframe_filter/collection_output/r2_rgb_route_sheets_20260708/route_sheets/InvadingTurn/Town13_Rep0_1378_0_route0_01_10_03_55_26/page_000.jpg,AutoMoT/keyframe_filter/collection_output/r2_rgb_route_sheets_20260708/route_sheets/InvadingTurn/Town13_Rep0_1378_0_route0_01_10_03_55_26,"{""R1"": 69, ""R2"": 13}","{""R-E1"": 82}"
InvadingTurn,Town12_Rep0_451_0_route0_01_10_18_09_37,104,success,104,True,16,0.153846,94,0.9038,False,written,AutoMoT/keyframe_filter/collection_output/r2_rgb_route_sheets_20260708/route_sheets/InvadingTurn/Town12_Rep0_451_0_route0_01_10_18_09_37/page_000.jpg,AutoMoT/keyframe_filter/collection_output/r2_rgb_route_sheets_20260708/route_sheets/InvadingTurn/Town12_Rep0_451_0_route0_01_10_18_09_37,"{""R1"": 88, ""R2"": 16}","{""R-E1"": 101, ""U-E5"": 3}"
InvadingTurn,Town12_Rep0_1229_0_route0_01_08_21_43_40,83,success,83,True,12,0.144578,81,0.9759,False,written,AutoMoT/keyframe_filter/collection_output/r2_rgb_route_sheets_20260708/route_sheets/InvadingTurn/Town12_Rep0_1229_0_route0_01_08_21_43_40/page_000.jpg,AutoMoT/keyframe_filter/collection_output/r2_rgb_route_sheets_20260708/route_sheets/InvadingTurn/Town12_Rep0_1229_0_route0_01_08_21_43_40,"{""R1"": 71, ""R2"": 12}","{""R-E1"": 83}"
InvadingTurn,Town12_Rep0_4223_0_route0_01_10_14_42_08,91,success,91,True,13,0.142857,83,0.9121,False,written,AutoMoT/keyframe_filter/collection_output/r2_rgb_route_sheets_20260708/route_sheets/InvadingTurn/Town12_Rep0_4223_0_route0_01_10_14_42_08/page_000.jpg,AutoMoT/keyframe_filter/collection_output/r2_rgb_route_sheets_20260708/route_sheets/InvadingTurn/Town12_Rep0_4223_0_route0_01_10_14_42_08,"{""R1"": 78, ""R2"": 13}","{""R-E1"": 85, ""U-E5"": 6}"
InvadingTurn,Town12_Rep0_55_0_route0_01_09_18_42_27,127,success,127,True,18,0.141732,120,0.9449,False,written,AutoMoT/keyframe_filter/collection_output/r2_rgb_route_sheets_20260708/route_sheets/InvadingTurn/Town12_Rep0_55_0_route0_01_09_18_42_27/page_000.jpg,AutoMoT/keyframe_filter/collection_output/r2_rgb_route_sheets_20260708/route_sheets/InvadingTurn/Town12_Rep0_55_0_route0_01_09_18_42_27,"{""R1"": 109, ""R2"": 18}","{""R-E1"": 122, ""U-E5"": 5}"
InvadingTurn,Town13_Rep0_1571_0_route0_01_10_16_41_39,179,success,179,True,24,0.134078,171,0.9553,False,written,AutoMoT/keyframe_filter/collection_output/r2_rgb_route_sheets_20260708/route_sheets/InvadingTurn/Town13_Rep0_1571_0_route0_01_10_16_41_39/page_000.jpg,AutoMoT/keyframe_filter/collection_output/r2_rgb_route_sheets_20260708/route_sheets/InvadingTurn/Town13_Rep0_1571_0_route0_01_10_16_41_39,"{""R1"": 77, ""R2"": 24, ""R5"": 78}","{""R-E1"": 93, ""R-E5"": 11, ""U-E5"": 75}"
InvadingTurn,Town13_Rep0_1159_0_route0_01_08_23_46_18,78,success,78,True,10,0.128205,78,1.0,False,written,AutoMoT/keyframe_filter/collection_output/r2_rgb_route_sheets_20260708/route_sheets/InvadingTurn/Town13_Rep0_1159_0_route0_01_08_23_46_18/page_000.jpg,AutoMoT/keyframe_filter/collection_output/r2_rgb_route_sheets_20260708/route_sheets/InvadingTurn/Town13_Rep0_1159_0_route0_01_08_23_46_18,"{""R1"": 68, ""R2"": 10}","{""R-E1"": 78}"
InvadingTurn,Town12_Rep0_2997_0_route0_01_08_08_01_41,88,success,88,True,11,0.125,88,1.0,False,written,AutoMoT/keyframe_filter/collection_output/r2_rgb_route_sheets_20260708/route_sheets/InvadingTurn/Town12_Rep0_2997_0_route0_01_08_08_01_41/page_000.jpg,AutoMoT/keyframe_filter/collection_output/r2_rgb_route_sheets_20260708/route_sheets/InvadingTurn/Town12_Rep0_2997_0_route0_01_08_08_01_41,"{""R1"": 77, ""R2"": 11}","{""R-E1"": 88}"
InvadingTurn,Town12_Rep0_4223_1_route0_01_10_00_13_43,89,success,89,True,11,0.123596,80,0.8989,False,written,AutoMoT/keyframe_filter/collection_output/r2_rgb_route_sheets_20260708/route_sheets/InvadingTurn/Town12_Rep0_4223_1_route0_01_10_00_13_43/page_000.jpg,AutoMoT/keyframe_filter/collection_output/r2_rgb_route_sheets_20260708/route_sheets/InvadingTurn/Town12_Rep0_4223_1_route0_01_10_00_13_43,"{""R1"": 78, ""R2"": 11}","{""R-E1"": 85, ""U-E5"": 4}"
InvadingTurn,Town12_Rep0_4244_0_route0_01_10_06_00_30,100,success,100,True,12,0.12,95,0.95,False,written,AutoMoT/keyframe_filter/collection_output/r2_rgb_route_sheets_20260708/route_sheets/InvadingTurn/Town12_Rep0_4244_0_route0_01_10_06_00_30/page_000.jpg,AutoMoT/keyframe_filter/collection_output/r2_rgb_route_sheets_20260708/route_sheets/InvadingTurn/Town12_Rep0_4244_0_route0_01_10_06_00_30,"{""R1"": 88, ""R2"": 12}","{""R-E1"": 95, ""U-E5"": 5}"
InvadingTurn,Town12_Rep0_2997_1_route0_01_08_13_27_46,86,success,86,True,10,0.116279,86,1.0,False,written,AutoMoT/keyframe_filter/collection_output/r2_rgb_route_sheets_20260708/route_sheets/InvadingTurn/Town12_Rep0_2997_1_route0_01_08_13_27_46/page_000.jpg,AutoMoT/keyframe_filter/collection_output/r2_rgb_route_sheets_20260708/route_sheets/InvadingTurn/Town12_Rep0_2997_1_route0_01_08_13_27_46,"{""R1"": 76, ""R2"": 10}","{""R-E1"": 86}"
InvadingTurn,Town12_Rep0_4591_0_route0_01_08_05_48_25,99,success,99,True,11,0.111111,99,1.0,False,written,AutoMoT/keyframe_filter/collection_output/r2_rgb_route_sheets_20260708/route_sheets/InvadingTurn/Town12_Rep0_4591_0_route0_01_08_05_48_25/page_000.jpg,AutoMoT/keyframe_filter/collection_output/r2_rgb_route_sheets_20260708/route_sheets/InvadingTurn/Town12_Rep0_4591_0_route0_01_08_05_48_25,"{""R1"": 88, ""R2"": 11}","{""R-E1"": 89, ""U-E5"": 10}"
InvadingTurn,Town12_Rep0_3165_0_route0_01_08_15_33_14,98,success,98,True,10,0.102041,95,0.9694,False,written,AutoMoT/keyframe_filter/collection_output/r2_rgb_route_sheets_20260708/route_sheets/InvadingTurn/Town12_Rep0_3165_0_route0_01_08_15_33_14/page_000.jpg,AutoMoT/keyframe_filter/collection_output/r2_rgb_route_sheets_20260708/route_sheets/InvadingTurn/Town12_Rep0_3165_0_route0_01_08_15_33_14,"{""R1"": 88, ""R2"": 10}","{""R-E1"": 98}"
InvadingTurn,Town13_Rep0_1414_0_route0_01_08_05_48_24,128,success,128,True,13,0.101562,128,1.0,False,written,AutoMoT/keyframe_filter/collection_output/r2_rgb_route_sheets_20260708/route_sheets/InvadingTurn/Town13_Rep0_1414_0_route0_01_08_05_48_24/page_000.jpg,AutoMoT/keyframe_filter/collection_output/r2_rgb_route_sheets_20260708/route_sheets/InvadingTurn/Town13_Rep0_1414_0_route0_01_08_05_48_24,"{""R1"": 103, ""R2"": 13, ""R5"": 12}","{""R-E1"": 104, ""R-E5"": 12, ""U-E5"": 12}"
InvadingTurn,Town13_Rep0_1159_1_route0_01_10_02_32_18,93,success,93,True,9,0.096774,93,1.0,False,written,AutoMoT/keyframe_filter/collection_output/r2_rgb_route_sheets_20260708/route_sheets/InvadingTurn/Town13_Rep0_1159_1_route0_01_10_02_32_18/page_000.jpg,AutoMoT/keyframe_filter/collection_output/r2_rgb_route_sheets_20260708/route_sheets/InvadingTurn/Town13_Rep0_1159_1_route0_01_10_02_32_18,"{""R1"": 84, ""R2"": 9}","{""R-E1"": 93}"
InvadingTurn,Town12_Rep0_1450_0_route0_01_09_22_58_43,79,success,79,True,7,0.088608,79,1.0,False,written,AutoMoT/keyframe_filter/collection_output/r2_rgb_route_sheets_20260708/route_sheets/InvadingTurn/Town12_Rep0_1450_0_route0_01_09_22_58_43/page_000.jpg,AutoMoT/keyframe_filter/collection_output/r2_rgb_route_sheets_20260708/route_sheets/InvadingTurn/Town12_Rep0_1450_0_route0_01_09_22_58_43,"{""R1"": 72, ""R2"": 7}","{""R-E1"": 79}"
InvadingTurn,Town13_Rep0_1307_0_route0_01_10_04_22_48,57,success,57,True,5,0.087719,53,0.9298,False,written,AutoMoT/keyframe_filter/collection_output/r2_rgb_route_sheets_20260708/route_sheets/InvadingTurn/Town13_Rep0_1307_0_route0_01_10_04_22_48/page_000.jpg,AutoMoT/keyframe_filter/collection_output/r2_rgb_route_sheets_20260708/route_sheets/InvadingTurn/Town13_Rep0_1307_0_route0_01_10_04_22_48,"{""R1"": 52, ""R2"": 5}","{""R-E1"": 54, ""U-E5"": 3}"
InvadingTurn,Town13_Rep0_1405_0_route0_01_07_21_37_27,105,success,105,True,9,0.085714,92,0.8762,False,written,AutoMoT/keyframe_filter/collection_output/r2_rgb_route_sheets_20260708/route_sheets/InvadingTurn/Town13_Rep0_1405_0_route0_01_07_21_37_27/page_000.jpg,AutoMoT/keyframe_filter/collection_output/r2_rgb_route_sheets_20260708/route_sheets/InvadingTurn/Town13_Rep0_1405_0_route0_01_07_21_37_27,"{""R1"": 96, ""R2"": 9}","{""R-E1"": 105}"
InvadingTurn,Town13_Rep0_1566_0_route0_01_08_12_35_35,174,success,174,True,13,0.074713,171,0.9828,False,written,AutoMoT/keyframe_filter/collection_output/r2_rgb_route_sheets_20260708/route_sheets/InvadingTurn/Town13_Rep0_1566_0_route0_01_08_12_35_35/page_000.jpg,AutoMoT/keyframe_filter/collection_output/r2_rgb_route_sheets_20260708/route_sheets/InvadingTurn/Town13_Rep0_1566_0_route0_01_08_12_35_35,"{""R1"": 114, ""R2"": 13, ""R5"": 47}","{""R-E1"": 127, ""R-E5"": 11, ""U-E5"": 36}"
InvadingTurn,Town13_Rep0_1469_0_route0_01_10_18_43_57,175,success,175,True,13,0.074286,169,0.9657,False,written,AutoMoT/keyframe_filter/collection_output/r2_rgb_route_sheets_20260708/route_sheets/InvadingTurn/Town13_Rep0_1469_0_route0_01_10_18_43_57/page_000.jpg,AutoMoT/keyframe_filter/collection_output/r2_rgb_route_sheets_20260708/route_sheets/InvadingTurn/Town13_Rep0_1469_0_route0_01_10_18_43_57,"{""R1"": 116, ""R2"": 13, ""R5"": 46}","{""R-E1"": 124, ""R-E5"": 17, ""U-E5"": 34}"
InvadingTurn,Town13_Rep0_1205_0_route0_01_08_21_23_12,123,success,123,True,9,0.073171,123,1.0,False,written,AutoMoT/keyframe_filter/collection_output/r2_rgb_route_sheets_20260708/route_sheets/InvadingTurn/Town13_Rep0_1205_0_route0_01_08_21_23_12/page_000.jpg,AutoMoT/keyframe_filter/collection_output/r2_rgb_route_sheets_20260708/route_sheets/InvadingTurn/Town13_Rep0_1205_0_route0_01_08_21_23_12,"{""R1"": 69, ""R2"": 9, ""R5"": 45}","{""R-E1"": 78, ""R-E5"": 9, ""U-E5"": 36}"
InvadingTurn,Town12_Rep0_4195_0_route0_01_09_08_28_04,167,success,167,True,12,0.071856,165,0.988,False,written,AutoMoT/keyframe_filter/collection_output/r2_rgb_route_sheets_20260708/route_sheets/InvadingTurn/Town12_Rep0_4195_0_route0_01_09_08_28_04/page_000.jpg,AutoMoT/keyframe_filter/collection_output/r2_rgb_route_sheets_20260708/route_sheets/InvadingTurn/Town12_Rep0_4195_0_route0_01_09_08_28_04,"{""R1"": 108, ""R2"": 12, ""R5"": 47}","{""R-E1"": 114, ""R-E5"": 17, ""U-E5"": 36}"
InvadingTurn,Town12_Rep0_1502_0_route0_01_07_21_28_40,100,success,100,True,7,0.07,100,1.0,False,written,AutoMoT/keyframe_filter/collection_output/r2_rgb_route_sheets_20260708/route_sheets/InvadingTurn/Town12_Rep0_1502_0_route0_01_07_21_28_40/page_000.jpg,AutoMoT/keyframe_filter/collection_output/r2_rgb_route_sheets_20260708/route_sheets/InvadingTurn/Town12_Rep0_1502_0_route0_01_07_21_28_40,"{""R1"": 93, ""R2"": 7}","{""R-E1"": 100}"
InvadingTurn,Town13_Rep0_1205_1_route0_01_09_06_04_45,135,success,135,True,9,0.066667,135,1.0,False,written,AutoMoT/keyframe_filter/collection_output/r2_rgb_route_sheets_20260708/route_sheets/InvadingTurn/Town13_Rep0_1205_1_route0_01_09_06_04_45/page_000.jpg,AutoMoT/keyframe_filter/collection_output/r2_rgb_route_sheets_20260708/route_sheets/InvadingTurn/Town13_Rep0_1205_1_route0_01_09_06_04_45,"{""R1"": 82, ""R2"": 9, ""R5"": 44}","{""R-E1"": 91, ""R-E5"": 9, ""U-E5"": 35}"
InvadingTurn,Town13_Rep0_1637_0_route0_01_08_20_46_45,109,success,109,True,7,0.06422,98,0.8991,False,written,AutoMoT/keyframe_filter/collection_output/r2_rgb_route_sheets_20260708/route_sheets/InvadingTurn/Town13_Rep0_1637_0_route0_01_08_20_46_45/page_000.jpg,AutoMoT/keyframe_filter/collection_output/r2_rgb_route_sheets_20260708/route_sheets/InvadingTurn/Town13_Rep0_1637_0_route0_01_08_20_46_45,"{""R1"": 95, ""R2"": 7, ""R5"": 7}","{""R-E1"": 100, ""R-E5"": 7, ""U-E5"": 2}"
InvadingTurn,Town12_Rep0_518_1_route0_01_08_16_44_53,151,success,151,True,9,0.059603,151,1.0,False,written,AutoMoT/keyframe_filter/collection_output/r2_rgb_route_sheets_20260708/route_sheets/InvadingTurn/Town12_Rep0_518_1_route0_01_08_16_44_53/page_000.jpg,AutoMoT/keyframe_filter/collection_output/r2_rgb_route_sheets_20260708/route_sheets/InvadingTurn/Town12_Rep0_518_1_route0_01_08_16_44_53,"{""R1"": 142, ""R2"": 9}","{""R-E1"": 149, ""U-E5"": 2}"
InvadingTurn,Town12_Rep0_1450_1_route0_01_10_14_16_16,103,success,103,True,6,0.058252,103,1.0,False,written,AutoMoT/keyframe_filter/collection_output/r2_rgb_route_sheets_20260708/route_sheets/InvadingTurn/Town12_Rep0_1450_1_route0_01_10_14_16_16/page_000.jpg,AutoMoT/keyframe_filter/collection_output/r2_rgb_route_sheets_20260708/route_sheets/InvadingTurn/Town12_Rep0_1450_1_route0_01_10_14_16_16,"{""R1"": 97, ""R2"": 6}","{""R-E1"": 103}"
InvadingTurn,Town12_Rep0_518_0_route0_01_09_02_51_35,108,success,108,True,6,0.055556,108,1.0,False,written,AutoMoT/keyframe_filter/collection_output/r2_rgb_route_sheets_20260708/route_sheets/InvadingTurn/Town12_Rep0_518_0_route0_01_09_02_51_35/page_000.jpg,AutoMoT/keyframe_filter/collection_output/r2_rgb_route_sheets_20260708/route_sheets/InvadingTurn/Town12_Rep0_518_0_route0_01_09_02_51_35,"{""R1"": 102, ""R2"": 6}","{""R-E1"": 106, ""U-E5"": 2}"
InvadingTurn,Town12_Rep0_3059_0_route0_01_08_11_55_48,93,success,93,True,5,0.053763,83,0.8925,False,written,AutoMoT/keyframe_filter/collection_output/r2_rgb_route_sheets_20260708/route_sheets/InvadingTurn/Town12_Rep0_3059_0_route0_01_08_11_55_48/page_000.jpg,AutoMoT/keyframe_filter/collection_output/r2_rgb_route_sheets_20260708/route_sheets/InvadingTurn/Town12_Rep0_3059_0_route0_01_08_11_55_48,"{""R1"": 88, ""R2"": 5}","{""R-E1"": 93}"
InvadingTurn,Town13_Rep0_1353_0_route0_01_09_16_25_18,189,success,189,True,10,0.05291,189,1.0,False,written,AutoMoT/keyframe_filter/collection_output/r2_rgb_route_sheets_20260708/route_sheets/InvadingTurn/Town13_Rep0_1353_0_route0_01_09_16_25_18/page_000.jpg,AutoMoT/keyframe_filter/collection_output/r2_rgb_route_sheets_20260708/route_sheets/InvadingTurn/Town13_Rep0_1353_0_route0_01_09_16_25_18,"{""R1"": 114, ""R2"": 10, ""R5"": 65}","{""R-E1"": 117, ""U-E5"": 72}"
InvadingTurn,Town13_Rep0_1575_0_route0_01_09_05_35_46,144,success,144,True,5,0.034722,137,0.9514,False,written,AutoMoT/keyframe_filter/collection_output/r2_rgb_route_sheets_20260708/route_sheets/InvadingTurn/Town13_Rep0_1575_0_route0_01_09_05_35_46/page_000.jpg,AutoMoT/keyframe_filter/collection_output/r2_rgb_route_sheets_20260708/route_sheets/InvadingTurn/Town13_Rep0_1575_0_route0_01_09_05_35_46,"{""R1"": 75, ""R2"": 5, ""R5"": 64}","{""R-E1"": 75, ""R-E5"": 34, ""U-E5"": 35}"
InvadingTurn,Town13_Rep0_1434_0_route0_01_11_02_17_28,160,success,160,True,5,0.03125,160,1.0,False,written,AutoMoT/keyframe_filter/collection_output/r2_rgb_route_sheets_20260708/route_sheets/InvadingTurn/Town13_Rep0_1434_0_route0_01_11_02_17_28/page_000.jpg,AutoMoT/keyframe_filter/collection_output/r2_rgb_route_sheets_20260708/route_sheets/InvadingTurn/Town13_Rep0_1434_0_route0_01_11_02_17_28,"{""R1"": 109, ""R2"": 5, ""R5"": 46}","{""R-E1"": 109, ""R-E5"": 11, ""U-E5"": 40}"
InvadingTurn,Town13_Rep0_1737_0_route0_01_08_13_25_33,170,success,170,True,5,0.029412,160,0.9412,False,written,AutoMoT/keyframe_filter/collection_output/r2_rgb_route_sheets_20260708/route_sheets/InvadingTurn/Town13_Rep0_1737_0_route0_01_08_13_25_33/page_000.jpg,AutoMoT/keyframe_filter/collection_output/r2_rgb_route_sheets_20260708/route_sheets/InvadingTurn/Town13_Rep0_1737_0_route0_01_08_13_25_33,"{""R1"": 118, ""R2"": 5, ""R5"": 47}","{""R-E1"": 118, ""R-E5"": 17, ""U-E5"": 35}"
InvadingTurn,Town12_Rep0_1150_0_route0_01_09_20_35_02,251,success,251,False,0,0.0,251,1.0,False,written,AutoMoT/keyframe_filter/collection_output/r2_rgb_route_sheets_20260708/route_sheets/InvadingTurn/Town12_Rep0_1150_0_route0_01_09_20_35_02/page_000.jpg,AutoMoT/keyframe_filter/collection_output/r2_rgb_route_sheets_20260708/route_sheets/InvadingTurn/Town12_Rep0_1150_0_route0_01_09_20_35_02,"{""R1"": 73, ""R4"": 122, ""R5"": 56}","{""R-E1"": 73, ""R-E4"": 6, ""R-E5"": 20, ""U-E5"": 152}"
InvadingTurn,Town12_Rep0_1464_0_route0_01_08_16_06_41,94,success,94,False,0,0.0,94,1.0,False,written,AutoMoT/keyframe_filter/collection_output/r2_rgb_route_sheets_20260708/route_sheets/InvadingTurn/Town12_Rep0_1464_0_route0_01_08_16_06_41/page_000.jpg,AutoMoT/keyframe_filter/collection_output/r2_rgb_route_sheets_20260708/route_sheets/InvadingTurn/Town12_Rep0_1464_0_route0_01_08_16_06_41,"{""R1"": 94}","{""R-E1"": 94}"
InvadingTurn,Town12_Rep0_1464_1_route0_01_09_20_30_51,94,success,94,False,0,0.0,94,1.0,False,written,AutoMoT/keyframe_filter/collection_output/r2_rgb_route_sheets_20260708/route_sheets/InvadingTurn/Town12_Rep0_1464_1_route0_01_09_20_30_51/page_000.jpg,AutoMoT/keyframe_filter/collection_output/r2_rgb_route_sheets_20260708/route_sheets/InvadingTurn/Town12_Rep0_1464_1_route0_01_09_20_30_51,"{""R1"": 94}","{""R-E1"": 94}"
InvadingTurn,Town12_Rep0_1475_0_route0_01_10_07_12_07,99,success,99,False,0,0.0,99,1.0,False,written,AutoMoT/keyframe_filter/collection_output/r2_rgb_route_sheets_20260708/route_sheets/InvadingTurn/Town12_Rep0_1475_0_route0_01_10_07_12_07/page_000.jpg,AutoMoT/keyframe_filter/collection_output/r2_rgb_route_sheets_20260708/route_sheets/InvadingTurn/Town12_Rep0_1475_0_route0_01_10_07_12_07,"{""R1"": 99}","{""R-E1"": 99}"
InvadingTurn,Town12_Rep0_1535_0_route0_01_08_01_01_48,127,success,127,False,0,0.0,127,1.0,False,written,AutoMoT/keyframe_filter/collection_output/r2_rgb_route_sheets_20260708/route_sheets/InvadingTurn/Town12_Rep0_1535_0_route0_01_08_01_01_48/page_000.jpg,AutoMoT/keyframe_filter/collection_output/r2_rgb_route_sheets_20260708/route_sheets/InvadingTurn/Town12_Rep0_1535_0_route0_01_08_01_01_48,"{""R1"": 127}","{""R-E1"": 127}"
InvadingTurn,Town12_Rep0_1596_0_route0_01_08_13_30_06,134,success,134,False,0,0.0,134,1.0,False,written,AutoMoT/keyframe_filter/collection_output/r2_rgb_route_sheets_20260708/route_sheets/InvadingTurn/Town12_Rep0_1596_0_route0_01_08_13_30_06/page_000.jpg,AutoMoT/keyframe_filter/collection_output/r2_rgb_route_sheets_20260708/route_sheets/InvadingTurn/Town12_Rep0_1596_0_route0_01_08_13_30_06,"{""R1"": 126, ""R5"": 8}","{""R-E1"": 126, ""R-E5"": 8}"
InvadingTurn,Town12_Rep0_1596_1_route0_01_09_22_34_26,175,success,175,False,0,0.0,175,1.0,False,written,AutoMoT/keyframe_filter/collection_output/r2_rgb_route_sheets_20260708/route_sheets/InvadingTurn/Town12_Rep0_1596_1_route0_01_09_22_34_26/page_000.jpg,AutoMoT/keyframe_filter/collection_output/r2_rgb_route_sheets_20260708/route_sheets/InvadingTurn/Town12_Rep0_1596_1_route0_01_09_22_34_26,"{""R1"": 154, ""R5"": 21}","{""R-E1"": 154, ""R-E5"": 21}"
InvadingTurn,Town12_Rep0_1811_0_route0_01_09_17_47_53,119,success,119,False,0,0.0,119,1.0,False,written,AutoMoT/keyframe_filter/collection_output/r2_rgb_route_sheets_20260708/route_sheets/InvadingTurn/Town12_Rep0_1811_0_route0_01_09_17_47_53/page_000.jpg,AutoMoT/keyframe_filter/collection_output/r2_rgb_route_sheets_20260708/route_sheets/InvadingTurn/Town12_Rep0_1811_0_route0_01_09_17_47_53,"{""R1"": 119}","{""R-E1"": 119}"
InvadingTurn,Town12_Rep0_2770_0_route0_01_09_09_57_17,136,success,136,False,0,0.0,136,1.0,False,written,AutoMoT/keyframe_filter/collection_output/r2_rgb_route_sheets_20260708/route_sheets/InvadingTurn/Town12_Rep0_2770_0_route0_01_09_09_57_17/page_000.jpg,AutoMoT/keyframe_filter/collection_output/r2_rgb_route_sheets_20260708/route_sheets/InvadingTurn/Town12_Rep0_2770_0_route0_01_09_09_57_17,"{""R1"": 136}","{""R-E1"": 136}"
InvadingTurn,Town12_Rep0_3023_0_route0_01_10_09_26_02,108,success,108,False,0,0.0,108,1.0,False,written,AutoMoT/keyframe_filter/collection_output/r2_rgb_route_sheets_20260708/route_sheets/InvadingTurn/Town12_Rep0_3023_0_route0_01_10_09_26_02/page_000.jpg,AutoMoT/keyframe_filter/collection_output/r2_rgb_route_sheets_20260708/route_sheets/InvadingTurn/Town12_Rep0_3023_0_route0_01_10_09_26_02,"{""R1"": 108}","{""R-E1"": 108}"
InvadingTurn,Town12_Rep0_3039_0_route0_01_08_21_32_08,121,success,121,False,0,0.0,121,1.0,False,written,AutoMoT/keyframe_filter/collection_output/r2_rgb_route_sheets_20260708/route_sheets/InvadingTurn/Town12_Rep0_3039_0_route0_01_08_21_32_08/page_000.jpg,AutoMoT/keyframe_filter/collection_output/r2_rgb_route_sheets_20260708/route_sheets/InvadingTurn/Town12_Rep0_3039_0_route0_01_08_21_32_08,"{""R1"": 121}","{""R-E1"": 121}"
InvadingTurn,Town12_Rep0_3077_0_route0_01_09_19_30_54,94,success,94,False,0,0.0,94,1.0,False,written,AutoMoT/keyframe_filter/collection_output/r2_rgb_route_sheets_20260708/route_sheets/InvadingTurn/Town12_Rep0_3077_0_route0_01_09_19_30_54/page_000.jpg,AutoMoT/keyframe_filter/collection_output/r2_rgb_route_sheets_20260708/route_sheets/InvadingTurn/Town12_Rep0_3077_0_route0_01_09_19_30_54,"{""R1"": 94}","{""R-E1"": 94}"
InvadingTurn,Town12_Rep0_312_0_route0_01_11_00_29_08,84,success,84,False,0,0.0,84,1.0,False,written,AutoMoT/keyframe_filter/collection_output/r2_rgb_route_sheets_20260708/route_sheets/InvadingTurn/Town12_Rep0_312_0_route0_01_11_00_29_08/page_000.jpg,AutoMoT/keyframe_filter/collection_output/r2_rgb_route_sheets_20260708/route_sheets/InvadingTurn/Town12_Rep0_312_0_route0_01_11_00_29_08,"{""R1"": 84}","{""R-E1"": 84}"
InvadingTurn,Town12_Rep0_312_1_route0_01_08_05_17_52,85,success,85,False,0,0.0,85,1.0,False,written,AutoMoT/keyframe_filter/collection_output/r2_rgb_route_sheets_20260708/route_sheets/InvadingTurn/Town12_Rep0_312_1_route0_01_08_05_17_52/page_000.jpg,AutoMoT/keyframe_filter/collection_output/r2_rgb_route_sheets_20260708/route_sheets/InvadingTurn/Town12_Rep0_312_1_route0_01_08_05_17_52,"{""R1"": 85}","{""R-E1"": 85}"
InvadingTurn,Town12_Rep0_3131_0_route0_01_09_14_06_04,155,success,155,False,0,0.0,155,1.0,False,written,AutoMoT/keyframe_filter/collection_output/r2_rgb_route_sheets_20260708/route_sheets/InvadingTurn/Town12_Rep0_3131_0_route0_01_09_14_06_04/page_000.jpg,AutoMoT/keyframe_filter/collection_output/r2_rgb_route_sheets_20260708/route_sheets/InvadingTurn/Town12_Rep0_3131_0_route0_01_09_14_06_04,"{""R1"": 121, ""R5"": 34}","{""R-E1"": 121, ""R-E5"": 34}"
InvadingTurn,Town12_Rep0_3131_1_route0_01_11_03_54_04,142,success,142,False,0,0.0,142,1.0,False,written,AutoMoT/keyframe_filter/collection_output/r2_rgb_route_sheets_20260708/route_sheets/InvadingTurn/Town12_Rep0_3131_1_route0_01_11_03_54_04/page_000.jpg,AutoMoT/keyframe_filter/collection_output/r2_rgb_route_sheets_20260708/route_sheets/InvadingTurn/Town12_Rep0_3131_1_route0_01_11_03_54_04,"{""R1"": 87, ""R5"": 55}","{""R-E1"": 87, ""R-E5"": 55}"
InvadingTurn,Town12_Rep0_3367_0_route0_01_09_14_35_06,111,success,111,False,0,0.0,111,1.0,False,written,AutoMoT/keyframe_filter/collection_output/r2_rgb_route_sheets_20260708/route_sheets/InvadingTurn/Town12_Rep0_3367_0_route0_01_09_14_35_06/page_000.jpg,AutoMoT/keyframe_filter/collection_output/r2_rgb_route_sheets_20260708/route_sheets/InvadingTurn/Town12_Rep0_3367_0_route0_01_09_14_35_06,"{""R1"": 111}","{""R-E1"": 111}"
InvadingTurn,Town12_Rep0_3367_1_route0_01_08_10_30_47,99,success,99,False,0,0.0,99,1.0,False,written,AutoMoT/keyframe_filter/collection_output/r2_rgb_route_sheets_20260708/route_sheets/InvadingTurn/Town12_Rep0_3367_1_route0_01_08_10_30_47/page_000.jpg,AutoMoT/keyframe_filter/collection_output/r2_rgb_route_sheets_20260708/route_sheets/InvadingTurn/Town12_Rep0_3367_1_route0_01_08_10_30_47,"{""R1"": 99}","{""R-E1"": 99}"
InvadingTurn,Town12_Rep0_4533_0_route0_01_09_13_00_19,138,success,138,False,0,0.0,138,1.0,False,written,AutoMoT/keyframe_filter/collection_output/r2_rgb_route_sheets_20260708/route_sheets/InvadingTurn/Town12_Rep0_4533_0_route0_01_09_13_00_19/page_000.jpg,AutoMoT/keyframe_filter/collection_output/r2_rgb_route_sheets_20260708/route_sheets/InvadingTurn/Town12_Rep0_4533_0_route0_01_09_13_00_19,"{""R1"": 138}","{""R-E1"": 138}"
InvadingTurn,Town12_Rep0_47_0_route0_01_10_01_00_43,268,success,268,False,0,0.0,268,1.0,False,written,AutoMoT/keyframe_filter/collection_output/r2_rgb_route_sheets_20260708/route_sheets/InvadingTurn/Town12_Rep0_47_0_route0_01_10_01_00_43/page_000.jpg,AutoMoT/keyframe_filter/collection_output/r2_rgb_route_sheets_20260708/route_sheets/InvadingTurn/Town12_Rep0_47_0_route0_01_10_01_00_43,"{""R1"": 115, ""R5"": 153}","{""R-E1"": 115, ""R-E5"": 72, ""U-E5"": 81}"
InvadingTurn,Town12_Rep0_47_1_route0_01_08_15_22_49,246,success,246,False,0,0.0,246,1.0,False,written,AutoMoT/keyframe_filter/collection_output/r2_rgb_route_sheets_20260708/route_sheets/InvadingTurn/Town12_Rep0_47_1_route0_01_08_15_22_49/page_000.jpg,AutoMoT/keyframe_filter/collection_output/r2_rgb_route_sheets_20260708/route_sheets/InvadingTurn/Town12_Rep0_47_1_route0_01_08_15_22_49,"{""R1"": 111, ""R5"": 135}","{""R-E1"": 111, ""R-E5"": 42, ""U-E5"": 93}"
InvadingTurn,Town13_Rep0_1448_0_route0_01_08_04_10_29,124,success,124,False,0,0.0,124,1.0,False,written,AutoMoT/keyframe_filter/collection_output/r2_rgb_route_sheets_20260708/route_sheets/InvadingTurn/Town13_Rep0_1448_0_route0_01_08_04_10_29/page_000.jpg,AutoMoT/keyframe_filter/collection_output/r2_rgb_route_sheets_20260708/route_sheets/InvadingTurn/Town13_Rep0_1448_0_route0_01_08_04_10_29,"{""R1"": 124}","{""R-E1"": 124}"
InvadingTurn,Town13_Rep0_1459_0_route0_01_11_01_12_45,164,success,164,False,0,0.0,164,1.0,False,written,AutoMoT/keyframe_filter/collection_output/r2_rgb_route_sheets_20260708/route_sheets/InvadingTurn/Town13_Rep0_1459_0_route0_01_11_01_12_45/page_000.jpg,AutoMoT/keyframe_filter/collection_output/r2_rgb_route_sheets_20260708/route_sheets/InvadingTurn/Town13_Rep0_1459_0_route0_01_11_01_12_45,"{""R1"": 120, ""R5"": 44}","{""R-E1"": 120, ""R-E5"": 7, ""U-E5"": 37}"
InvadingTurn,Town13_Rep0_1460_0_route0_01_10_18_11_25,178,success,178,False,0,0.0,178,1.0,False,written,AutoMoT/keyframe_filter/collection_output/r2_rgb_route_sheets_20260708/route_sheets/InvadingTurn/Town13_Rep0_1460_0_route0_01_10_18_11_25/page_000.jpg,AutoMoT/keyframe_filter/collection_output/r2_rgb_route_sheets_20260708/route_sheets/InvadingTurn/Town13_Rep0_1460_0_route0_01_10_18_11_25,"{""R1"": 178}","{""R-E1"": 178}"
InvadingTurn,Town13_Rep0_1461_0_route0_01_09_01_36_42,132,success,132,False,0,0.0,132,1.0,False,written,AutoMoT/keyframe_filter/collection_output/r2_rgb_route_sheets_20260708/route_sheets/InvadingTurn/Town13_Rep0_1461_0_route0_01_09_01_36_42/page_000.jpg,AutoMoT/keyframe_filter/collection_output/r2_rgb_route_sheets_20260708/route_sheets/InvadingTurn/Town13_Rep0_1461_0_route0_01_09_01_36_42,"{""R1"": 132}","{""R-E1"": 132}"
InvadingTurn,Town13_Rep0_1474_0_route0_01_07_23_54_24,118,success,118,False,0,0.0,118,1.0,False,written,AutoMoT/keyframe_filter/collection_output/r2_rgb_route_sheets_20260708/route_sheets/InvadingTurn/Town13_Rep0_1474_0_route0_01_07_23_54_24/page_000.jpg,AutoMoT/keyframe_filter/collection_output/r2_rgb_route_sheets_20260708/route_sheets/InvadingTurn/Town13_Rep0_1474_0_route0_01_07_23_54_24,"{""R1"": 118}","{""R-E1"": 118}"
InvadingTurn,Town13_Rep0_1476_0_route0_01_08_16_16_31,146,success,146,False,0,0.0,146,1.0,False,written,AutoMoT/keyframe_filter/collection_output/r2_rgb_route_sheets_20260708/route_sheets/InvadingTurn/Town13_Rep0_1476_0_route0_01_08_16_16_31/page_000.jpg,AutoMoT/keyframe_filter/collection_output/r2_rgb_route_sheets_20260708/route_sheets/InvadingTurn/Town13_Rep0_1476_0_route0_01_08_16_16_31,"{""R1"": 146}","{""R-E1"": 146}"
InvadingTurn,Town13_Rep0_1531_0_route0_01_10_23_28_39,97,success,97,False,0,0.0,97,1.0,False,written,AutoMoT/keyframe_filter/collection_output/r2_rgb_route_sheets_20260708/route_sheets/InvadingTurn/Town13_Rep0_1531_0_route0_01_10_23_28_39/page_000.jpg,AutoMoT/keyframe_filter/collection_output/r2_rgb_route_sheets_20260708/route_sheets/InvadingTurn/Town13_Rep0_1531_0_route0_01_10_23_28_39,"{""R1"": 97}","{""R-E1"": 97}"
InvadingTurn,Town13_Rep0_1605_0_route0_01_10_16_39_22,120,success,120,False,0,0.0,120,1.0,False,written,AutoMoT/keyframe_filter/collection_output/r2_rgb_route_sheets_20260708/route_sheets/InvadingTurn/Town13_Rep0_1605_0_route0_01_10_16_39_22/page_000.jpg,AutoMoT/keyframe_filter/collection_output/r2_rgb_route_sheets_20260708/route_sheets/InvadingTurn/Town13_Rep0_1605_0_route0_01_10_16_39_22,"{""R1"": 77, ""R5"": 43}","{""R-E1"": 77, ""R-E5"": 43}"
InvadingTurn,Town13_Rep0_1724_0_route0_01_10_07_46_58,198,success,198,False,0,0.0,198,1.0,False,written,AutoMoT/keyframe_filter/collection_output/r2_rgb_route_sheets_20260708/route_sheets/InvadingTurn/Town13_Rep0_1724_0_route0_01_10_07_46_58/page_000.jpg,AutoMoT/keyframe_filter/collection_output/r2_rgb_route_sheets_20260708/route_sheets/InvadingTurn/Town13_Rep0_1724_0_route0_01_10_07_46_58,"{""R1"": 68, ""R5"": 130}","{""R-E1"": 68, ""R-E5"": 28, ""U-E5"": 102}"
InvadingTurn,Town13_Rep0_1445_0_route0_01_08_04_23_18,134,success,134,False,0,0.0,133,0.9925,False,written,AutoMoT/keyframe_filter/collection_output/r2_rgb_route_sheets_20260708/route_sheets/InvadingTurn/Town13_Rep0_1445_0_route0_01_08_04_23_18/page_000.jpg,AutoMoT/keyframe_filter/collection_output/r2_rgb_route_sheets_20260708/route_sheets/InvadingTurn/Town13_Rep0_1445_0_route0_01_08_04_23_18,"{""R1"": 134}","{""R-E1"": 134}"
InvadingTurn,Town13_Rep0_1477_0_route0_01_08_04_11_51,118,success,118,False,0,0.0,117,0.9915,False,written,AutoMoT/keyframe_filter/collection_output/r2_rgb_route_sheets_20260708/route_sheets/InvadingTurn/Town13_Rep0_1477_0_route0_01_08_04_11_51/page_000.jpg,AutoMoT/keyframe_filter/collection_output/r2_rgb_route_sheets_20260708/route_sheets/InvadingTurn/Town13_Rep0_1477_0_route0_01_08_04_11_51,"{""R1"": 118}","{""R-E1"": 118}"
InvadingTurn,Town13_Rep0_1455_0_route0_01_10_21_55_16,137,success,137,False,0,0.0,135,0.9854,False,written,AutoMoT/keyframe_filter/collection_output/r2_rgb_route_sheets_20260708/route_sheets/InvadingTurn/Town13_Rep0_1455_0_route0_01_10_21_55_16/page_000.jpg,AutoMoT/keyframe_filter/collection_output/r2_rgb_route_sheets_20260708/route_sheets/InvadingTurn/Town13_Rep0_1455_0_route0_01_10_21_55_16,"{""R1"": 137}","{""R-E1"": 137}"
InvadingTurn,Town13_Rep0_1465_0_route0_01_10_09_36_08,110,success,110,False,0,0.0,108,0.9818,False,written,AutoMoT/keyframe_filter/collection_output/r2_rgb_route_sheets_20260708/route_sheets/InvadingTurn/Town13_Rep0_1465_0_route0_01_10_09_36_08/page_000.jpg,AutoMoT/keyframe_filter/collection_output/r2_rgb_route_sheets_20260708/route_sheets/InvadingTurn/Town13_Rep0_1465_0_route0_01_10_09_36_08,"{""R1"": 110}","{""R-E1"": 110}"
InvadingTurn,Town13_Rep0_1375_0_route0_01_09_13_47_27,96,success,96,False,0,0.0,92,0.9583,False,written,AutoMoT/keyframe_filter/collection_output/r2_rgb_route_sheets_20260708/route_sheets/InvadingTurn/Town13_Rep0_1375_0_route0_01_09_13_47_27/page_000.jpg,AutoMoT/keyframe_filter/collection_output/r2_rgb_route_sheets_20260708/route_sheets/InvadingTurn/Town13_Rep0_1375_0_route0_01_09_13_47_27,"{""R1"": 96}","{""R-E1"": 96}"
InvadingTurn,Town12_Rep0_78_0_route0_01_09_12_29_40,108,success,108,False,0,0.0,103,0.9537,False,written,AutoMoT/keyframe_filter/collection_output/r2_rgb_route_sheets_20260708/route_sheets/InvadingTurn/Town12_Rep0_78_0_route0_01_09_12_29_40/page_000.jpg,AutoMoT/keyframe_filter/collection_output/r2_rgb_route_sheets_20260708/route_sheets/InvadingTurn/Town12_Rep0_78_0_route0_01_09_12_29_40,"{""R1"": 108}","{""R-E1"": 108}"
InvadingTurn,Town13_Rep0_1296_0_route0_01_08_20_51_42,119,success,119,False,0,0.0,113,0.9496,False,written,AutoMoT/keyframe_filter/collection_output/r2_rgb_route_sheets_20260708/route_sheets/InvadingTurn/Town13_Rep0_1296_0_route0_01_08_20_51_42/page_000.jpg,AutoMoT/keyframe_filter/collection_output/r2_rgb_route_sheets_20260708/route_sheets/InvadingTurn/Town13_Rep0_1296_0_route0_01_08_20_51_42,"{""R1"": 119}","{""R-E1"": 119}"
InvadingTurn,Town13_Rep0_1453_0_route0_01_09_13_30_05,117,success,117,False,0,0.0,110,0.9402,False,written,AutoMoT/keyframe_filter/collection_output/r2_rgb_route_sheets_20260708/route_sheets/InvadingTurn/Town13_Rep0_1453_0_route0_01_09_13_30_05/page_000.jpg,AutoMoT/keyframe_filter/collection_output/r2_rgb_route_sheets_20260708/route_sheets/InvadingTurn/Town13_Rep0_1453_0_route0_01_09_13_30_05,"{""R1"": 117}","{""R-E1"": 117}"
InvadingTurn,Town13_Rep0_1310_0_route0_01_09_17_08_22,84,success,84,False,0,0.0,77,0.9167,False,written,AutoMoT/keyframe_filter/collection_output/r2_rgb_route_sheets_20260708/route_sheets/InvadingTurn/Town13_Rep0_1310_0_route0_01_09_17_08_22/page_000.jpg,AutoMoT/keyframe_filter/collection_output/r2_rgb_route_sheets_20260708/route_sheets/InvadingTurn/Town13_Rep0_1310_0_route0_01_09_17_08_22,"{""R1"": 84}","{""R-E1"": 84}"
ParkedObstacleTwoWays,Town12_Rep0_1250_0_route0_01_09_16_20_59,121,success,121,True,121,1.0,121,1.0,False,written,AutoMoT/keyframe_filter/collection_output/r2_rgb_route_sheets_20260708/route_sheets/ParkedObstacleTwoWays/Town12_Rep0_1250_0_route0_01_09_16_20_59/page_000.jpg,AutoMoT/keyframe_filter/collection_output/r2_rgb_route_sheets_20260708/route_sheets/ParkedObstacleTwoWays/Town12_Rep0_1250_0_route0_01_09_16_20_59,"{""R2"": 121}","{""R-E1"": 74, ""R-E2"": 23, ""U-E2"": 24}"
ParkedObstacleTwoWays,Town12_Rep0_1449_0_route0_01_11_03_34_35,124,success,124,True,124,1.0,124,1.0,False,written,AutoMoT/keyframe_filter/collection_output/r2_rgb_route_sheets_20260708/route_sheets/ParkedObstacleTwoWays/Town12_Rep0_1449_0_route0_01_11_03_34_35/page_000.jpg,AutoMoT/keyframe_filter/collection_output/r2_rgb_route_sheets_20260708/route_sheets/ParkedObstacleTwoWays/Town12_Rep0_1449_0_route0_01_11_03_34_35,"{""R2"": 124}","{""R-E1"": 79, ""R-E2"": 22, ""U-E2"": 23}"
ParkedObstacleTwoWays,Town12_Rep0_1484_0_route0_01_10_00_05_25,158,success,158,True,158,1.0,158,1.0,False,written,AutoMoT/keyframe_filter/collection_output/r2_rgb_route_sheets_20260708/route_sheets/ParkedObstacleTwoWays/Town12_Rep0_1484_0_route0_01_10_00_05_25/page_000.jpg,AutoMoT/keyframe_filter/collection_output/r2_rgb_route_sheets_20260708/route_sheets/ParkedObstacleTwoWays/Town12_Rep0_1484_0_route0_01_10_00_05_25,"{""R2"": 158}","{""R-E1"": 83, ""R-E2"": 21, ""U-E2"": 54}"
ParkedObstacleTwoWays,Town12_Rep0_1947_0_route0_01_08_19_43_29,135,success,135,True,135,1.0,135,1.0,False,written,AutoMoT/keyframe_filter/collection_output/r2_rgb_route_sheets_20260708/route_sheets/ParkedObstacleTwoWays/Town12_Rep0_1947_0_route0_01_08_19_43_29/page_000.jpg,AutoMoT/keyframe_filter/collection_output/r2_rgb_route_sheets_20260708/route_sheets/ParkedObstacleTwoWays/Town12_Rep0_1947_0_route0_01_08_19_43_29,"{""R2"": 135}","{""R-E1"": 82, ""R-E2"": 21, ""U-E2"": 32}"
ParkedObstacleTwoWays,Town12_Rep0_1954_0_route0_01_08_10_03_37,139,success,139,True,139,1.0,139,1.0,False,written,AutoMoT/keyframe_filter/collection_output/r2_rgb_route_sheets_20260708/route_sheets/ParkedObstacleTwoWays/Town12_Rep0_1954_0_route0_01_08_10_03_37/page_000.jpg,AutoMoT/keyframe_filter/collection_output/r2_rgb_route_sheets_20260708/route_sheets/ParkedObstacleTwoWays/Town12_Rep0_1954_0_route0_01_08_10_03_37,"{""R2"": 139}","{""R-E1"": 89, ""R-E2"": 23, ""U-E2"": 27}"
ParkedObstacleTwoWays,Town12_Rep0_2006_0_route0_01_09_03_30_54,131,success,131,True,131,1.0,131,1.0,False,written,AutoMoT/keyframe_filter/collection_output/r2_rgb_route_sheets_20260708/route_sheets/ParkedObstacleTwoWays/Town12_Rep0_2006_0_route0_01_09_03_30_54/page_000.jpg,AutoMoT/keyframe_filter/collection_output/r2_rgb_route_sheets_20260708/route_sheets/ParkedObstacleTwoWays/Town12_Rep0_2006_0_route0_01_09_03_30_54,"{""R2"": 131}","{""R-E1"": 77, ""R-E2"": 23, ""U-E2"": 31}"
ParkedObstacleTwoWays,Town12_Rep0_2009_0_route0_01_10_03_29_25,155,success,155,True,155,1.0,155,1.0,False,written,AutoMoT/keyframe_filter/collection_output/r2_rgb_route_sheets_20260708/route_sheets/ParkedObstacleTwoWays/Town12_Rep0_2009_0_route0_01_10_03_29_25/page_000.jpg,AutoMoT/keyframe_filter/collection_output/r2_rgb_route_sheets_20260708/route_sheets/ParkedObstacleTwoWays/Town12_Rep0_2009_0_route0_01_10_03_29_25,"{""R2"": 155}","{""R-E1"": 75, ""R-E2"": 20, ""U-E2"": 60}"
ParkedObstacleTwoWays,Town12_Rep0_2015_0_route0_01_08_22_11_09,155,success,155,True,155,1.0,155,1.0,False,written,AutoMoT/keyframe_filter/collection_output/r2_rgb_route_sheets_20260708/route_sheets/ParkedObstacleTwoWays/Town12_Rep0_2015_0_route0_01_08_22_11_09/page_000.jpg,AutoMoT/keyframe_filter/collection_output/r2_rgb_route_sheets_20260708/route_sheets/ParkedObstacleTwoWays/Town12_Rep0_2015_0_route0_01_08_22_11_09,"{""R2"": 155}","{""R-E1"": 77, ""R-E2"": 19, ""U-E2"": 59}"
ParkedObstacleTwoWays,Town12_Rep0_2025_0_route0_01_09_14_49_03,119,success,119,True,119,1.0,119,1.0,False,written,AutoMoT/keyframe_filter/collection_output/r2_rgb_route_sheets_20260708/route_sheets/ParkedObstacleTwoWays/Town12_Rep0_2025_0_route0_01_09_14_49_03/page_000.jpg,AutoMoT/keyframe_filter/collection_output/r2_rgb_route_sheets_20260708/route_sheets/ParkedObstacleTwoWays/Town12_Rep0_2025_0_route0_01_09_14_49_03,"{""R2"": 119}","{""R-E1"": 69, ""R-E2"": 19, ""U-E2"": 31}"
ParkedObstacleTwoWays,Town12_Rep0_2033_0_route0_01_10_18_06_38,128,success,128,True,128,1.0,128,1.0,False,written,AutoMoT/keyframe_filter/collection_output/r2_rgb_route_sheets_20260708/route_sheets/ParkedObstacleTwoWays/Town12_Rep0_2033_0_route0_01_10_18_06_38/page_000.jpg,AutoMoT/keyframe_filter/collection_output/r2_rgb_route_sheets_20260708/route_sheets/ParkedObstacleTwoWays/Town12_Rep0_2033_0_route0_01_10_18_06_38,"{""R2"": 128}","{""R-E1"": 70, ""R-E2"": 20, ""U-E2"": 38}"
ParkedObstacleTwoWays,Town12_Rep0_2414_0_route0_01_09_10_21_54,145,success,145,True,145,1.0,145,1.0,False,written,AutoMoT/keyframe_filter/collection_output/r2_rgb_route_sheets_20260708/route_sheets/ParkedObstacleTwoWays/Town12_Rep0_2414_0_route0_01_09_10_21_54/page_000.jpg,AutoMoT/keyframe_filter/collection_output/r2_rgb_route_sheets_20260708/route_sheets/ParkedObstacleTwoWays/Town12_Rep0_2414_0_route0_01_09_10_21_54,"{""R2"": 145}","{""R-E1"": 62, ""R-E2"": 23, ""U-E2"": 60}"
ParkedObstacleTwoWays,Town12_Rep0_2674_0_route0_01_09_09_33_17,146,success,146,True,146,1.0,146,1.0,False,written,AutoMoT/keyframe_filter/collection_output/r2_rgb_route_sheets_20260708/route_sheets/ParkedObstacleTwoWays/Town12_Rep0_2674_0_route0_01_09_09_33_17/page_000.jpg,AutoMoT/keyframe_filter/collection_output/r2_rgb_route_sheets_20260708/route_sheets/ParkedObstacleTwoWays/Town12_Rep0_2674_0_route0_01_09_09_33_17,"{""R2"": 146}","{""R-E1"": 63, ""R-E2"": 20, ""U-E2"": 63}"
ParkedObstacleTwoWays,Town12_Rep0_2897_0_route0_01_10_23_31_56,141,success,141,True,141,1.0,141,1.0,False,written,AutoMoT/keyframe_filter/collection_output/r2_rgb_route_sheets_20260708/route_sheets/ParkedObstacleTwoWays/Town12_Rep0_2897_0_route0_01_10_23_31_56/page_000.jpg,AutoMoT/keyframe_filter/collection_output/r2_rgb_route_sheets_20260708/route_sheets/ParkedObstacleTwoWays/Town12_Rep0_2897_0_route0_01_10_23_31_56,"{""R2"": 141}","{""R-E1"": 65, ""R-E2"": 18, ""U-E2"": 58}"
ParkedObstacleTwoWays,Town12_Rep0_2996_0_route0_01_11_03_17_17,180,success,180,True,180,1.0,180,1.0,False,written,AutoMoT/keyframe_filter/collection_output/r2_rgb_route_sheets_20260708/route_sheets/ParkedObstacleTwoWays/Town12_Rep0_2996_0_route0_01_11_03_17_17/page_000.jpg,AutoMoT/keyframe_filter/collection_output/r2_rgb_route_sheets_20260708/route_sheets/ParkedObstacleTwoWays/Town12_Rep0_2996_0_route0_01_11_03_17_17,"{""R2"": 180}","{""R-E1"": 103, ""R-E2"": 23, ""U-E2"": 54}"
ParkedObstacleTwoWays,Town12_Rep0_3001_0_route0_01_10_04_36_09,128,success,128,True,128,1.0,128,1.0,False,written,AutoMoT/keyframe_filter/collection_output/r2_rgb_route_sheets_20260708/route_sheets/ParkedObstacleTwoWays/Town12_Rep0_3001_0_route0_01_10_04_36_09/page_000.jpg,AutoMoT/keyframe_filter/collection_output/r2_rgb_route_sheets_20260708/route_sheets/ParkedObstacleTwoWays/Town12_Rep0_3001_0_route0_01_10_04_36_09,"{""R2"": 128}","{""R-E1"": 80, ""R-E2"": 18, ""U-E2"": 30}"
ParkedObstacleTwoWays,Town12_Rep0_3091_0_route0_01_10_18_35_40,88,success,88,True,88,1.0,88,1.0,False,written,AutoMoT/keyframe_filter/collection_output/r2_rgb_route_sheets_20260708/route_sheets/ParkedObstacleTwoWays/Town12_Rep0_3091_0_route0_01_10_18_35_40/page_000.jpg,AutoMoT/keyframe_filter/collection_output/r2_rgb_route_sheets_20260708/route_sheets/ParkedObstacleTwoWays/Town12_Rep0_3091_0_route0_01_10_18_35_40,"{""R2"": 88}","{""R-E1"": 40, ""R-E2"": 18, ""U-E2"": 30}"
ParkedObstacleTwoWays,Town12_Rep0_3508_0_route0_01_10_21_27_37,152,success,152,True,152,1.0,152,1.0,False,written,AutoMoT/keyframe_filter/collection_output/r2_rgb_route_sheets_20260708/route_sheets/ParkedObstacleTwoWays/Town12_Rep0_3508_0_route0_01_10_21_27_37/page_000.jpg,AutoMoT/keyframe_filter/collection_output/r2_rgb_route_sheets_20260708/route_sheets/ParkedObstacleTwoWays/Town12_Rep0_3508_0_route0_01_10_21_27_37,"{""R2"": 152}","{""R-E1"": 74, ""R-E2"": 19, ""U-E2"": 59}"
ParkedObstacleTwoWays,Town12_Rep0_3526_0_route0_01_09_19_05_24,115,success,115,True,115,1.0,115,1.0,False,written,AutoMoT/keyframe_filter/collection_output/r2_rgb_route_sheets_20260708/route_sheets/ParkedObstacleTwoWays/Town12_Rep0_3526_0_route0_01_09_19_05_24/page_000.jpg,AutoMoT/keyframe_filter/collection_output/r2_rgb_route_sheets_20260708/route_sheets/ParkedObstacleTwoWays/Town12_Rep0_3526_0_route0_01_09_19_05_24,"{""R2"": 115}","{""R-E1"": 75, ""R-E2"": 19, ""U-E2"": 21}"
ParkedObstacleTwoWays,Town12_Rep0_367_0_route0_01_10_02_48_56,117,success,117,True,117,1.0,117,1.0,False,written,AutoMoT/keyframe_filter/collection_output/r2_rgb_route_sheets_20260708/route_sheets/ParkedObstacleTwoWays/Town12_Rep0_367_0_route0_01_10_02_48_56/page_000.jpg,AutoMoT/keyframe_filter/collection_output/r2_rgb_route_sheets_20260708/route_sheets/ParkedObstacleTwoWays/Town12_Rep0_367_0_route0_01_10_02_48_56,"{""R2"": 117}","{""R-E1"": 76, ""R-E2"": 19, ""U-E2"": 22}"
ParkedObstacleTwoWays,Town12_Rep0_368_0_route0_01_08_15_08_47,118,success,118,True,118,1.0,118,1.0,False,written,AutoMoT/keyframe_filter/collection_output/r2_rgb_route_sheets_20260708/route_sheets/ParkedObstacleTwoWays/Town12_Rep0_368_0_route0_01_08_15_08_47/page_000.jpg,AutoMoT/keyframe_filter/collection_output/r2_rgb_route_sheets_20260708/route_sheets/ParkedObstacleTwoWays/Town12_Rep0_368_0_route0_01_08_15_08_47,"{""R2"": 118}","{""R-E1"": 69, ""R-E2"": 20, ""U-E2"": 29}"
ParkedObstacleTwoWays,Town12_Rep0_4157_0_route0_01_09_13_05_24,134,success,134,True,134,1.0,134,1.0,False,written,AutoMoT/keyframe_filter/collection_output/r2_rgb_route_sheets_20260708/route_sheets/ParkedObstacleTwoWays/Town12_Rep0_4157_0_route0_01_09_13_05_24/page_000.jpg,AutoMoT/keyframe_filter/collection_output/r2_rgb_route_sheets_20260708/route_sheets/ParkedObstacleTwoWays/Town12_Rep0_4157_0_route0_01_09_13_05_24,"{""R2"": 134}","{""R-E1"": 55, ""R-E2"": 19, ""U-E2"": 60}"
ParkedObstacleTwoWays,Town12_Rep0_4190_0_route0_01_07_22_52_07,153,success,153,True,153,1.0,153,1.0,False,written,AutoMoT/keyframe_filter/collection_output/r2_rgb_route_sheets_20260708/route_sheets/ParkedObstacleTwoWays/Town12_Rep0_4190_0_route0_01_07_22_52_07/page_000.jpg,AutoMoT/keyframe_filter/collection_output/r2_rgb_route_sheets_20260708/route_sheets/ParkedObstacleTwoWays/Town12_Rep0_4190_0_route0_01_07_22_52_07,"{""R2"": 153}","{""R-E1"": 75, ""R-E2"": 19, ""U-E2"": 59}"
ParkedObstacleTwoWays,Town12_Rep0_4546_0_route0_01_09_05_36_37,151,success,151,True,151,1.0,151,1.0,False,written,AutoMoT/keyframe_filter/collection_output/r2_rgb_route_sheets_20260708/route_sheets/ParkedObstacleTwoWays/Town12_Rep0_4546_0_route0_01_09_05_36_37/page_000.jpg,AutoMoT/keyframe_filter/collection_output/r2_rgb_route_sheets_20260708/route_sheets/ParkedObstacleTwoWays/Town12_Rep0_4546_0_route0_01_09_05_36_37,"{""R2"": 151}","{""R-E1"": 71, ""R-E2"": 17, ""U-E2"": 63}"
ParkedObstacleTwoWays,Town12_Rep0_4604_0_route0_01_10_16_07_44,133,success,133,True,133,1.0,133,1.0,False,written,AutoMoT/keyframe_filter/collection_output/r2_rgb_route_sheets_20260708/route_sheets/ParkedObstacleTwoWays/Town12_Rep0_4604_0_route0_01_10_16_07_44/page_000.jpg,AutoMoT/keyframe_filter/collection_output/r2_rgb_route_sheets_20260708/route_sheets/ParkedObstacleTwoWays/Town12_Rep0_4604_0_route0_01_10_16_07_44,"{""R2"": 133}","{""R-E1"": 55, ""R-E2"": 20, ""U-E2"": 58}"
ParkedObstacleTwoWays,Town12_Rep0_4623_0_route0_01_07_22_45_28,158,success,158,True,158,1.0,158,1.0,False,written,AutoMoT/keyframe_filter/collection_output/r2_rgb_route_sheets_20260708/route_sheets/ParkedObstacleTwoWays/Town12_Rep0_4623_0_route0_01_07_22_45_28/page_000.jpg,AutoMoT/keyframe_filter/collection_output/r2_rgb_route_sheets_20260708/route_sheets/ParkedObstacleTwoWays/Town12_Rep0_4623_0_route0_01_07_22_45_28,"{""R2"": 158}","{""R-E1"": 79, ""R-E2"": 20, ""U-E2"": 59}"
ParkedObstacleTwoWays,Town12_Rep0_76_0_route0_01_08_20_35_23,134,success,134,True,134,1.0,134,1.0,False,written,AutoMoT/keyframe_filter/collection_output/r2_rgb_route_sheets_20260708/route_sheets/ParkedObstacleTwoWays/Town12_Rep0_76_0_route0_01_08_20_35_23/page_000.jpg,AutoMoT/keyframe_filter/collection_output/r2_rgb_route_sheets_20260708/route_sheets/ParkedObstacleTwoWays/Town12_Rep0_76_0_route0_01_08_20_35_23,"{""R2"": 134}","{""R-E1"": 57, ""R-E2"": 19, ""U-E2"": 58}"
ParkedObstacleTwoWays,Town13_Rep0_1300_0_route0_01_11_01_07_24,73,success,73,True,73,1.0,73,1.0,False,written,AutoMoT/keyframe_filter/collection_output/r2_rgb_route_sheets_20260708/route_sheets/ParkedObstacleTwoWays/Town13_Rep0_1300_0_route0_01_11_01_07_24/page_000.jpg,AutoMoT/keyframe_filter/collection_output/r2_rgb_route_sheets_20260708/route_sheets/ParkedObstacleTwoWays/Town13_Rep0_1300_0_route0_01_11_01_07_24,"{""R2"": 73}","{""R-E1"": 35, ""R-E2"": 21, ""U-E2"": 17}"
ParkedObstacleTwoWays,Town13_Rep0_1300_1_route0_01_08_19_38_27,72,success,72,True,72,1.0,72,1.0,False,written,AutoMoT/keyframe_filter/collection_output/r2_rgb_route_sheets_20260708/route_sheets/ParkedObstacleTwoWays/Town13_Rep0_1300_1_route0_01_08_19_38_27/page_000.jpg,AutoMoT/keyframe_filter/collection_output/r2_rgb_route_sheets_20260708/route_sheets/ParkedObstacleTwoWays/Town13_Rep0_1300_1_route0_01_08_19_38_27,"{""R2"": 72}","{""R-E1"": 34, ""R-E2"": 22, ""U-E2"": 16}"
ParkedObstacleTwoWays,Town13_Rep0_1300_2_route0_01_09_04_03_14,69,success,69,True,69,1.0,69,1.0,False,written,AutoMoT/keyframe_filter/collection_output/r2_rgb_route_sheets_20260708/route_sheets/ParkedObstacleTwoWays/Town13_Rep0_1300_2_route0_01_09_04_03_14/page_000.jpg,AutoMoT/keyframe_filter/collection_output/r2_rgb_route_sheets_20260708/route_sheets/ParkedObstacleTwoWays/Town13_Rep0_1300_2_route0_01_09_04_03_14,"{""R2"": 69}","{""R-E1"": 35, ""R-E2"": 20, ""U-E2"": 14}"
ParkedObstacleTwoWays,Town13_Rep0_1331_0_route0_01_10_13_38_01,103,success,103,True,103,1.0,103,1.0,False,written,AutoMoT/keyframe_filter/collection_output/r2_rgb_route_sheets_20260708/route_sheets/ParkedObstacleTwoWays/Town13_Rep0_1331_0_route0_01_10_13_38_01/page_000.jpg,AutoMoT/keyframe_filter/collection_output/r2_rgb_route_sheets_20260708/route_sheets/ParkedObstacleTwoWays/Town13_Rep0_1331_0_route0_01_10_13_38_01,"{""R2"": 103}","{""R-E1"": 49, ""R-E2"": 20, ""U-E2"": 34}"
ParkedObstacleTwoWays,Town13_Rep0_1331_1_route0_01_11_03_14_50,100,success,100,True,100,1.0,100,1.0,False,written,AutoMoT/keyframe_filter/collection_output/r2_rgb_route_sheets_20260708/route_sheets/ParkedObstacleTwoWays/Town13_Rep0_1331_1_route0_01_11_03_14_50/page_000.jpg,AutoMoT/keyframe_filter/collection_output/r2_rgb_route_sheets_20260708/route_sheets/ParkedObstacleTwoWays/Town13_Rep0_1331_1_route0_01_11_03_14_50,"{""R2"": 100}","{""R-E1"": 48, ""R-E2"": 19, ""U-E2"": 33}"
ParkedObstacleTwoWays,Town13_Rep0_1331_2_route0_01_09_14_44_41,103,success,103,True,103,1.0,103,1.0,False,written,AutoMoT/keyframe_filter/collection_output/r2_rgb_route_sheets_20260708/route_sheets/ParkedObstacleTwoWays/Town13_Rep0_1331_2_route0_01_09_14_44_41/page_000.jpg,AutoMoT/keyframe_filter/collection_output/r2_rgb_route_sheets_20260708/route_sheets/ParkedObstacleTwoWays/Town13_Rep0_1331_2_route0_01_09_14_44_41,"{""R2"": 103}","{""R-E1"": 49, ""R-E2"": 20, ""U-E2"": 34}"
ParkedObstacleTwoWays,Town13_Rep0_1406_0_route0_01_09_17_04_04,139,success,139,True,139,1.0,139,1.0,False,written,AutoMoT/keyframe_filter/collection_output/r2_rgb_route_sheets_20260708/route_sheets/ParkedObstacleTwoWays/Town13_Rep0_1406_0_route0_01_09_17_04_04/page_000.jpg,AutoMoT/keyframe_filter/collection_output/r2_rgb_route_sheets_20260708/route_sheets/ParkedObstacleTwoWays/Town13_Rep0_1406_0_route0_01_09_17_04_04,"{""R2"": 139}","{""R-E1"": 61, ""R-E2"": 22, ""U-E2"": 56}"
ParkedObstacleTwoWays,Town13_Rep0_1406_1_route0_01_10_22_35_26,135,success,135,True,135,1.0,135,1.0,False,written,AutoMoT/keyframe_filter/collection_output/r2_rgb_route_sheets_20260708/route_sheets/ParkedObstacleTwoWays/Town13_Rep0_1406_1_route0_01_10_22_35_26/page_000.jpg,AutoMoT/keyframe_filter/collection_output/r2_rgb_route_sheets_20260708/route_sheets/ParkedObstacleTwoWays/Town13_Rep0_1406_1_route0_01_10_22_35_26,"{""R2"": 135}","{""R-E1"": 55, ""R-E2"": 20, ""U-E2"": 60}"
ParkedObstacleTwoWays,Town13_Rep0_1406_2_route0_01_10_18_37_57,139,success,139,True,139,1.0,139,1.0,False,written,AutoMoT/keyframe_filter/collection_output/r2_rgb_route_sheets_20260708/route_sheets/ParkedObstacleTwoWays/Town13_Rep0_1406_2_route0_01_10_18_37_57/page_000.jpg,AutoMoT/keyframe_filter/collection_output/r2_rgb_route_sheets_20260708/route_sheets/ParkedObstacleTwoWays/Town13_Rep0_1406_2_route0_01_10_18_37_57,"{""R2"": 139}","{""R-E1"": 60, ""R-E2"": 23, ""U-E2"": 56}"
ParkedObstacleTwoWays,Town13_Rep0_1470_0_route0_01_09_09_27_52,135,success,135,True,135,1.0,135,1.0,False,written,AutoMoT/keyframe_filter/collection_output/r2_rgb_route_sheets_20260708/route_sheets/ParkedObstacleTwoWays/Town13_Rep0_1470_0_route0_01_09_09_27_52/page_000.jpg,AutoMoT/keyframe_filter/collection_output/r2_rgb_route_sheets_20260708/route_sheets/ParkedObstacleTwoWays/Town13_Rep0_1470_0_route0_01_09_09_27_52,"{""R2"": 135}","{""R-E1"": 57, ""R-E2"": 20, ""U-E2"": 58}"
ParkedObstacleTwoWays,Town13_Rep0_1470_1_route0_01_10_22_47_04,96,success,96,True,96,1.0,96,1.0,False,written,AutoMoT/keyframe_filter/collection_output/r2_rgb_route_sheets_20260708/route_sheets/ParkedObstacleTwoWays/Town13_Rep0_1470_1_route0_01_10_22_47_04/page_000.jpg,AutoMoT/keyframe_filter/collection_output/r2_rgb_route_sheets_20260708/route_sheets/ParkedObstacleTwoWays/Town13_Rep0_1470_1_route0_01_10_22_47_04,"{""R2"": 96}","{""R-E1"": 54, ""R-E2"": 19, ""U-E2"": 23}"
ParkedObstacleTwoWays,Town13_Rep0_1470_2_route0_01_09_00_48_39,132,success,132,True,132,1.0,132,1.0,False,written,AutoMoT/keyframe_filter/collection_output/r2_rgb_route_sheets_20260708/route_sheets/ParkedObstacleTwoWays/Town13_Rep0_1470_2_route0_01_09_00_48_39/page_000.jpg,AutoMoT/keyframe_filter/collection_output/r2_rgb_route_sheets_20260708/route_sheets/ParkedObstacleTwoWays/Town13_Rep0_1470_2_route0_01_09_00_48_39,"{""R2"": 132}","{""R-E1"": 54, ""R-E2"": 19, ""U-E2"": 59}"
ParkedObstacleTwoWays,Town13_Rep0_43_0_route0_01_09_07_52_36,108,success,108,True,108,1.0,108,1.0,False,written,AutoMoT/keyframe_filter/collection_output/r2_rgb_route_sheets_20260708/route_sheets/ParkedObstacleTwoWays/Town13_Rep0_43_0_route0_01_09_07_52_36/page_000.jpg,AutoMoT/keyframe_filter/collection_output/r2_rgb_route_sheets_20260708/route_sheets/ParkedObstacleTwoWays/Town13_Rep0_43_0_route0_01_09_07_52_36,"{""R2"": 108}","{""R-E1"": 55, ""R-E2"": 22, ""U-E2"": 31}"
ParkedObstacleTwoWays,Town13_Rep0_43_1_route0_01_09_15_21_54,123,success,123,True,123,1.0,123,1.0,False,written,AutoMoT/keyframe_filter/collection_output/r2_rgb_route_sheets_20260708/route_sheets/ParkedObstacleTwoWays/Town13_Rep0_43_1_route0_01_09_15_21_54/page_000.jpg,AutoMoT/keyframe_filter/collection_output/r2_rgb_route_sheets_20260708/route_sheets/ParkedObstacleTwoWays/Town13_Rep0_43_1_route0_01_09_15_21_54,"{""R2"": 123}","{""R-E1"": 44, ""R-E2"": 20, ""U-E2"": 59}"
ParkedObstacleTwoWays,Town12_Rep0_415_0_route0_01_10_11_48_37,135,success,135,True,135,1.0,115,0.8519,False,written,AutoMoT/keyframe_filter/collection_output/r2_rgb_route_sheets_20260708/route_sheets/ParkedObstacleTwoWays/Town12_Rep0_415_0_route0_01_10_11_48_37/page_000.jpg,AutoMoT/keyframe_filter/collection_output/r2_rgb_route_sheets_20260708/route_sheets/ParkedObstacleTwoWays/Town12_Rep0_415_0_route0_01_10_11_48_37,"{""R2"": 135}","{""R-E1"": 56, ""R-E2"": 19, ""U-E2"": 60}"
ParkedObstacleTwoWays,Town12_Rep0_465_0_route0_01_10_23_39_17,86,success,86,True,86,1.0,67,0.7791,False,written,AutoMoT/keyframe_filter/collection_output/r2_rgb_route_sheets_20260708/route_sheets/ParkedObstacleTwoWays/Town12_Rep0_465_0_route0_01_10_23_39_17/page_000.jpg,AutoMoT/keyframe_filter/collection_output/r2_rgb_route_sheets_20260708/route_sheets/ParkedObstacleTwoWays/Town12_Rep0_465_0_route0_01_10_23_39_17,"{""R2"": 86}","{""R-E1"": 51, ""R-E2"": 19, ""U-E2"": 16}"
ParkedObstacleTwoWays,Town12_Rep0_1212_0_route0_01_10_00_58_25,87,success,87,True,83,0.954023,6,0.069,False,written,AutoMoT/keyframe_filter/collection_output/r2_rgb_route_sheets_20260708/route_sheets/ParkedObstacleTwoWays/Town12_Rep0_1212_0_route0_01_10_00_58_25/page_000.jpg,AutoMoT/keyframe_filter/collection_output/r2_rgb_route_sheets_20260708/route_sheets/ParkedObstacleTwoWays/Town12_Rep0_1212_0_route0_01_10_00_58_25,"{""R2"": 83, ""R4"": 4}","{""R-E1"": 41, ""R-E2"": 20, ""R-E4"": 4, ""U-E2"": 22}"
ParkedObstacleTwoWays,Town12_Rep0_578_0_route0_01_11_05_26_12,97,success,97,True,92,0.948454,97,1.0,False,written,AutoMoT/keyframe_filter/collection_output/r2_rgb_route_sheets_20260708/route_sheets/ParkedObstacleTwoWays/Town12_Rep0_578_0_route0_01_11_05_26_12/page_000.jpg,AutoMoT/keyframe_filter/collection_output/r2_rgb_route_sheets_20260708/route_sheets/ParkedObstacleTwoWays/Town12_Rep0_578_0_route0_01_11_05_26_12,"{""R2"": 92, ""R4"": 5}","{""R-E1"": 41, ""R-E2"": 21, ""R-E4"": 5, ""U-E2"": 30}"
ParkedObstacleTwoWays,Town12_Rep0_2915_0_route0_01_09_10_16_15,141,success,141,True,130,0.921986,141,1.0,False,written,AutoMoT/keyframe_filter/collection_output/r2_rgb_route_sheets_20260708/route_sheets/ParkedObstacleTwoWays/Town12_Rep0_2915_0_route0_01_09_10_16_15/page_000.jpg,AutoMoT/keyframe_filter/collection_output/r2_rgb_route_sheets_20260708/route_sheets/ParkedObstacleTwoWays/Town12_Rep0_2915_0_route0_01_09_10_16_15,"{""R2"": 130, ""R5"": 11}","{""R-E1"": 80, ""R-E2"": 23, ""R-E5"": 11, ""U-E2"": 27}"
ParkedObstacleTwoWays,Town12_Rep0_4627_0_route0_01_09_01_07_10,112,success,112,True,103,0.919643,112,1.0,False,written,AutoMoT/keyframe_filter/collection_output/r2_rgb_route_sheets_20260708/route_sheets/ParkedObstacleTwoWays/Town12_Rep0_4627_0_route0_01_09_01_07_10/page_000.jpg,AutoMoT/keyframe_filter/collection_output/r2_rgb_route_sheets_20260708/route_sheets/ParkedObstacleTwoWays/Town12_Rep0_4627_0_route0_01_09_01_07_10,"{""R2"": 103, ""R5"": 9}","{""R-E1"": 49, ""R-E2"": 20, ""R-E5"": 9, ""U-E2"": 34}"
ParkedObstacleTwoWays,Town13_Rep0_1720_1_route0_01_10_18_26_24,140,success,140,True,128,0.914286,140,1.0,False,written,AutoMoT/keyframe_filter/collection_output/r2_rgb_route_sheets_20260708/route_sheets/ParkedObstacleTwoWays/Town13_Rep0_1720_1_route0_01_10_18_26_24/page_000.jpg,AutoMoT/keyframe_filter/collection_output/r2_rgb_route_sheets_20260708/route_sheets/ParkedObstacleTwoWays/Town13_Rep0_1720_1_route0_01_10_18_26_24,"{""R2"": 128, ""R4"": 6, ""R5"": 6}","{""R-E1"": 49, ""R-E2"": 22, ""R-E4"": 6, ""R-E5"": 6, ""U-E2"": 57}"
ParkedObstacleTwoWays,Town12_Rep0_1776_0_route0_01_09_13_03_17,132,success,132,True,119,0.901515,132,1.0,False,written,AutoMoT/keyframe_filter/collection_output/r2_rgb_route_sheets_20260708/route_sheets/ParkedObstacleTwoWays/Town12_Rep0_1776_0_route0_01_09_13_03_17/page_000.jpg,AutoMoT/keyframe_filter/collection_output/r2_rgb_route_sheets_20260708/route_sheets/ParkedObstacleTwoWays/Town12_Rep0_1776_0_route0_01_09_13_03_17,"{""R2"": 119, ""R4"": 13}","{""R-E1"": 40, ""R-E2"": 19, ""R-E4"": 13, ""U-E2"": 60}"
ParkedObstacleTwoWays,Town12_Rep0_1526_0_route0_01_09_23_35_02,110,success,110,True,98,0.890909,110,1.0,False,written,AutoMoT/keyframe_filter/collection_output/r2_rgb_route_sheets_20260708/route_sheets/ParkedObstacleTwoWays/Town12_Rep0_1526_0_route0_01_09_23_35_02/page_000.jpg,AutoMoT/keyframe_filter/collection_output/r2_rgb_route_sheets_20260708/route_sheets/ParkedObstacleTwoWays/Town12_Rep0_1526_0_route0_01_09_23_35_02,"{""R2"": 98, ""R4"": 12}","{""R-E1"": 46, ""R-E2"": 20, ""R-E4"": 12, ""U-E2"": 32}"
ParkedObstacleTwoWays,Town12_Rep0_3136_0_route0_01_08_01_12_20,151,success,151,True,133,0.880795,151,1.0,False,written,AutoMoT/keyframe_filter/collection_output/r2_rgb_route_sheets_20260708/route_sheets/ParkedObstacleTwoWays/Town12_Rep0_3136_0_route0_01_08_01_12_20/page_000.jpg,AutoMoT/keyframe_filter/collection_output/r2_rgb_route_sheets_20260708/route_sheets/ParkedObstacleTwoWays/Town12_Rep0_3136_0_route0_01_08_01_12_20,"{""R2"": 133, ""R5"": 18}","{""R-E1"": 54, ""R-E2"": 23, ""R-E5"": 18, ""U-E2"": 56}"
ParkedObstacleTwoWays,Town12_Rep0_4596_0_route0_01_10_00_06_11,106,success,106,True,93,0.877358,106,1.0,False,written,AutoMoT/keyframe_filter/collection_output/r2_rgb_route_sheets_20260708/route_sheets/ParkedObstacleTwoWays/Town12_Rep0_4596_0_route0_01_10_00_06_11/page_000.jpg,AutoMoT/keyframe_filter/collection_output/r2_rgb_route_sheets_20260708/route_sheets/ParkedObstacleTwoWays/Town12_Rep0_4596_0_route0_01_10_00_06_11,"{""R2"": 93, ""R5"": 13}","{""R-E1"": 46, ""R-E2"": 21, ""R-E5"": 13, ""U-E2"": 26}"
ParkedObstacleTwoWays,Town13_Rep0_1351_2_route0_01_09_13_00_10,212,success,212,True,186,0.877358,212,1.0,False,written,AutoMoT/keyframe_filter/collection_output/r2_rgb_route_sheets_20260708/route_sheets/ParkedObstacleTwoWays/Town13_Rep0_1351_2_route0_01_09_13_00_10/page_000.jpg,AutoMoT/keyframe_filter/collection_output/r2_rgb_route_sheets_20260708/route_sheets/ParkedObstacleTwoWays/Town13_Rep0_1351_2_route0_01_09_13_00_10,"{""R2"": 186, ""R5"": 26}","{""R-E1"": 27, ""R-E2"": 23, ""R-E5"": 26, ""U-E2"": 136}"
ParkedObstacleTwoWays,Town13_Rep0_1720_0_route0_01_07_21_30_40,95,success,95,True,83,0.873684,95,1.0,False,written,AutoMoT/keyframe_filter/collection_output/r2_rgb_route_sheets_20260708/route_sheets/ParkedObstacleTwoWays/Town13_Rep0_1720_0_route0_01_07_21_30_40/page_000.jpg,AutoMoT/keyframe_filter/collection_output/r2_rgb_route_sheets_20260708/route_sheets/ParkedObstacleTwoWays/Town13_Rep0_1720_0_route0_01_07_21_30_40,"{""R2"": 83, ""R4"": 6, ""R5"": 6}","{""R-E1"": 41, ""R-E2"": 20, ""R-E4"": 6, ""R-E5"": 6, ""U-E2"": 22}"
ParkedObstacleTwoWays,Town12_Rep0_4206_0_route0_01_11_13_52_37,171,success,171,True,149,0.871345,171,1.0,False,written,AutoMoT/keyframe_filter/collection_output/r2_rgb_route_sheets_20260708/route_sheets/ParkedObstacleTwoWays/Town12_Rep0_4206_0_route0_01_11_13_52_37/page_000.jpg,AutoMoT/keyframe_filter/collection_output/r2_rgb_route_sheets_20260708/route_sheets/ParkedObstacleTwoWays/Town12_Rep0_4206_0_route0_01_11_13_52_37,"{""R2"": 149, ""R5"": 22}","{""R-E1"": 67, ""R-E2"": 23, ""R-E5"": 22, ""U-E2"": 59}"
ParkedObstacleTwoWays,Town12_Rep0_1514_0_route0_01_09_01_25_12,143,success,143,True,124,0.867133,143,1.0,False,written,AutoMoT/keyframe_filter/collection_output/r2_rgb_route_sheets_20260708/route_sheets/ParkedObstacleTwoWays/Town12_Rep0_1514_0_route0_01_09_01_25_12/page_000.jpg,AutoMoT/keyframe_filter/collection_output/r2_rgb_route_sheets_20260708/route_sheets/ParkedObstacleTwoWays/Town12_Rep0_1514_0_route0_01_09_01_25_12,"{""R2"": 124, ""R5"": 19}","{""R-E1"": 43, ""R-E2"": 20, ""R-E5"": 19, ""U-E2"": 61}"
ParkedObstacleTwoWays,Town12_Rep0_390_0_route0_01_08_17_19_39,139,success,139,True,117,0.841727,139,1.0,False,written,AutoMoT/keyframe_filter/collection_output/r2_rgb_route_sheets_20260708/route_sheets/ParkedObstacleTwoWays/Town12_Rep0_390_0_route0_01_08_17_19_39/page_000.jpg,AutoMoT/keyframe_filter/collection_output/r2_rgb_route_sheets_20260708/route_sheets/ParkedObstacleTwoWays/Town12_Rep0_390_0_route0_01_08_17_19_39,"{""R2"": 117, ""R5"": 22}","{""R-E1"": 39, ""R-E2"": 22, ""R-E5"": 22, ""U-E2"": 56}"
ParkedObstacleTwoWays,Town13_Rep0_1783_1_route0_01_09_13_46_42,163,success,163,True,137,0.840491,163,1.0,False,written,AutoMoT/keyframe_filter/collection_output/r2_rgb_route_sheets_20260708/route_sheets/ParkedObstacleTwoWays/Town13_Rep0_1783_1_route0_01_09_13_46_42/page_000.jpg,AutoMoT/keyframe_filter/collection_output/r2_rgb_route_sheets_20260708/route_sheets/ParkedObstacleTwoWays/Town13_Rep0_1783_1_route0_01_09_13_46_42,"{""R2"": 137, ""R5"": 26}","{""R-E1"": 35, ""R-E2"": 23, ""R-E5"": 26, ""U-E2"": 79}"
ParkedObstacleTwoWays,Town13_Rep0_1783_0_route0_01_11_00_18_51,149,success,149,True,125,0.838926,149,1.0,False,written,AutoMoT/keyframe_filter/collection_output/r2_rgb_route_sheets_20260708/route_sheets/ParkedObstacleTwoWays/Town13_Rep0_1783_0_route0_01_11_00_18_51/page_000.jpg,AutoMoT/keyframe_filter/collection_output/r2_rgb_route_sheets_20260708/route_sheets/ParkedObstacleTwoWays/Town13_Rep0_1783_0_route0_01_11_00_18_51,"{""R2"": 125, ""R5"": 24}","{""R-E1"": 29, ""R-E2"": 19, ""R-E5"": 24, ""U-E2"": 77}"
ParkedObstacleTwoWays,Town12_Rep0_2913_0_route0_01_10_01_49_50,115,success,115,True,96,0.834783,115,1.0,False,written,AutoMoT/keyframe_filter/collection_output/r2_rgb_route_sheets_20260708/route_sheets/ParkedObstacleTwoWays/Town12_Rep0_2913_0_route0_01_10_01_49_50/page_000.jpg,AutoMoT/keyframe_filter/collection_output/r2_rgb_route_sheets_20260708/route_sheets/ParkedObstacleTwoWays/Town12_Rep0_2913_0_route0_01_10_01_49_50,"{""R2"": 96, ""R5"": 19}","{""R-E1"": 38, ""R-E2"": 20, ""R-E5"": 19, ""U-E2"": 38}"
ParkedObstacleTwoWays,Town12_Rep0_2036_0_route0_01_09_10_02_41,108,success,108,True,88,0.814815,108,1.0,False,written,AutoMoT/keyframe_filter/collection_output/r2_rgb_route_sheets_20260708/route_sheets/ParkedObstacleTwoWays/Town12_Rep0_2036_0_route0_01_09_10_02_41/page_000.jpg,AutoMoT/keyframe_filter/collection_output/r2_rgb_route_sheets_20260708/route_sheets/ParkedObstacleTwoWays/Town12_Rep0_2036_0_route0_01_09_10_02_41,"{""R2"": 88, ""R4"": 20}","{""R-E1"": 46, ""R-E2"": 16, ""R-E4"": 20, ""U-E2"": 26}"
ParkedObstacleTwoWays,Town12_Rep0_1324_0_route0_01_09_17_03_57,118,success,118,True,96,0.813559,118,1.0,False,written,AutoMoT/keyframe_filter/collection_output/r2_rgb_route_sheets_20260708/route_sheets/ParkedObstacleTwoWays/Town12_Rep0_1324_0_route0_01_09_17_03_57/page_000.jpg,AutoMoT/keyframe_filter/collection_output/r2_rgb_route_sheets_20260708/route_sheets/ParkedObstacleTwoWays/Town12_Rep0_1324_0_route0_01_09_17_03_57,"{""R2"": 96, ""R5"": 22}","{""R-E1"": 45, ""R-E2"": 23, ""R-E5"": 22, ""U-E2"": 28}"
ParkedObstacleTwoWays,Town12_Rep0_4113_0_route0_01_10_06_46_13,112,success,112,True,91,0.8125,112,1.0,False,written,AutoMoT/keyframe_filter/collection_output/r2_rgb_route_sheets_20260708/route_sheets/ParkedObstacleTwoWays/Town12_Rep0_4113_0_route0_01_10_06_46_13/page_000.jpg,AutoMoT/keyframe_filter/collection_output/r2_rgb_route_sheets_20260708/route_sheets/ParkedObstacleTwoWays/Town12_Rep0_4113_0_route0_01_10_06_46_13,"{""R2"": 91, ""R5"": 21}","{""R-E1"": 33, ""R-E2"": 21, ""R-E5"": 21, ""U-E2"": 37}"
ParkedObstacleTwoWays,Town13_Rep0_1351_1_route0_01_10_07_24_02,126,success,126,True,102,0.809524,126,1.0,False,written,AutoMoT/keyframe_filter/collection_output/r2_rgb_route_sheets_20260708/route_sheets/ParkedObstacleTwoWays/Town13_Rep0_1351_1_route0_01_10_07_24_02/page_000.jpg,AutoMoT/keyframe_filter/collection_output/r2_rgb_route_sheets_20260708/route_sheets/ParkedObstacleTwoWays/Town13_Rep0_1351_1_route0_01_10_07_24_02,"{""R2"": 102, ""R5"": 24}","{""R-E1"": 23, ""R-E2"": 20, ""R-E5"": 24, ""U-E2"": 59}"
ParkedObstacleTwoWays,Town13_Rep0_1351_0_route0_01_11_02_57_45,124,success,124,True,100,0.806452,124,1.0,False,written,AutoMoT/keyframe_filter/collection_output/r2_rgb_route_sheets_20260708/route_sheets/ParkedObstacleTwoWays/Town13_Rep0_1351_0_route0_01_11_02_57_45/page_000.jpg,AutoMoT/keyframe_filter/collection_output/r2_rgb_route_sheets_20260708/route_sheets/ParkedObstacleTwoWays/Town13_Rep0_1351_0_route0_01_11_02_57_45,"{""R2"": 100, ""R5"": 24}","{""R-E1"": 24, ""R-E2"": 19, ""R-E5"": 24, ""U-E2"": 57}"
ParkedObstacleTwoWays,Town12_Rep0_3391_0_route0_01_10_19_35_56,99,success,99,True,77,0.777778,99,1.0,False,written,AutoMoT/keyframe_filter/collection_output/r2_rgb_route_sheets_20260708/route_sheets/ParkedObstacleTwoWays/Town12_Rep0_3391_0_route0_01_10_19_35_56/page_000.jpg,AutoMoT/keyframe_filter/collection_output/r2_rgb_route_sheets_20260708/route_sheets/ParkedObstacleTwoWays/Town12_Rep0_3391_0_route0_01_10_19_35_56,"{""R2"": 77, ""R5"": 22}","{""R-E1"": 77, ""R-E5"": 22}"
ParkedObstacleTwoWays,Town13_Rep0_1432_2_route0_01_10_15_03_04,224,success,224,True,168,0.75,224,1.0,False,written,AutoMoT/keyframe_filter/collection_output/r2_rgb_route_sheets_20260708/route_sheets/ParkedObstacleTwoWays/Town13_Rep0_1432_2_route0_01_10_15_03_04/page_000.jpg,AutoMoT/keyframe_filter/collection_output/r2_rgb_route_sheets_20260708/route_sheets/ParkedObstacleTwoWays/Town13_Rep0_1432_2_route0_01_10_15_03_04,"{""R2"": 168, ""R5"": 56}","{""R-E1"": 42, ""R-E2"": 23, ""R-E5"": 56, ""U-E2"": 103}"
ParkedObstacleTwoWays,Town13_Rep0_1754_0_route0_01_09_11_30_39,206,success,206,True,154,0.747573,206,1.0,False,written,AutoMoT/keyframe_filter/collection_output/r2_rgb_route_sheets_20260708/route_sheets/ParkedObstacleTwoWays/Town13_Rep0_1754_0_route0_01_09_11_30_39/page_000.jpg,AutoMoT/keyframe_filter/collection_output/r2_rgb_route_sheets_20260708/route_sheets/ParkedObstacleTwoWays/Town13_Rep0_1754_0_route0_01_09_11_30_39,"{""R2"": 154, ""R5"": 52}","{""R-E1"": 56, ""R-E2"": 20, ""R-E5"": 52, ""U-E2"": 78}"
ParkedObstacleTwoWays,Town12_Rep0_2377_0_route0_01_09_22_09_22,108,success,108,True,79,0.731481,108,1.0,False,written,AutoMoT/keyframe_filter/collection_output/r2_rgb_route_sheets_20260708/route_sheets/ParkedObstacleTwoWays/Town12_Rep0_2377_0_route0_01_09_22_09_22/page_000.jpg,AutoMoT/keyframe_filter/collection_output/r2_rgb_route_sheets_20260708/route_sheets/ParkedObstacleTwoWays/Town12_Rep0_2377_0_route0_01_09_22_09_22,"{""R2"": 79, ""R4"": 29}","{""R-E1"": 30, ""R-E2"": 18, ""R-E4"": 24, ""U-E2"": 36}"
ParkedObstacleTwoWays,Town13_Rep0_1754_1_route0_01_08_08_48_33,198,success,198,True,142,0.717172,198,1.0,False,written,AutoMoT/keyframe_filter/collection_output/r2_rgb_route_sheets_20260708/route_sheets/ParkedObstacleTwoWays/Town13_Rep0_1754_1_route0_01_08_08_48_33/page_000.jpg,AutoMoT/keyframe_filter/collection_output/r2_rgb_route_sheets_20260708/route_sheets/ParkedObstacleTwoWays/Town13_Rep0_1754_1_route0_01_08_08_48_33,"{""R2"": 142, ""R5"": 56}","{""R-E1"": 63, ""R-E2"": 23, ""R-E5"": 56, ""U-E2"": 56}"
ParkedObstacleTwoWays,Town13_Rep0_1632_1_route0_01_08_12_57_00,132,success,132,True,92,0.69697,132,1.0,False,written,AutoMoT/keyframe_filter/collection_output/r2_rgb_route_sheets_20260708/route_sheets/ParkedObstacleTwoWays/Town13_Rep0_1632_1_route0_01_08_12_57_00/page_000.jpg,AutoMoT/keyframe_filter/collection_output/r2_rgb_route_sheets_20260708/route_sheets/ParkedObstacleTwoWays/Town13_Rep0_1632_1_route0_01_08_12_57_00,"{""R2"": 92, ""R5"": 40}","{""R-E1"": 39, ""R-E2"": 22, ""R-E5"": 40, ""U-E2"": 31}"
ParkedObstacleTwoWays,Town13_Rep0_1632_2_route0_01_09_06_16_55,131,success,131,True,91,0.694656,131,1.0,False,written,AutoMoT/keyframe_filter/collection_output/r2_rgb_route_sheets_20260708/route_sheets/ParkedObstacleTwoWays/Town13_Rep0_1632_2_route0_01_09_06_16_55/page_000.jpg,AutoMoT/keyframe_filter/collection_output/r2_rgb_route_sheets_20260708/route_sheets/ParkedObstacleTwoWays/Town13_Rep0_1632_2_route0_01_09_06_16_55,"{""R2"": 91, ""R5"": 40}","{""R-E1"": 37, ""R-E2"": 20, ""R-E5"": 40, ""U-E2"": 34}"
ParkedObstacleTwoWays,Town13_Rep0_1432_0_route0_01_10_02_03_55,176,success,176,True,122,0.693182,176,1.0,False,written,AutoMoT/keyframe_filter/collection_output/r2_rgb_route_sheets_20260708/route_sheets/ParkedObstacleTwoWays/Town13_Rep0_1432_0_route0_01_10_02_03_55/page_000.jpg,AutoMoT/keyframe_filter/collection_output/r2_rgb_route_sheets_20260708/route_sheets/ParkedObstacleTwoWays/Town13_Rep0_1432_0_route0_01_10_02_03_55,"{""R2"": 122, ""R5"": 54}","{""R-E1"": 41, ""R-E2"": 23, ""R-E5"": 54, ""U-E2"": 58}"
ParkedObstacleTwoWays,Town13_Rep0_1632_0_route0_01_08_14_15_06,129,success,129,True,89,0.689922,129,1.0,False,written,AutoMoT/keyframe_filter/collection_output/r2_rgb_route_sheets_20260708/route_sheets/ParkedObstacleTwoWays/Town13_Rep0_1632_0_route0_01_08_14_15_06/page_000.jpg,AutoMoT/keyframe_filter/collection_output/r2_rgb_route_sheets_20260708/route_sheets/ParkedObstacleTwoWays/Town13_Rep0_1632_0_route0_01_08_14_15_06,"{""R2"": 89, ""R5"": 40}","{""R-E1"": 37, ""R-E2"": 20, ""R-E5"": 40, ""U-E2"": 32}"
ParkedObstacleTwoWays,Town13_Rep0_1522_0_route0_01_08_07_25_59,175,success,175,True,117,0.668571,175,1.0,False,written,AutoMoT/keyframe_filter/collection_output/r2_rgb_route_sheets_20260708/route_sheets/ParkedObstacleTwoWays/Town13_Rep0_1522_0_route0_01_08_07_25_59/page_000.jpg,AutoMoT/keyframe_filter/collection_output/r2_rgb_route_sheets_20260708/route_sheets/ParkedObstacleTwoWays/Town13_Rep0_1522_0_route0_01_08_07_25_59,"{""R2"": 117, ""R5"": 58}","{""R-E1"": 35, ""R-E2"": 19, ""R-E5"": 58, ""U-E2"": 63}"
ParkedObstacleTwoWays,Town13_Rep0_1641_2_route0_01_09_08_53_24,181,success,181,True,121,0.668508,181,1.0,False,written,AutoMoT/keyframe_filter/collection_output/r2_rgb_route_sheets_20260708/route_sheets/ParkedObstacleTwoWays/Town13_Rep0_1641_2_route0_01_09_08_53_24/page_000.jpg,AutoMoT/keyframe_filter/collection_output/r2_rgb_route_sheets_20260708/route_sheets/ParkedObstacleTwoWays/Town13_Rep0_1641_2_route0_01_09_08_53_24,"{""R2"": 121, ""R5"": 60}","{""R-E1"": 42, ""R-E2"": 22, ""R-E5"": 60, ""U-E2"": 57}"
ParkedObstacleTwoWays,Town13_Rep0_1722_1_route0_01_11_03_50_04,210,success,210,True,140,0.666667,210,1.0,False,written,AutoMoT/keyframe_filter/collection_output/r2_rgb_route_sheets_20260708/route_sheets/ParkedObstacleTwoWays/Town13_Rep0_1722_1_route0_01_11_03_50_04/page_000.jpg,AutoMoT/keyframe_filter/collection_output/r2_rgb_route_sheets_20260708/route_sheets/ParkedObstacleTwoWays/Town13_Rep0_1722_1_route0_01_11_03_50_04,"{""R2"": 140, ""R5"": 70}","{""R-E1"": 41, ""R-E2"": 21, ""R-E5"": 70, ""U-E2"": 78}"
ParkedObstacleTwoWays,Town13_Rep0_1641_1_route0_01_10_10_31_16,173,success,173,True,115,0.66474,173,1.0,False,written,AutoMoT/keyframe_filter/collection_output/r2_rgb_route_sheets_20260708/route_sheets/ParkedObstacleTwoWays/Town13_Rep0_1641_1_route0_01_10_10_31_16/page_000.jpg,AutoMoT/keyframe_filter/collection_output/r2_rgb_route_sheets_20260708/route_sheets/ParkedObstacleTwoWays/Town13_Rep0_1641_1_route0_01_10_10_31_16,"{""R2"": 115, ""R5"": 58}","{""R-E1"": 36, ""R-E2"": 19, ""R-E5"": 58, ""U-E2"": 60}"
ParkedObstacleTwoWays,Town13_Rep0_1522_2_route0_01_09_17_38_33,183,success,183,True,121,0.661202,183,1.0,False,written,AutoMoT/keyframe_filter/collection_output/r2_rgb_route_sheets_20260708/route_sheets/ParkedObstacleTwoWays/Town13_Rep0_1522_2_route0_01_09_17_38_33/page_000.jpg,AutoMoT/keyframe_filter/collection_output/r2_rgb_route_sheets_20260708/route_sheets/ParkedObstacleTwoWays/Town13_Rep0_1522_2_route0_01_09_17_38_33,"{""R2"": 121, ""R5"": 62}","{""R-E1"": 41, ""R-E2"": 22, ""R-E5"": 62, ""U-E2"": 58}"
ParkedObstacleTwoWays,Town13_Rep0_1641_0_route0_01_10_02_43_17,172,success,172,True,113,0.656977,172,1.0,False,written,AutoMoT/keyframe_filter/collection_output/r2_rgb_route_sheets_20260708/route_sheets/ParkedObstacleTwoWays/Town13_Rep0_1641_0_route0_01_10_02_43_17/page_000.jpg,AutoMoT/keyframe_filter/collection_output/r2_rgb_route_sheets_20260708/route_sheets/ParkedObstacleTwoWays/Town13_Rep0_1641_0_route0_01_10_02_43_17,"{""R2"": 113, ""R5"": 59}","{""R-E1"": 34, ""R-E2"": 20, ""R-E5"": 59, ""U-E2"": 59}"
ParkedObstacleTwoWays,Town13_Rep0_1483_2_route0_01_08_16_13_11,168,success,168,True,110,0.654762,168,1.0,False,written,AutoMoT/keyframe_filter/collection_output/r2_rgb_route_sheets_20260708/route_sheets/ParkedObstacleTwoWays/Town13_Rep0_1483_2_route0_01_08_16_13_11/page_000.jpg,AutoMoT/keyframe_filter/collection_output/r2_rgb_route_sheets_20260708/route_sheets/ParkedObstacleTwoWays/Town13_Rep0_1483_2_route0_01_08_16_13_11,"{""R2"": 110, ""R5"": 58}","{""R-E1"": 33, ""R-E2"": 20, ""R-E5"": 58, ""U-E2"": 57}"
ParkedObstacleTwoWays,Town13_Rep0_1722_0_route0_01_10_15_14_32,180,success,180,True,117,0.65,180,1.0,False,written,AutoMoT/keyframe_filter/collection_output/r2_rgb_route_sheets_20260708/route_sheets/ParkedObstacleTwoWays/Town13_Rep0_1722_0_route0_01_10_15_14_32/page_000.jpg,AutoMoT/keyframe_filter/collection_output/r2_rgb_route_sheets_20260708/route_sheets/ParkedObstacleTwoWays/Town13_Rep0_1722_0_route0_01_10_15_14_32,"{""R2"": 117, ""R5"": 63}","{""R-E1"": 37, ""R-E2"": 21, ""R-E5"": 63, ""U-E2"": 59}"
ParkedObstacleTwoWays,Town13_Rep0_1522_1_route0_01_09_13_55_20,176,success,176,True,114,0.647727,176,1.0,False,written,AutoMoT/keyframe_filter/collection_output/r2_rgb_route_sheets_20260708/route_sheets/ParkedObstacleTwoWays/Town13_Rep0_1522_1_route0_01_09_13_55_20/page_000.jpg,AutoMoT/keyframe_filter/collection_output/r2_rgb_route_sheets_20260708/route_sheets/ParkedObstacleTwoWays/Town13_Rep0_1522_1_route0_01_09_13_55_20,"{""R2"": 114, ""R5"": 62}","{""R-E1"": 36, ""R-E2"": 19, ""R-E5"": 62, ""U-E2"": 59}"
ParkedObstacleTwoWays,Town13_Rep0_1483_0_route0_01_09_16_15_52,178,success,178,True,115,0.646067,178,1.0,False,written,AutoMoT/keyframe_filter/collection_output/r2_rgb_route_sheets_20260708/route_sheets/ParkedObstacleTwoWays/Town13_Rep0_1483_0_route0_01_09_16_15_52/page_000.jpg,AutoMoT/keyframe_filter/collection_output/r2_rgb_route_sheets_20260708/route_sheets/ParkedObstacleTwoWays/Town13_Rep0_1483_0_route0_01_09_16_15_52,"{""R2"": 115, ""R5"": 63}","{""R-E1"": 39, ""R-E2"": 21, ""R-E5"": 63, ""U-E2"": 55}"
ParkedObstacleTwoWays,Town13_Rep0_1748_1_route0_01_08_18_54_13,155,success,155,True,98,0.632258,155,1.0,False,written,AutoMoT/keyframe_filter/collection_output/r2_rgb_route_sheets_20260708/route_sheets/ParkedObstacleTwoWays/Town13_Rep0_1748_1_route0_01_08_18_54_13/page_000.jpg,AutoMoT/keyframe_filter/collection_output/r2_rgb_route_sheets_20260708/route_sheets/ParkedObstacleTwoWays/Town13_Rep0_1748_1_route0_01_08_18_54_13,"{""R2"": 98, ""R5"": 57}","{""R-E1"": 38, ""R-E2"": 22, ""R-E5"": 57, ""U-E2"": 38}"
ParkedObstacleTwoWays,Town12_Rep0_4608_0_route0_01_09_08_59_12,220,success,220,True,139,0.631818,220,1.0,False,written,AutoMoT/keyframe_filter/collection_output/r2_rgb_route_sheets_20260708/route_sheets/ParkedObstacleTwoWays/Town12_Rep0_4608_0_route0_01_09_08_59_12/page_000.jpg,AutoMoT/keyframe_filter/collection_output/r2_rgb_route_sheets_20260708/route_sheets/ParkedObstacleTwoWays/Town12_Rep0_4608_0_route0_01_09_08_59_12,"{""R2"": 139, ""R5"": 81}","{""R-E1"": 81, ""R-E2"": 34, ""R-E5"": 81, ""U-E2"": 24}"
ParkedObstacleTwoWays,Town13_Rep0_1653_1_route0_01_08_13_32_43,146,success,146,True,92,0.630137,146,1.0,False,written,AutoMoT/keyframe_filter/collection_output/r2_rgb_route_sheets_20260708/route_sheets/ParkedObstacleTwoWays/Town13_Rep0_1653_1_route0_01_08_13_32_43/page_000.jpg,AutoMoT/keyframe_filter/collection_output/r2_rgb_route_sheets_20260708/route_sheets/ParkedObstacleTwoWays/Town13_Rep0_1653_1_route0_01_08_13_32_43,"{""R2"": 92, ""R5"": 54}","{""R-E1"": 37, ""R-E2"": 19, ""R-E5"": 54, ""U-E2"": 36}"
ParkedObstacleTwoWays,Town13_Rep0_1653_0_route0_01_09_14_31_15,146,success,146,True,91,0.623288,146,1.0,False,written,AutoMoT/keyframe_filter/collection_output/r2_rgb_route_sheets_20260708/route_sheets/ParkedObstacleTwoWays/Town13_Rep0_1653_0_route0_01_09_14_31_15/page_000.jpg,AutoMoT/keyframe_filter/collection_output/r2_rgb_route_sheets_20260708/route_sheets/ParkedObstacleTwoWays/Town13_Rep0_1653_0_route0_01_09_14_31_15,"{""R2"": 91, ""R5"": 55}","{""R-E1"": 37, ""R-E2"": 19, ""R-E5"": 55, ""U-E2"": 35}"
ParkedObstacleTwoWays,Town13_Rep0_1748_0_route0_01_09_12_16_38,145,success,145,True,89,0.613793,145,1.0,False,written,AutoMoT/keyframe_filter/collection_output/r2_rgb_route_sheets_20260708/route_sheets/ParkedObstacleTwoWays/Town13_Rep0_1748_0_route0_01_09_12_16_38/page_000.jpg,AutoMoT/keyframe_filter/collection_output/r2_rgb_route_sheets_20260708/route_sheets/ParkedObstacleTwoWays/Town13_Rep0_1748_0_route0_01_09_12_16_38,"{""R2"": 89, ""R5"": 56}","{""R-E1"": 39, ""R-E2"": 19, ""R-E5"": 56, ""U-E2"": 31}"
ParkedObstacleTwoWays,Town12_Rep0_3438_0_route0_01_11_03_45_32,159,success,159,True,92,0.578616,135,0.8491,False,written,AutoMoT/keyframe_filter/collection_output/r2_rgb_route_sheets_20260708/route_sheets/ParkedObstacleTwoWays/Town12_Rep0_3438_0_route0_01_11_03_45_32/page_000.jpg,AutoMoT/keyframe_filter/collection_output/r2_rgb_route_sheets_20260708/route_sheets/ParkedObstacleTwoWays/Town12_Rep0_3438_0_route0_01_11_03_45_32,"{""R2"": 92, ""R5"": 67}","{""R-E1"": 44, ""R-E2"": 22, ""R-E5"": 67, ""U-E2"": 26}"
ParkedObstacleTwoWays,Town13_Rep0_1432_1_route0_01_10_14_36_02,147,success,147,True,84,0.571429,147,1.0,False,written,AutoMoT/keyframe_filter/collection_output/r2_rgb_route_sheets_20260708/route_sheets/ParkedObstacleTwoWays/Town13_Rep0_1432_1_route0_01_10_14_36_02/page_000.jpg,AutoMoT/keyframe_filter/collection_output/r2_rgb_route_sheets_20260708/route_sheets/ParkedObstacleTwoWays/Town13_Rep0_1432_1_route0_01_10_14_36_02,"{""R2"": 84, ""R5"": 63}","{""R-E1"": 38, ""R-E2"": 19, ""R-E5"": 63, ""U-E2"": 27}"
ParkedObstacleTwoWays,Town13_Rep0_1647_1_route0_01_07_23_15_32,273,success,273,True,140,0.512821,273,1.0,False,written,AutoMoT/keyframe_filter/collection_output/r2_rgb_route_sheets_20260708/route_sheets/ParkedObstacleTwoWays/Town13_Rep0_1647_1_route0_01_07_23_15_32/page_000.jpg,AutoMoT/keyframe_filter/collection_output/r2_rgb_route_sheets_20260708/route_sheets/ParkedObstacleTwoWays/Town13_Rep0_1647_1_route0_01_07_23_15_32,"{""R2"": 140, ""R5"": 133}","{""R-E1"": 61, ""R-E2"": 20, ""R-E5"": 133, ""U-E2"": 59}"
ParkedObstacleTwoWays,Town12_Rep0_2104_0_route0_01_10_15_12_14,287,success,287,True,147,0.512195,287,1.0,False,written,AutoMoT/keyframe_filter/collection_output/r2_rgb_route_sheets_20260708/route_sheets/ParkedObstacleTwoWays/Town12_Rep0_2104_0_route0_01_10_15_12_14/page_000.jpg,AutoMoT/keyframe_filter/collection_output/r2_rgb_route_sheets_20260708/route_sheets/ParkedObstacleTwoWays/Town12_Rep0_2104_0_route0_01_10_15_12_14,"{""R2"": 147, ""R4"": 129, ""R5"": 11}","{""R-E1"": 78, ""R-E2"": 16, ""R-E4"": 129, ""R-E5"": 11, ""U-E2"": 53}"
ParkedObstacleTwoWays,Town13_Rep0_1483_1_route0_01_09_20_16_10,149,success,149,True,75,0.503356,149,1.0,False,written,AutoMoT/keyframe_filter/collection_output/r2_rgb_route_sheets_20260708/route_sheets/ParkedObstacleTwoWays/Town13_Rep0_1483_1_route0_01_09_20_16_10/page_000.jpg,AutoMoT/keyframe_filter/collection_output/r2_rgb_route_sheets_20260708/route_sheets/ParkedObstacleTwoWays/Town13_Rep0_1483_1_route0_01_09_20_16_10,"{""R2"": 75, ""R5"": 74}","{""R-E1"": 32, ""R-E2"": 20, ""R-E5"": 74, ""U-E2"": 23}"
ParkedObstacleTwoWays,Town13_Rep0_1647_0_route0_01_09_02_10_23,271,success,271,True,133,0.490775,271,1.0,False,written,AutoMoT/keyframe_filter/collection_output/r2_rgb_route_sheets_20260708/route_sheets/ParkedObstacleTwoWays/Town13_Rep0_1647_0_route0_01_09_02_10_23/page_000.jpg,AutoMoT/keyframe_filter/collection_output/r2_rgb_route_sheets_20260708/route_sheets/ParkedObstacleTwoWays/Town13_Rep0_1647_0_route0_01_09_02_10_23,"{""R2"": 133, ""R5"": 138}","{""R-E1"": 56, ""R-E2"": 23, ""R-E5"": 138, ""U-E2"": 54}"
ParkedObstacleTwoWays,Town13_Rep0_1647_2_route0_01_10_16_32_16,284,success,284,True,134,0.471831,284,1.0,False,written,AutoMoT/keyframe_filter/collection_output/r2_rgb_route_sheets_20260708/route_sheets/ParkedObstacleTwoWays/Town13_Rep0_1647_2_route0_01_10_16_32_16/page_000.jpg,AutoMoT/keyframe_filter/collection_output/r2_rgb_route_sheets_20260708/route_sheets/ParkedObstacleTwoWays/Town13_Rep0_1647_2_route0_01_10_16_32_16,"{""R2"": 134, ""R5"": 150}","{""R-E1"": 55, ""R-E2"": 20, ""R-E5"": 150, ""U-E2"": 59}"
ParkedObstacleTwoWays,Town12_Rep0_4255_0_route0_01_08_20_56_35,292,success,292,True,85,0.291096,292,1.0,False,written,AutoMoT/keyframe_filter/collection_output/r2_rgb_route_sheets_20260708/route_sheets/ParkedObstacleTwoWays/Town12_Rep0_4255_0_route0_01_08_20_56_35/page_000.jpg,AutoMoT/keyframe_filter/collection_output/r2_rgb_route_sheets_20260708/route_sheets/ParkedObstacleTwoWays/Town12_Rep0_4255_0_route0_01_08_20_56_35,"{""R2"": 85, ""R4"": 200, ""R5"": 7}","{""R-E1"": 33, ""R-E2"": 16, ""R-E4"": 200, ""R-E5"": 7, ""U-E2"": 36}"
VehicleOpensDoorTwoWays,Town12_Rep0_2091_0_route0_01_10_20_13_16,73,success,73,True,73,1.0,73,1.0,False,written,AutoMoT/keyframe_filter/collection_output/r2_rgb_route_sheets_20260708/route_sheets/VehicleOpensDoorTwoWays/Town12_Rep0_2091_0_route0_01_10_20_13_16/page_000.jpg,AutoMoT/keyframe_filter/collection_output/r2_rgb_route_sheets_20260708/route_sheets/VehicleOpensDoorTwoWays/Town12_Rep0_2091_0_route0_01_10_20_13_16,"{""R2"": 73}","{""R-E1"": 42, ""R-E2"": 21, ""U-E2"": 10}"
VehicleOpensDoorTwoWays,Town12_Rep0_2098_0_route0_01_10_07_02_36,86,success,86,True,86,1.0,86,1.0,False,written,AutoMoT/keyframe_filter/collection_output/r2_rgb_route_sheets_20260708/route_sheets/VehicleOpensDoorTwoWays/Town12_Rep0_2098_0_route0_01_10_07_02_36/page_000.jpg,AutoMoT/keyframe_filter/collection_output/r2_rgb_route_sheets_20260708/route_sheets/VehicleOpensDoorTwoWays/Town12_Rep0_2098_0_route0_01_10_07_02_36,"{""R2"": 86}","{""R-E1"": 47, ""R-E2"": 21, ""U-E2"": 18}"
VehicleOpensDoorTwoWays,Town12_Rep0_3629_0_route0_01_11_00_29_26,73,success,73,True,73,1.0,73,1.0,False,written,AutoMoT/keyframe_filter/collection_output/r2_rgb_route_sheets_20260708/route_sheets/VehicleOpensDoorTwoWays/Town12_Rep0_3629_0_route0_01_11_00_29_26/page_000.jpg,AutoMoT/keyframe_filter/collection_output/r2_rgb_route_sheets_20260708/route_sheets/VehicleOpensDoorTwoWays/Town12_Rep0_3629_0_route0_01_11_00_29_26,"{""R2"": 73}","{""R-E1"": 42, ""R-E2"": 22, ""U-E2"": 9}"
VehicleOpensDoorTwoWays,Town12_Rep0_3677_0_route0_01_10_10_41_45,68,success,68,True,68,1.0,68,1.0,False,written,AutoMoT/keyframe_filter/collection_output/r2_rgb_route_sheets_20260708/route_sheets/VehicleOpensDoorTwoWays/Town12_Rep0_3677_0_route0_01_10_10_41_45/page_000.jpg,AutoMoT/keyframe_filter/collection_output/r2_rgb_route_sheets_20260708/route_sheets/VehicleOpensDoorTwoWays/Town12_Rep0_3677_0_route0_01_10_10_41_45,"{""R2"": 68}","{""R-E1"": 32, ""R-E2"": 18, ""U-E2"": 18}"
VehicleOpensDoorTwoWays,Town12_Rep0_3677_1_route0_01_10_10_10_11,72,success,72,True,72,1.0,72,1.0,False,written,AutoMoT/keyframe_filter/collection_output/r2_rgb_route_sheets_20260708/route_sheets/VehicleOpensDoorTwoWays/Town12_Rep0_3677_1_route0_01_10_10_10_11/page_000.jpg,AutoMoT/keyframe_filter/collection_output/r2_rgb_route_sheets_20260708/route_sheets/VehicleOpensDoorTwoWays/Town12_Rep0_3677_1_route0_01_10_10_10_11,"{""R2"": 72}","{""R-E1"": 42, ""R-E2"": 20, ""U-E2"": 10}"
VehicleOpensDoorTwoWays,Town12_Rep0_3784_0_route0_01_09_13_15_27,84,success,84,True,84,1.0,84,1.0,False,written,AutoMoT/keyframe_filter/collection_output/r2_rgb_route_sheets_20260708/route_sheets/VehicleOpensDoorTwoWays/Town12_Rep0_3784_0_route0_01_09_13_15_27/page_000.jpg,AutoMoT/keyframe_filter/collection_output/r2_rgb_route_sheets_20260708/route_sheets/VehicleOpensDoorTwoWays/Town12_Rep0_3784_0_route0_01_09_13_15_27,"{""R2"": 84}","{""R-E1"": 54, ""R-E2"": 22, ""U-E2"": 8}"
VehicleOpensDoorTwoWays,Town12_Rep0_3784_1_route0_01_10_20_44_58,85,success,85,True,85,1.0,85,1.0,False,written,AutoMoT/keyframe_filter/collection_output/r2_rgb_route_sheets_20260708/route_sheets/VehicleOpensDoorTwoWays/Town12_Rep0_3784_1_route0_01_10_20_44_58/page_000.jpg,AutoMoT/keyframe_filter/collection_output/r2_rgb_route_sheets_20260708/route_sheets/VehicleOpensDoorTwoWays/Town12_Rep0_3784_1_route0_01_10_20_44_58,"{""R2"": 85}","{""R-E1"": 56, ""R-E2"": 22, ""U-E2"": 7}"
VehicleOpensDoorTwoWays,Town12_Rep0_3790_0_route0_01_10_05_46_05,86,success,86,True,86,1.0,86,1.0,False,written,AutoMoT/keyframe_filter/collection_output/r2_rgb_route_sheets_20260708/route_sheets/VehicleOpensDoorTwoWays/Town12_Rep0_3790_0_route0_01_10_05_46_05/page_000.jpg,AutoMoT/keyframe_filter/collection_output/r2_rgb_route_sheets_20260708/route_sheets/VehicleOpensDoorTwoWays/Town12_Rep0_3790_0_route0_01_10_05_46_05,"{""R2"": 86}","{""R-E1"": 48, ""R-E2"": 21, ""U-E2"": 17}"
VehicleOpensDoorTwoWays,Town12_Rep0_3790_1_route0_01_09_00_29_54,87,success,87,True,87,1.0,87,1.0,False,written,AutoMoT/keyframe_filter/collection_output/r2_rgb_route_sheets_20260708/route_sheets/VehicleOpensDoorTwoWays/Town12_Rep0_3790_1_route0_01_09_00_29_54/page_000.jpg,AutoMoT/keyframe_filter/collection_output/r2_rgb_route_sheets_20260708/route_sheets/VehicleOpensDoorTwoWays/Town12_Rep0_3790_1_route0_01_09_00_29_54,"{""R2"": 87}","{""R-E1"": 49, ""R-E2"": 21, ""U-E2"": 17}"
VehicleOpensDoorTwoWays,Town12_Rep0_552_0_route0_01_09_23_49_02,84,success,84,True,84,1.0,84,1.0,False,written,AutoMoT/keyframe_filter/collection_output/r2_rgb_route_sheets_20260708/route_sheets/VehicleOpensDoorTwoWays/Town12_Rep0_552_0_route0_01_09_23_49_02/page_000.jpg,AutoMoT/keyframe_filter/collection_output/r2_rgb_route_sheets_20260708/route_sheets/VehicleOpensDoorTwoWays/Town12_Rep0_552_0_route0_01_09_23_49_02,"{""R2"": 84}","{""R-E1"": 54, ""R-E2"": 21, ""U-E2"": 9}"
VehicleOpensDoorTwoWays,Town12_Rep0_696_0_route0_01_08_22_14_46,103,success,103,True,103,1.0,103,1.0,False,written,AutoMoT/keyframe_filter/collection_output/r2_rgb_route_sheets_20260708/route_sheets/VehicleOpensDoorTwoWays/Town12_Rep0_696_0_route0_01_08_22_14_46/page_000.jpg,AutoMoT/keyframe_filter/collection_output/r2_rgb_route_sheets_20260708/route_sheets/VehicleOpensDoorTwoWays/Town12_Rep0_696_0_route0_01_08_22_14_46,"{""R2"": 103}","{""R-E1"": 55, ""R-E2"": 21, ""U-E2"": 27}"
VehicleOpensDoorTwoWays,Town12_Rep0_696_1_route0_01_09_23_46_13,83,success,83,True,83,1.0,83,1.0,False,written,AutoMoT/keyframe_filter/collection_output/r2_rgb_route_sheets_20260708/route_sheets/VehicleOpensDoorTwoWays/Town12_Rep0_696_1_route0_01_09_23_46_13/page_000.jpg,AutoMoT/keyframe_filter/collection_output/r2_rgb_route_sheets_20260708/route_sheets/VehicleOpensDoorTwoWays/Town12_Rep0_696_1_route0_01_09_23_46_13,"{""R2"": 83}","{""R-E1"": 54, ""R-E2"": 21, ""U-E2"": 8}"
VehicleOpensDoorTwoWays,Town12_Rep0_701_0_route0_01_08_22_09_42,73,success,73,True,73,1.0,73,1.0,False,written,AutoMoT/keyframe_filter/collection_output/r2_rgb_route_sheets_20260708/route_sheets/VehicleOpensDoorTwoWays/Town12_Rep0_701_0_route0_01_08_22_09_42/page_000.jpg,AutoMoT/keyframe_filter/collection_output/r2_rgb_route_sheets_20260708/route_sheets/VehicleOpensDoorTwoWays/Town12_Rep0_701_0_route0_01_08_22_09_42,"{""R2"": 73}","{""R-E1"": 42, ""R-E2"": 22, ""U-E2"": 9}"
VehicleOpensDoorTwoWays,Town12_Rep0_701_1_route0_01_09_22_05_55,73,success,73,True,73,1.0,73,1.0,False,written,AutoMoT/keyframe_filter/collection_output/r2_rgb_route_sheets_20260708/route_sheets/VehicleOpensDoorTwoWays/Town12_Rep0_701_1_route0_01_09_22_05_55/page_000.jpg,AutoMoT/keyframe_filter/collection_output/r2_rgb_route_sheets_20260708/route_sheets/VehicleOpensDoorTwoWays/Town12_Rep0_701_1_route0_01_09_22_05_55,"{""R2"": 73}","{""R-E1"": 42, ""R-E2"": 21, ""U-E2"": 10}"
VehicleOpensDoorTwoWays,Town12_Rep0_702_0_route0_01_10_03_10_16,92,success,92,True,92,1.0,92,1.0,False,written,AutoMoT/keyframe_filter/collection_output/r2_rgb_route_sheets_20260708/route_sheets/VehicleOpensDoorTwoWays/Town12_Rep0_702_0_route0_01_10_03_10_16/page_000.jpg,AutoMoT/keyframe_filter/collection_output/r2_rgb_route_sheets_20260708/route_sheets/VehicleOpensDoorTwoWays/Town12_Rep0_702_0_route0_01_10_03_10_16,"{""R2"": 92}","{""R-E1"": 45, ""R-E2"": 21, ""U-E2"": 26}"
VehicleOpensDoorTwoWays,Town12_Rep0_702_1_route0_01_09_19_11_56,90,success,90,True,90,1.0,90,1.0,False,written,AutoMoT/keyframe_filter/collection_output/r2_rgb_route_sheets_20260708/route_sheets/VehicleOpensDoorTwoWays/Town12_Rep0_702_1_route0_01_09_19_11_56/page_000.jpg,AutoMoT/keyframe_filter/collection_output/r2_rgb_route_sheets_20260708/route_sheets/VehicleOpensDoorTwoWays/Town12_Rep0_702_1_route0_01_09_19_11_56,"{""R2"": 90}","{""R-E1"": 46, ""R-E2"": 21, ""U-E2"": 23}"
VehicleOpensDoorTwoWays,Town12_Rep0_718_0_route0_01_08_19_33_48,86,success,86,True,86,1.0,86,1.0,False,written,AutoMoT/keyframe_filter/collection_output/r2_rgb_route_sheets_20260708/route_sheets/VehicleOpensDoorTwoWays/Town12_Rep0_718_0_route0_01_08_19_33_48/page_000.jpg,AutoMoT/keyframe_filter/collection_output/r2_rgb_route_sheets_20260708/route_sheets/VehicleOpensDoorTwoWays/Town12_Rep0_718_0_route0_01_08_19_33_48,"{""R2"": 86}","{""R-E1"": 47, ""R-E2"": 21, ""U-E2"": 18}"
VehicleOpensDoorTwoWays,Town12_Rep0_718_1_route0_01_11_00_59_40,92,success,92,True,92,1.0,92,1.0,False,written,AutoMoT/keyframe_filter/collection_output/r2_rgb_route_sheets_20260708/route_sheets/VehicleOpensDoorTwoWays/Town12_Rep0_718_1_route0_01_11_00_59_40/page_000.jpg,AutoMoT/keyframe_filter/collection_output/r2_rgb_route_sheets_20260708/route_sheets/VehicleOpensDoorTwoWays/Town12_Rep0_718_1_route0_01_11_00_59_40,"{""R2"": 92}","{""R-E1"": 46, ""R-E2"": 21, ""U-E2"": 25}"
VehicleOpensDoorTwoWays,Town13_Rep0_1079_0_route0_01_10_03_27_18,87,success,87,True,87,1.0,87,1.0,False,written,AutoMoT/keyframe_filter/collection_output/r2_rgb_route_sheets_20260708/route_sheets/VehicleOpensDoorTwoWays/Town13_Rep0_1079_0_route0_01_10_03_27_18/page_000.jpg,AutoMoT/keyframe_filter/collection_output/r2_rgb_route_sheets_20260708/route_sheets/VehicleOpensDoorTwoWays/Town13_Rep0_1079_0_route0_01_10_03_27_18,"{""R2"": 87}","{""R-E1"": 49, ""R-E2"": 21, ""U-E2"": 17}"
VehicleOpensDoorTwoWays,Town13_Rep0_1079_1_route0_01_09_15_30_18,86,success,86,True,86,1.0,86,1.0,False,written,AutoMoT/keyframe_filter/collection_output/r2_rgb_route_sheets_20260708/route_sheets/VehicleOpensDoorTwoWays/Town13_Rep0_1079_1_route0_01_09_15_30_18/page_000.jpg,AutoMoT/keyframe_filter/collection_output/r2_rgb_route_sheets_20260708/route_sheets/VehicleOpensDoorTwoWays/Town13_Rep0_1079_1_route0_01_09_15_30_18,"{""R2"": 86}","{""R-E1"": 47, ""R-E2"": 21, ""U-E2"": 18}"
VehicleOpensDoorTwoWays,Town13_Rep0_1079_2_route0_01_08_02_52_34,87,success,87,True,87,1.0,87,1.0,False,written,AutoMoT/keyframe_filter/collection_output/r2_rgb_route_sheets_20260708/route_sheets/VehicleOpensDoorTwoWays/Town13_Rep0_1079_2_route0_01_08_02_52_34/page_000.jpg,AutoMoT/keyframe_filter/collection_output/r2_rgb_route_sheets_20260708/route_sheets/VehicleOpensDoorTwoWays/Town13_Rep0_1079_2_route0_01_08_02_52_34,"{""R2"": 87}","{""R-E1"": 47, ""R-E2"": 21, ""U-E2"": 19}"
VehicleOpensDoorTwoWays,Town13_Rep0_1097_0_route0_01_09_19_46_04,72,success,72,True,72,1.0,72,1.0,False,written,AutoMoT/keyframe_filter/collection_output/r2_rgb_route_sheets_20260708/route_sheets/VehicleOpensDoorTwoWays/Town13_Rep0_1097_0_route0_01_09_19_46_04/page_000.jpg,AutoMoT/keyframe_filter/collection_output/r2_rgb_route_sheets_20260708/route_sheets/VehicleOpensDoorTwoWays/Town13_Rep0_1097_0_route0_01_09_19_46_04,"{""R2"": 72}","{""R-E1"": 42, ""R-E2"": 21, ""U-E2"": 9}"
VehicleOpensDoorTwoWays,Town13_Rep0_1097_1_route0_01_11_14_29_57,72,success,72,True,72,1.0,72,1.0,False,written,AutoMoT/keyframe_filter/collection_output/r2_rgb_route_sheets_20260708/route_sheets/VehicleOpensDoorTwoWays/Town13_Rep0_1097_1_route0_01_11_14_29_57/page_000.jpg,AutoMoT/keyframe_filter/collection_output/r2_rgb_route_sheets_20260708/route_sheets/VehicleOpensDoorTwoWays/Town13_Rep0_1097_1_route0_01_11_14_29_57,"{""R2"": 72}","{""R-E1"": 42, ""R-E2"": 21, ""U-E2"": 9}"
VehicleOpensDoorTwoWays,Town13_Rep0_1097_2_route0_01_09_20_14_32,73,success,73,True,73,1.0,73,1.0,False,written,AutoMoT/keyframe_filter/collection_output/r2_rgb_route_sheets_20260708/route_sheets/VehicleOpensDoorTwoWays/Town13_Rep0_1097_2_route0_01_09_20_14_32/page_000.jpg,AutoMoT/keyframe_filter/collection_output/r2_rgb_route_sheets_20260708/route_sheets/VehicleOpensDoorTwoWays/Town13_Rep0_1097_2_route0_01_09_20_14_32,"{""R2"": 73}","{""R-E1"": 43, ""R-E2"": 21, ""U-E2"": 9}"
VehicleOpensDoorTwoWays,Town13_Rep0_1675_0_route0_01_09_10_40_45,84,success,84,True,84,1.0,84,1.0,False,written,AutoMoT/keyframe_filter/collection_output/r2_rgb_route_sheets_20260708/route_sheets/VehicleOpensDoorTwoWays/Town13_Rep0_1675_0_route0_01_09_10_40_45/page_000.jpg,AutoMoT/keyframe_filter/collection_output/r2_rgb_route_sheets_20260708/route_sheets/VehicleOpensDoorTwoWays/Town13_Rep0_1675_0_route0_01_09_10_40_45,"{""R2"": 84}","{""R-E1"": 51, ""R-E2"": 20, ""U-E2"": 13}"
VehicleOpensDoorTwoWays,Town13_Rep0_1675_1_route0_01_08_03_07_36,84,success,84,True,84,1.0,84,1.0,False,written,AutoMoT/keyframe_filter/collection_output/r2_rgb_route_sheets_20260708/route_sheets/VehicleOpensDoorTwoWays/Town13_Rep0_1675_1_route0_01_08_03_07_36/page_000.jpg,AutoMoT/keyframe_filter/collection_output/r2_rgb_route_sheets_20260708/route_sheets/VehicleOpensDoorTwoWays/Town13_Rep0_1675_1_route0_01_08_03_07_36,"{""R2"": 84}","{""R-E1"": 52, ""R-E2"": 21, ""U-E2"": 11}"
VehicleOpensDoorTwoWays,Town13_Rep0_48_0_route0_01_10_03_31_57,66,success,66,True,66,1.0,66,1.0,False,written,AutoMoT/keyframe_filter/collection_output/r2_rgb_route_sheets_20260708/route_sheets/VehicleOpensDoorTwoWays/Town13_Rep0_48_0_route0_01_10_03_31_57/page_000.jpg,AutoMoT/keyframe_filter/collection_output/r2_rgb_route_sheets_20260708/route_sheets/VehicleOpensDoorTwoWays/Town13_Rep0_48_0_route0_01_10_03_31_57,"{""R2"": 66}","{""R-E1"": 39, ""R-E2"": 17, ""U-E2"": 10}"
VehicleOpensDoorTwoWays,Town13_Rep0_48_1_route0_01_10_02_17_54,68,success,68,True,68,1.0,68,1.0,False,written,AutoMoT/keyframe_filter/collection_output/r2_rgb_route_sheets_20260708/route_sheets/VehicleOpensDoorTwoWays/Town13_Rep0_48_1_route0_01_10_02_17_54/page_000.jpg,AutoMoT/keyframe_filter/collection_output/r2_rgb_route_sheets_20260708/route_sheets/VehicleOpensDoorTwoWays/Town13_Rep0_48_1_route0_01_10_02_17_54,"{""R2"": 68}","{""R-E1"": 36, ""R-E2"": 19, ""U-E2"": 13}"
VehicleOpensDoorTwoWays,Town13_Rep0_81_0_route0_01_09_07_53_17,85,success,85,True,85,1.0,85,1.0,False,written,AutoMoT/keyframe_filter/collection_output/r2_rgb_route_sheets_20260708/route_sheets/VehicleOpensDoorTwoWays/Town13_Rep0_81_0_route0_01_09_07_53_17/page_000.jpg,AutoMoT/keyframe_filter/collection_output/r2_rgb_route_sheets_20260708/route_sheets/VehicleOpensDoorTwoWays/Town13_Rep0_81_0_route0_01_09_07_53_17,"{""R2"": 85}","{""R-E1"": 51, ""R-E2"": 20, ""U-E2"": 14}"
VehicleOpensDoorTwoWays,Town13_Rep0_81_1_route0_01_10_18_18_34,86,success,86,True,86,1.0,86,1.0,False,written,AutoMoT/keyframe_filter/collection_output/r2_rgb_route_sheets_20260708/route_sheets/VehicleOpensDoorTwoWays/Town13_Rep0_81_1_route0_01_10_18_18_34/page_000.jpg,AutoMoT/keyframe_filter/collection_output/r2_rgb_route_sheets_20260708/route_sheets/VehicleOpensDoorTwoWays/Town13_Rep0_81_1_route0_01_10_18_18_34,"{""R2"": 86}","{""R-E1"": 53, ""R-E2"": 20, ""U-E2"": 13}"
VehicleOpensDoorTwoWays,Town13_Rep0_route_000002_route0_01_09_00_01_09,80,success,80,True,80,1.0,80,1.0,False,written,AutoMoT/keyframe_filter/collection_output/r2_rgb_route_sheets_20260708/route_sheets/VehicleOpensDoorTwoWays/Town13_Rep0_route_000002_route0_01_09_00_01_09/page_000.jpg,AutoMoT/keyframe_filter/collection_output/r2_rgb_route_sheets_20260708/route_sheets/VehicleOpensDoorTwoWays/Town13_Rep0_route_000002_route0_01_09_00_01_09,"{""R2"": 80}","{""R-E1"": 41, ""R-E2"": 19, ""U-E2"": 20}"
VehicleOpensDoorTwoWays,Town13_Rep0_route_000006_route0_01_08_23_01_06,79,success,79,True,79,1.0,79,1.0,False,written,AutoMoT/keyframe_filter/collection_output/r2_rgb_route_sheets_20260708/route_sheets/VehicleOpensDoorTwoWays/Town13_Rep0_route_000006_route0_01_08_23_01_06/page_000.jpg,AutoMoT/keyframe_filter/collection_output/r2_rgb_route_sheets_20260708/route_sheets/VehicleOpensDoorTwoWays/Town13_Rep0_route_000006_route0_01_08_23_01_06,"{""R2"": 79}","{""R-E1"": 38, ""R-E2"": 18, ""U-E2"": 23}"
VehicleOpensDoorTwoWays,Town13_Rep0_route_000008_route0_01_10_04_59_56,81,success,81,True,81,1.0,81,1.0,False,written,AutoMoT/keyframe_filter/collection_output/r2_rgb_route_sheets_20260708/route_sheets/VehicleOpensDoorTwoWays/Town13_Rep0_route_000008_route0_01_10_04_59_56/page_000.jpg,AutoMoT/keyframe_filter/collection_output/r2_rgb_route_sheets_20260708/route_sheets/VehicleOpensDoorTwoWays/Town13_Rep0_route_000008_route0_01_10_04_59_56,"{""R2"": 81}","{""R-E1"": 39, ""R-E2"": 19, ""U-E2"": 23}"
VehicleOpensDoorTwoWays,Town13_Rep0_route_000011_route0_01_09_13_50_32,115,success,115,True,111,0.965217,115,1.0,False,written,AutoMoT/keyframe_filter/collection_output/r2_rgb_route_sheets_20260708/route_sheets/VehicleOpensDoorTwoWays/Town13_Rep0_route_000011_route0_01_09_13_50_32/page_000.jpg,AutoMoT/keyframe_filter/collection_output/r2_rgb_route_sheets_20260708/route_sheets/VehicleOpensDoorTwoWays/Town13_Rep0_route_000011_route0_01_09_13_50_32,"{""R2"": 111, ""R4"": 4}","{""R-E1"": 45, ""R-E2"": 22, ""R-E4"": 4, ""U-E2"": 44}"
VehicleOpensDoorTwoWays,Town13_Rep0_route_000014_route0_01_10_13_07_17,115,success,115,True,111,0.965217,115,1.0,False,written,AutoMoT/keyframe_filter/collection_output/r2_rgb_route_sheets_20260708/route_sheets/VehicleOpensDoorTwoWays/Town13_Rep0_route_000014_route0_01_10_13_07_17/page_000.jpg,AutoMoT/keyframe_filter/collection_output/r2_rgb_route_sheets_20260708/route_sheets/VehicleOpensDoorTwoWays/Town13_Rep0_route_000014_route0_01_10_13_07_17,"{""R2"": 111, ""R4"": 4}","{""R-E1"": 46, ""R-E2"": 23, ""R-E4"": 4, ""U-E2"": 42}"
VehicleOpensDoorTwoWays,Town13_Rep0_route_000003_route0_01_10_05_18_32,91,success,91,True,87,0.956044,91,1.0,False,written,AutoMoT/keyframe_filter/collection_output/r2_rgb_route_sheets_20260708/route_sheets/VehicleOpensDoorTwoWays/Town13_Rep0_route_000003_route0_01_10_05_18_32/page_000.jpg,AutoMoT/keyframe_filter/collection_output/r2_rgb_route_sheets_20260708/route_sheets/VehicleOpensDoorTwoWays/Town13_Rep0_route_000003_route0_01_10_05_18_32,"{""R2"": 87, ""R4"": 4}","{""R-E1"": 46, ""R-E2"": 23, ""R-E4"": 4, ""U-E2"": 18}"
VehicleOpensDoorTwoWays,Town12_Rep0_3630_0_route0_01_10_07_25_08,74,success,74,True,63,0.851351,74,1.0,False,written,AutoMoT/keyframe_filter/collection_output/r2_rgb_route_sheets_20260708/route_sheets/VehicleOpensDoorTwoWays/Town12_Rep0_3630_0_route0_01_10_07_25_08/page_000.jpg,AutoMoT/keyframe_filter/collection_output/r2_rgb_route_sheets_20260708/route_sheets/VehicleOpensDoorTwoWays/Town12_Rep0_3630_0_route0_01_10_07_25_08,"{""R2"": 63, ""R4"": 11}","{""R-E1"": 33, ""R-E2"": 23, ""U-E2"": 18}"
VehicleOpensDoorTwoWays,Town12_Rep0_3630_1_route0_01_10_17_54_05,73,success,73,True,62,0.849315,73,1.0,False,written,AutoMoT/keyframe_filter/collection_output/r2_rgb_route_sheets_20260708/route_sheets/VehicleOpensDoorTwoWays/Town12_Rep0_3630_1_route0_01_10_17_54_05/page_000.jpg,AutoMoT/keyframe_filter/collection_output/r2_rgb_route_sheets_20260708/route_sheets/VehicleOpensDoorTwoWays/Town12_Rep0_3630_1_route0_01_10_17_54_05,"{""R2"": 62, ""R4"": 11}","{""R-E1"": 33, ""R-E2"": 23, ""U-E2"": 17}"
VehicleOpensDoorTwoWays,Town12_Rep0_1544_0_route0_01_09_01_34_14,76,success,76,True,63,0.828947,76,1.0,False,written,AutoMoT/keyframe_filter/collection_output/r2_rgb_route_sheets_20260708/route_sheets/VehicleOpensDoorTwoWays/Town12_Rep0_1544_0_route0_01_09_01_34_14/page_000.jpg,AutoMoT/keyframe_filter/collection_output/r2_rgb_route_sheets_20260708/route_sheets/VehicleOpensDoorTwoWays/Town12_Rep0_1544_0_route0_01_09_01_34_14,"{""R2"": 63, ""R4"": 13}","{""R-E1"": 40, ""R-E2"": 22, ""R-E4"": 1, ""U-E2"": 13}"
VehicleOpensDoorTwoWays,Town12_Rep0_1544_1_route0_01_10_00_59_14,75,success,75,True,62,0.826667,75,1.0,False,written,AutoMoT/keyframe_filter/collection_output/r2_rgb_route_sheets_20260708/route_sheets/VehicleOpensDoorTwoWays/Town12_Rep0_1544_1_route0_01_10_00_59_14/page_000.jpg,AutoMoT/keyframe_filter/collection_output/r2_rgb_route_sheets_20260708/route_sheets/VehicleOpensDoorTwoWays/Town12_Rep0_1544_1_route0_01_10_00_59_14,"{""R2"": 62, ""R4"": 13}","{""R-E1"": 37, ""R-E2"": 20, ""U-E2"": 18}"
VehicleOpensDoorTwoWays,Town12_Rep0_3843_1_route0_01_08_05_53_40,76,success,76,True,62,0.815789,76,1.0,False,written,AutoMoT/keyframe_filter/collection_output/r2_rgb_route_sheets_20260708/route_sheets/VehicleOpensDoorTwoWays/Town12_Rep0_3843_1_route0_01_08_05_53_40/page_000.jpg,AutoMoT/keyframe_filter/collection_output/r2_rgb_route_sheets_20260708/route_sheets/VehicleOpensDoorTwoWays/Town12_Rep0_3843_1_route0_01_08_05_53_40,"{""R2"": 62, ""R4"": 14}","{""R-E1"": 37, ""R-E2"": 19, ""R-E4"": 2, ""U-E2"": 18}"
VehicleOpensDoorTwoWays,Town12_Rep0_3843_0_route0_01_09_06_28_13,75,success,75,True,61,0.813333,75,1.0,False,written,AutoMoT/keyframe_filter/collection_output/r2_rgb_route_sheets_20260708/route_sheets/VehicleOpensDoorTwoWays/Town12_Rep0_3843_0_route0_01_09_06_28_13/page_000.jpg,AutoMoT/keyframe_filter/collection_output/r2_rgb_route_sheets_20260708/route_sheets/VehicleOpensDoorTwoWays/Town12_Rep0_3843_0_route0_01_09_06_28_13,"{""R2"": 61, ""R4"": 14}","{""R-E1"": 38, ""R-E2"": 20, ""R-E4"": 2, ""U-E2"": 15}"
VehicleOpensDoorTwoWays,Town12_Rep0_2240_0_route0_01_10_07_39_37,73,success,73,True,59,0.808219,73,1.0,False,written,AutoMoT/keyframe_filter/collection_output/r2_rgb_route_sheets_20260708/route_sheets/VehicleOpensDoorTwoWays/Town12_Rep0_2240_0_route0_01_10_07_39_37/page_000.jpg,AutoMoT/keyframe_filter/collection_output/r2_rgb_route_sheets_20260708/route_sheets/VehicleOpensDoorTwoWays/Town12_Rep0_2240_0_route0_01_10_07_39_37,"{""R2"": 59, ""R4"": 14}","{""R-E1"": 42, ""R-E2"": 20, ""U-E2"": 11}"
VehicleOpensDoorTwoWays,Town12_Rep0_3837_0_route0_01_08_10_10_37,71,success,71,True,57,0.802817,71,1.0,False,written,AutoMoT/keyframe_filter/collection_output/r2_rgb_route_sheets_20260708/route_sheets/VehicleOpensDoorTwoWays/Town12_Rep0_3837_0_route0_01_08_10_10_37/page_000.jpg,AutoMoT/keyframe_filter/collection_output/r2_rgb_route_sheets_20260708/route_sheets/VehicleOpensDoorTwoWays/Town12_Rep0_3837_0_route0_01_08_10_10_37,"{""R2"": 57, ""R4"": 14}","{""R-E1"": 41, ""R-E2"": 19, ""R-E4"": 2, ""U-E2"": 9}"
VehicleOpensDoorTwoWays,Town13_Rep0_93_1_route0_01_09_20_38_36,104,success,104,True,72,0.692308,103,0.9904,False,written,AutoMoT/keyframe_filter/collection_output/r2_rgb_route_sheets_20260708/route_sheets/VehicleOpensDoorTwoWays/Town13_Rep0_93_1_route0_01_09_20_38_36/page_000.jpg,AutoMoT/keyframe_filter/collection_output/r2_rgb_route_sheets_20260708/route_sheets/VehicleOpensDoorTwoWays/Town13_Rep0_93_1_route0_01_09_20_38_36,"{""R2"": 72, ""R4"": 19, ""R5"": 13}","{""R-E1"": 37, ""R-E2"": 21, ""R-E4"": 19, ""R-E5"": 13, ""U-E2"": 14}"
VehicleOpensDoorTwoWays,Town13_Rep0_93_0_route0_01_08_17_09_18,107,success,107,True,74,0.691589,105,0.9813,False,written,AutoMoT/keyframe_filter/collection_output/r2_rgb_route_sheets_20260708/route_sheets/VehicleOpensDoorTwoWays/Town13_Rep0_93_0_route0_01_08_17_09_18/page_000.jpg,AutoMoT/keyframe_filter/collection_output/r2_rgb_route_sheets_20260708/route_sheets/VehicleOpensDoorTwoWays/Town13_Rep0_93_0_route0_01_08_17_09_18,"{""R2"": 74, ""R4"": 20, ""R5"": 13}","{""R-E1"": 37, ""R-E2"": 21, ""R-E4"": 20, ""R-E5"": 13, ""U-E2"": 16}"
VehicleOpensDoorTwoWays,Town13_Rep0_24_0_route0_01_10_04_47_13,103,success,103,True,71,0.68932,103,1.0,False,written,AutoMoT/keyframe_filter/collection_output/r2_rgb_route_sheets_20260708/route_sheets/VehicleOpensDoorTwoWays/Town13_Rep0_24_0_route0_01_10_04_47_13/page_000.jpg,AutoMoT/keyframe_filter/collection_output/r2_rgb_route_sheets_20260708/route_sheets/VehicleOpensDoorTwoWays/Town13_Rep0_24_0_route0_01_10_04_47_13,"{""R2"": 71, ""R4"": 21, ""R5"": 11}","{""R-E1"": 43, ""R-E2"": 17, ""R-E4"": 21, ""R-E5"": 11, ""U-E2"": 11}"
VehicleOpensDoorTwoWays,Town13_Rep0_1064_1_route0_01_09_09_09_26,102,success,102,True,70,0.686275,102,1.0,False,written,AutoMoT/keyframe_filter/collection_output/r2_rgb_route_sheets_20260708/route_sheets/VehicleOpensDoorTwoWays/Town13_Rep0_1064_1_route0_01_09_09_09_26/page_000.jpg,AutoMoT/keyframe_filter/collection_output/r2_rgb_route_sheets_20260708/route_sheets/VehicleOpensDoorTwoWays/Town13_Rep0_1064_1_route0_01_09_09_09_26,"{""R2"": 70, ""R4"": 20, ""R5"": 12}","{""R-E1"": 38, ""R-E2"": 21, ""R-E4"": 20, ""R-E5"": 12, ""U-E2"": 11}"
VehicleOpensDoorTwoWays,Town13_Rep0_1064_2_route0_01_10_17_01_23,96,success,96,True,64,0.666667,96,1.0,False,written,AutoMoT/keyframe_filter/collection_output/r2_rgb_route_sheets_20260708/route_sheets/VehicleOpensDoorTwoWays/Town13_Rep0_1064_2_route0_01_10_17_01_23/page_000.jpg,AutoMoT/keyframe_filter/collection_output/r2_rgb_route_sheets_20260708/route_sheets/VehicleOpensDoorTwoWays/Town13_Rep0_1064_2_route0_01_10_17_01_23,"{""R2"": 64, ""R4"": 20, ""R5"": 12}","{""R-E1"": 29, ""R-E2"": 18, ""R-E4"": 20, ""R-E5"": 12, ""U-E2"": 17}"
VehicleOpensDoorTwoWays,Town13_Rep0_24_1_route0_01_08_16_39_49,96,success,96,True,64,0.666667,96,1.0,False,written,AutoMoT/keyframe_filter/collection_output/r2_rgb_route_sheets_20260708/route_sheets/VehicleOpensDoorTwoWays/Town13_Rep0_24_1_route0_01_08_16_39_49/page_000.jpg,AutoMoT/keyframe_filter/collection_output/r2_rgb_route_sheets_20260708/route_sheets/VehicleOpensDoorTwoWays/Town13_Rep0_24_1_route0_01_08_16_39_49,"{""R2"": 64, ""R4"": 21, ""R5"": 11}","{""R-E1"": 33, ""R-E2"": 15, ""R-E4"": 21, ""R-E5"": 11, ""U-E2"": 16}"
VehicleOpensDoorTwoWays,Town13_Rep0_1096_2_route0_01_10_17_04_17,95,success,95,True,63,0.663158,95,1.0,False,written,AutoMoT/keyframe_filter/collection_output/r2_rgb_route_sheets_20260708/route_sheets/VehicleOpensDoorTwoWays/Town13_Rep0_1096_2_route0_01_10_17_04_17/page_000.jpg,AutoMoT/keyframe_filter/collection_output/r2_rgb_route_sheets_20260708/route_sheets/VehicleOpensDoorTwoWays/Town13_Rep0_1096_2_route0_01_10_17_04_17,"{""R2"": 63, ""R4"": 20, ""R5"": 12}","{""R-E1"": 31, ""R-E2"": 18, ""R-E4"": 20, ""R-E5"": 12, ""U-E2"": 14}"
VehicleOpensDoorTwoWays,Town13_Rep0_1096_1_route0_01_10_13_49_46,97,success,97,True,64,0.659794,97,1.0,False,written,AutoMoT/keyframe_filter/collection_output/r2_rgb_route_sheets_20260708/route_sheets/VehicleOpensDoorTwoWays/Town13_Rep0_1096_1_route0_01_10_13_49_46/page_000.jpg,AutoMoT/keyframe_filter/collection_output/r2_rgb_route_sheets_20260708/route_sheets/VehicleOpensDoorTwoWays/Town13_Rep0_1096_1_route0_01_10_13_49_46,"{""R2"": 64, ""R4"": 21, ""R5"": 12}","{""R-E1"": 31, ""R-E2"": 17, ""R-E4"": 21, ""R-E5"": 12, ""U-E2"": 16}"
VehicleOpensDoorTwoWays,Town13_Rep0_1096_0_route0_01_10_19_31_21,94,success,94,True,62,0.659574,94,1.0,False,written,AutoMoT/keyframe_filter/collection_output/r2_rgb_route_sheets_20260708/route_sheets/VehicleOpensDoorTwoWays/Town13_Rep0_1096_0_route0_01_10_19_31_21/page_000.jpg,AutoMoT/keyframe_filter/collection_output/r2_rgb_route_sheets_20260708/route_sheets/VehicleOpensDoorTwoWays/Town13_Rep0_1096_0_route0_01_10_19_31_21,"{""R2"": 62, ""R4"": 20, ""R5"": 12}","{""R-E1"": 31, ""R-E2"": 18, ""R-E4"": 20, ""R-E5"": 12, ""U-E2"": 13}"
VehicleOpensDoorTwoWays,Town13_Rep0_1064_0_route0_01_09_05_20_15,96,success,96,True,63,0.65625,96,1.0,False,written,AutoMoT/keyframe_filter/collection_output/r2_rgb_route_sheets_20260708/route_sheets/VehicleOpensDoorTwoWays/Town13_Rep0_1064_0_route0_01_09_05_20_15/page_000.jpg,AutoMoT/keyframe_filter/collection_output/r2_rgb_route_sheets_20260708/route_sheets/VehicleOpensDoorTwoWays/Town13_Rep0_1064_0_route0_01_09_05_20_15,"{""R2"": 63, ""R4"": 20, ""R5"": 13}","{""R-E1"": 29, ""R-E2"": 17, ""R-E4"": 20, ""R-E5"": 13, ""U-E2"": 17}"
VehicleOpensDoorTwoWays,Town12_Rep0_719_0_route0_01_08_03_34_07,76,success,76,True,48,0.631579,76,1.0,False,written,AutoMoT/keyframe_filter/collection_output/r2_rgb_route_sheets_20260708/route_sheets/VehicleOpensDoorTwoWays/Town12_Rep0_719_0_route0_01_08_03_34_07/page_000.jpg,AutoMoT/keyframe_filter/collection_output/r2_rgb_route_sheets_20260708/route_sheets/VehicleOpensDoorTwoWays/Town12_Rep0_719_0_route0_01_08_03_34_07,"{""R2"": 48, ""R4"": 28}","{""R-E1"": 42, ""R-E2"": 12, ""R-E4"": 16, ""U-E2"": 6}"
VehicleOpensDoorTwoWays,Town12_Rep0_549_0_route0_01_09_07_00_25,86,success,86,True,54,0.627907,86,1.0,False,written,AutoMoT/keyframe_filter/collection_output/r2_rgb_route_sheets_20260708/route_sheets/VehicleOpensDoorTwoWays/Town12_Rep0_549_0_route0_01_09_07_00_25/page_000.jpg,AutoMoT/keyframe_filter/collection_output/r2_rgb_route_sheets_20260708/route_sheets/VehicleOpensDoorTwoWays/Town12_Rep0_549_0_route0_01_09_07_00_25,"{""R2"": 54, ""R4"": 32}","{""R-E1"": 48, ""R-E2"": 23, ""R-E4"": 8, ""U-E2"": 7}"
VehicleOpensDoorTwoWays,Town13_Rep0_1052_0_route0_01_10_01_38_22,83,success,83,True,52,0.626506,83,1.0,False,written,AutoMoT/keyframe_filter/collection_output/r2_rgb_route_sheets_20260708/route_sheets/VehicleOpensDoorTwoWays/Town13_Rep0_1052_0_route0_01_10_01_38_22/page_000.jpg,AutoMoT/keyframe_filter/collection_output/r2_rgb_route_sheets_20260708/route_sheets/VehicleOpensDoorTwoWays/Town13_Rep0_1052_0_route0_01_10_01_38_22,"{""R2"": 52, ""R4"": 20, ""R5"": 11}","{""R-E1"": 25, ""R-E2"": 18, ""R-E4"": 20, ""R-E5"": 11, ""U-E2"": 9}"
VehicleOpensDoorTwoWays,Town13_Rep0_1052_1_route0_01_10_23_36_30,84,success,84,True,52,0.619048,84,1.0,False,written,AutoMoT/keyframe_filter/collection_output/r2_rgb_route_sheets_20260708/route_sheets/VehicleOpensDoorTwoWays/Town13_Rep0_1052_1_route0_01_10_23_36_30/page_000.jpg,AutoMoT/keyframe_filter/collection_output/r2_rgb_route_sheets_20260708/route_sheets/VehicleOpensDoorTwoWays/Town13_Rep0_1052_1_route0_01_10_23_36_30,"{""R2"": 52, ""R4"": 20, ""R5"": 12}","{""R-E1"": 25, ""R-E2"": 19, ""R-E4"": 20, ""R-E5"": 12, ""U-E2"": 8}"
VehicleOpensDoorTwoWays,Town13_Rep0_1052_2_route0_01_10_09_12_45,84,success,84,True,52,0.619048,84,1.0,False,written,AutoMoT/keyframe_filter/collection_output/r2_rgb_route_sheets_20260708/route_sheets/VehicleOpensDoorTwoWays/Town13_Rep0_1052_2_route0_01_10_09_12_45/page_000.jpg,AutoMoT/keyframe_filter/collection_output/r2_rgb_route_sheets_20260708/route_sheets/VehicleOpensDoorTwoWays/Town13_Rep0_1052_2_route0_01_10_09_12_45,"{""R2"": 52, ""R4"": 20, ""R5"": 12}","{""R-E1"": 24, ""R-E2"": 18, ""R-E4"": 20, ""R-E5"": 12, ""U-E2"": 10}"
VehicleOpensDoorTwoWays,Town12_Rep0_719_1_route0_01_10_21_42_02,78,success,78,True,48,0.615385,78,1.0,False,written,AutoMoT/keyframe_filter/collection_output/r2_rgb_route_sheets_20260708/route_sheets/VehicleOpensDoorTwoWays/Town12_Rep0_719_1_route0_01_10_21_42_02/page_000.jpg,AutoMoT/keyframe_filter/collection_output/r2_rgb_route_sheets_20260708/route_sheets/VehicleOpensDoorTwoWays/Town12_Rep0_719_1_route0_01_10_21_42_02,"{""R2"": 48, ""R4"": 30}","{""R-E1"": 43, ""R-E2"": 12, ""R-E4"": 18, ""U-E2"": 5}"
VehicleOpensDoorTwoWays,Town13_Rep0_19_0_route0_01_08_12_05_21,97,success,97,True,59,0.608247,97,1.0,False,written,AutoMoT/keyframe_filter/collection_output/r2_rgb_route_sheets_20260708/route_sheets/VehicleOpensDoorTwoWays/Town13_Rep0_19_0_route0_01_08_12_05_21/page_000.jpg,AutoMoT/keyframe_filter/collection_output/r2_rgb_route_sheets_20260708/route_sheets/VehicleOpensDoorTwoWays/Town13_Rep0_19_0_route0_01_08_12_05_21,"{""R2"": 59, ""R5"": 38}","{""R-E1"": 23, ""R-E2"": 21, ""R-E5"": 38, ""U-E2"": 15}"
VehicleOpensDoorTwoWays,Town13_Rep0_19_1_route0_01_10_18_23_31,77,success,77,True,44,0.571429,77,1.0,False,written,AutoMoT/keyframe_filter/collection_output/r2_rgb_route_sheets_20260708/route_sheets/VehicleOpensDoorTwoWays/Town13_Rep0_19_1_route0_01_10_18_23_31/page_000.jpg,AutoMoT/keyframe_filter/collection_output/r2_rgb_route_sheets_20260708/route_sheets/VehicleOpensDoorTwoWays/Town13_Rep0_19_1_route0_01_10_18_23_31,"{""R2"": 44, ""R5"": 33}","{""R-E1"": 19, ""R-E2"": 19, ""R-E5"": 33, ""U-E2"": 6}"
VehicleOpensDoorTwoWays,Town13_Rep0_1113_1_route0_01_11_03_54_44,154,success,154,True,78,0.506494,154,1.0,False,written,AutoMoT/keyframe_filter/collection_output/r2_rgb_route_sheets_20260708/route_sheets/VehicleOpensDoorTwoWays/Town13_Rep0_1113_1_route0_01_11_03_54_44/page_000.jpg,AutoMoT/keyframe_filter/collection_output/r2_rgb_route_sheets_20260708/route_sheets/VehicleOpensDoorTwoWays/Town13_Rep0_1113_1_route0_01_11_03_54_44,"{""R2"": 78, ""R4"": 68, ""R5"": 8}","{""R-E1"": 30, ""R-E2"": 23, ""R-E4"": 68, ""R-E5"": 8, ""U-E2"": 25}"
VehicleOpensDoorTwoWays,Town13_Rep0_1113_2_route0_01_10_05_24_57,154,success,154,True,78,0.506494,154,1.0,False,written,AutoMoT/keyframe_filter/collection_output/r2_rgb_route_sheets_20260708/route_sheets/VehicleOpensDoorTwoWays/Town13_Rep0_1113_2_route0_01_10_05_24_57/page_000.jpg,AutoMoT/keyframe_filter/collection_output/r2_rgb_route_sheets_20260708/route_sheets/VehicleOpensDoorTwoWays/Town13_Rep0_1113_2_route0_01_10_05_24_57,"{""R2"": 78, ""R4"": 68, ""R5"": 8}","{""R-E1"": 30, ""R-E2"": 22, ""R-E4"": 68, ""R-E5"": 8, ""U-E2"": 26}"
VehicleOpensDoorTwoWays,Town13_Rep0_46_0_route0_01_10_11_06_38,147,success,147,True,70,0.47619,147,1.0,False,written,AutoMoT/keyframe_filter/collection_output/r2_rgb_route_sheets_20260708/route_sheets/VehicleOpensDoorTwoWays/Town13_Rep0_46_0_route0_01_10_11_06_38/page_000.jpg,AutoMoT/keyframe_filter/collection_output/r2_rgb_route_sheets_20260708/route_sheets/VehicleOpensDoorTwoWays/Town13_Rep0_46_0_route0_01_10_11_06_38,"{""R2"": 70, ""R4"": 67, ""R5"": 10}","{""R-E1"": 39, ""R-E2"": 20, ""R-E4"": 67, ""R-E5"": 10, ""U-E2"": 11}"
VehicleOpensDoorTwoWays,Town13_Rep0_85_0_route0_01_08_23_21_20,160,success,160,True,76,0.475,160,1.0,False,written,AutoMoT/keyframe_filter/collection_output/r2_rgb_route_sheets_20260708/route_sheets/VehicleOpensDoorTwoWays/Town13_Rep0_85_0_route0_01_08_23_21_20/page_000.jpg,AutoMoT/keyframe_filter/collection_output/r2_rgb_route_sheets_20260708/route_sheets/VehicleOpensDoorTwoWays/Town13_Rep0_85_0_route0_01_08_23_21_20,"{""R2"": 76, ""R4"": 74, ""R5"": 10}","{""R-E1"": 46, ""R-E2"": 21, ""R-E4"": 64, ""R-E5"": 10, ""U-E2"": 19}"
VehicleOpensDoorTwoWays,Town13_Rep0_85_1_route0_01_09_22_40_26,159,success,159,True,75,0.471698,159,1.0,False,written,AutoMoT/keyframe_filter/collection_output/r2_rgb_route_sheets_20260708/route_sheets/VehicleOpensDoorTwoWays/Town13_Rep0_85_1_route0_01_09_22_40_26/page_000.jpg,AutoMoT/keyframe_filter/collection_output/r2_rgb_route_sheets_20260708/route_sheets/VehicleOpensDoorTwoWays/Town13_Rep0_85_1_route0_01_09_22_40_26,"{""R2"": 75, ""R4"": 74, ""R5"": 10}","{""R-E1"": 46, ""R-E2"": 21, ""R-E4"": 64, ""R-E5"": 10, ""U-E2"": 18}"
VehicleOpensDoorTwoWays,Town13_Rep0_1005_2_route0_01_10_05_03_36,151,success,151,True,71,0.470199,151,1.0,False,written,AutoMoT/keyframe_filter/collection_output/r2_rgb_route_sheets_20260708/route_sheets/VehicleOpensDoorTwoWays/Town13_Rep0_1005_2_route0_01_10_05_03_36/page_000.jpg,AutoMoT/keyframe_filter/collection_output/r2_rgb_route_sheets_20260708/route_sheets/VehicleOpensDoorTwoWays/Town13_Rep0_1005_2_route0_01_10_05_03_36,"{""R2"": 71, ""R4"": 68, ""R5"": 12}","{""R-E1"": 38, ""R-E2"": 21, ""R-E4"": 68, ""R-E5"": 12, ""U-E2"": 12}"
VehicleOpensDoorTwoWays,Town13_Rep0_1005_0_route0_01_09_03_37_24,149,success,149,True,69,0.463087,149,1.0,False,written,AutoMoT/keyframe_filter/collection_output/r2_rgb_route_sheets_20260708/route_sheets/VehicleOpensDoorTwoWays/Town13_Rep0_1005_0_route0_01_09_03_37_24/page_000.jpg,AutoMoT/keyframe_filter/collection_output/r2_rgb_route_sheets_20260708/route_sheets/VehicleOpensDoorTwoWays/Town13_Rep0_1005_0_route0_01_09_03_37_24,"{""R2"": 69, ""R4"": 68, ""R5"": 12}","{""R-E1"": 37, ""R-E2"": 21, ""R-E4"": 68, ""R-E5"": 12, ""U-E2"": 11}"
VehicleOpensDoorTwoWays,Town13_Rep0_1686_0_route0_01_08_22_57_54,139,success,139,True,64,0.460432,139,1.0,False,written,AutoMoT/keyframe_filter/collection_output/r2_rgb_route_sheets_20260708/route_sheets/VehicleOpensDoorTwoWays/Town13_Rep0_1686_0_route0_01_08_22_57_54/page_000.jpg,AutoMoT/keyframe_filter/collection_output/r2_rgb_route_sheets_20260708/route_sheets/VehicleOpensDoorTwoWays/Town13_Rep0_1686_0_route0_01_08_22_57_54,"{""R2"": 64, ""R4"": 67, ""R5"": 8}","{""R-E1"": 29, ""R-E2"": 18, ""R-E4"": 67, ""R-E5"": 8, ""U-E2"": 17}"
VehicleOpensDoorTwoWays,Town13_Rep0_1005_1_route0_01_11_01_32_34,146,success,146,True,66,0.452055,146,1.0,False,written,AutoMoT/keyframe_filter/collection_output/r2_rgb_route_sheets_20260708/route_sheets/VehicleOpensDoorTwoWays/Town13_Rep0_1005_1_route0_01_11_01_32_34/page_000.jpg,AutoMoT/keyframe_filter/collection_output/r2_rgb_route_sheets_20260708/route_sheets/VehicleOpensDoorTwoWays/Town13_Rep0_1005_1_route0_01_11_01_32_34,"{""R2"": 66, ""R4"": 68, ""R5"": 12}","{""R-E1"": 28, ""R-E2"": 18, ""R-E4"": 68, ""R-E5"": 12, ""U-E2"": 20}"
VehicleOpensDoorTwoWays,Town13_Rep0_1686_1_route0_01_09_19_27_21,138,success,138,True,62,0.449275,138,1.0,False,written,AutoMoT/keyframe_filter/collection_output/r2_rgb_route_sheets_20260708/route_sheets/VehicleOpensDoorTwoWays/Town13_Rep0_1686_1_route0_01_09_19_27_21/page_000.jpg,AutoMoT/keyframe_filter/collection_output/r2_rgb_route_sheets_20260708/route_sheets/VehicleOpensDoorTwoWays/Town13_Rep0_1686_1_route0_01_09_19_27_21,"{""R2"": 62, ""R4"": 68, ""R5"": 8}","{""R-E1"": 27, ""R-E2"": 18, ""R-E4"": 68, ""R-E5"": 8, ""U-E2"": 17}"
VehicleOpensDoorTwoWays,Town13_Rep0_46_1_route0_01_11_02_31_47,142,success,142,True,63,0.443662,142,1.0,False,written,AutoMoT/keyframe_filter/collection_output/r2_rgb_route_sheets_20260708/route_sheets/VehicleOpensDoorTwoWays/Town13_Rep0_46_1_route0_01_11_02_31_47/page_000.jpg,AutoMoT/keyframe_filter/collection_output/r2_rgb_route_sheets_20260708/route_sheets/VehicleOpensDoorTwoWays/Town13_Rep0_46_1_route0_01_11_02_31_47,"{""R2"": 63, ""R4"": 68, ""R5"": 11}","{""R-E1"": 28, ""R-E2"": 17, ""R-E4"": 68, ""R-E5"": 11, ""U-E2"": 18}"
VehicleOpensDoorTwoWays,Town13_Rep0_1110_1_route0_01_09_23_04_36,139,success,139,True,58,0.417266,139,1.0,False,written,AutoMoT/keyframe_filter/collection_output/r2_rgb_route_sheets_20260708/route_sheets/VehicleOpensDoorTwoWays/Town13_Rep0_1110_1_route0_01_09_23_04_36/page_000.jpg,AutoMoT/keyframe_filter/collection_output/r2_rgb_route_sheets_20260708/route_sheets/VehicleOpensDoorTwoWays/Town13_Rep0_1110_1_route0_01_09_23_04_36,"{""R2"": 58, ""R4"": 69, ""R5"": 12}","{""R-E1"": 26, ""R-E2"": 21, ""R-E4"": 69, ""R-E5"": 12, ""U-E2"": 11}"
VehicleOpensDoorTwoWays,Town13_Rep0_1110_0_route0_01_08_15_53_11,138,success,138,True,57,0.413043,138,1.0,False,written,AutoMoT/keyframe_filter/collection_output/r2_rgb_route_sheets_20260708/route_sheets/VehicleOpensDoorTwoWays/Town13_Rep0_1110_0_route0_01_08_15_53_11/page_000.jpg,AutoMoT/keyframe_filter/collection_output/r2_rgb_route_sheets_20260708/route_sheets/VehicleOpensDoorTwoWays/Town13_Rep0_1110_0_route0_01_08_15_53_11,"{""R2"": 57, ""R4"": 69, ""R5"": 12}","{""R-E1"": 25, ""R-E2"": 21, ""R-E4"": 69, ""R-E5"": 12, ""U-E2"": 11}"
VehicleOpensDoorTwoWays,Town13_Rep0_1113_0_route0_01_08_20_44_13,130,success,130,True,53,0.407692,130,1.0,False,written,AutoMoT/keyframe_filter/collection_output/r2_rgb_route_sheets_20260708/route_sheets/VehicleOpensDoorTwoWays/Town13_Rep0_1113_0_route0_01_08_20_44_13/page_000.jpg,AutoMoT/keyframe_filter/collection_output/r2_rgb_route_sheets_20260708/route_sheets/VehicleOpensDoorTwoWays/Town13_Rep0_1113_0_route0_01_08_20_44_13,"{""R2"": 53, ""R4"": 69, ""R5"": 8}","{""R-E1"": 22, ""R-E2"": 19, ""R-E4"": 69, ""R-E5"": 8, ""U-E2"": 12}"
VehicleOpensDoorTwoWays,Town13_Rep0_1110_2_route0_01_08_05_41_56,135,success,135,True,54,0.4,135,1.0,False,written,AutoMoT/keyframe_filter/collection_output/r2_rgb_route_sheets_20260708/route_sheets/VehicleOpensDoorTwoWays/Town13_Rep0_1110_2_route0_01_08_05_41_56/page_000.jpg,AutoMoT/keyframe_filter/collection_output/r2_rgb_route_sheets_20260708/route_sheets/VehicleOpensDoorTwoWays/Town13_Rep0_1110_2_route0_01_08_05_41_56,"{""R2"": 54, ""R4"": 69, ""R5"": 12}","{""R-E1"": 20, ""R-E2"": 17, ""R-E4"": 69, ""R-E5"": 12, ""U-E2"": 17}"
VehicleOpensDoorTwoWays,Town12_Rep0_3785_0_route0_01_09_12_45_54,168,success,168,True,58,0.345238,168,1.0,False,written,AutoMoT/keyframe_filter/collection_output/r2_rgb_route_sheets_20260708/route_sheets/VehicleOpensDoorTwoWays/Town12_Rep0_3785_0_route0_01_09_12_45_54/page_000.jpg,AutoMoT/keyframe_filter/collection_output/r2_rgb_route_sheets_20260708/route_sheets/VehicleOpensDoorTwoWays/Town12_Rep0_3785_0_route0_01_09_12_45_54,"{""R2"": 58, ""R4"": 98, ""R5"": 12}","{""R-E1"": 58, ""R-E4"": 98, ""R-E5"": 12}"
VehicleOpensDoorTwoWays,Town12_Rep0_3785_1_route0_01_09_03_09_14,168,success,168,True,56,0.333333,168,1.0,False,written,AutoMoT/keyframe_filter/collection_output/r2_rgb_route_sheets_20260708/route_sheets/VehicleOpensDoorTwoWays/Town12_Rep0_3785_1_route0_01_09_03_09_14/page_000.jpg,AutoMoT/keyframe_filter/collection_output/r2_rgb_route_sheets_20260708/route_sheets/VehicleOpensDoorTwoWays/Town12_Rep0_3785_1_route0_01_09_03_09_14,"{""R2"": 56, ""R4"": 101, ""R5"": 11}","{""R-E1"": 56, ""R-E4"": 101, ""R-E5"": 11}"
VehicleOpensDoorTwoWays,Town13_Rep0_1695_0_route0_01_10_16_36_53,198,success,198,True,63,0.318182,198,1.0,False,written,AutoMoT/keyframe_filter/collection_output/r2_rgb_route_sheets_20260708/route_sheets/VehicleOpensDoorTwoWays/Town13_Rep0_1695_0_route0_01_10_16_36_53/page_000.jpg,AutoMoT/keyframe_filter/collection_output/r2_rgb_route_sheets_20260708/route_sheets/VehicleOpensDoorTwoWays/Town13_Rep0_1695_0_route0_01_10_16_36_53,"{""R2"": 63, ""R4"": 124, ""R5"": 11}","{""R-E1"": 32, ""R-E2"": 18, ""R-E4"": 124, ""R-E5"": 11, ""U-E2"": 13}"
VehicleOpensDoorTwoWays,Town13_Rep0_1695_1_route0_01_10_05_06_43,196,success,196,True,61,0.311224,196,1.0,False,written,AutoMoT/keyframe_filter/collection_output/r2_rgb_route_sheets_20260708/route_sheets/VehicleOpensDoorTwoWays/Town13_Rep0_1695_1_route0_01_10_05_06_43/page_000.jpg,AutoMoT/keyframe_filter/collection_output/r2_rgb_route_sheets_20260708/route_sheets/VehicleOpensDoorTwoWays/Town13_Rep0_1695_1_route0_01_10_05_06_43,"{""R2"": 61, ""R4"": 124, ""R5"": 11}","{""R-E1"": 32, ""R-E2"": 18, ""R-E4"": 124, ""R-E5"": 11, ""U-E2"": 11}"
VehicleOpensDoorTwoWays,Town13_Rep0_1021_2_route0_01_09_01_37_27,195,success,195,True,54,0.276923,195,1.0,False,written,AutoMoT/keyframe_filter/collection_output/r2_rgb_route_sheets_20260708/route_sheets/VehicleOpensDoorTwoWays/Town13_Rep0_1021_2_route0_01_09_01_37_27/page_000.jpg,AutoMoT/keyframe_filter/collection_output/r2_rgb_route_sheets_20260708/route_sheets/VehicleOpensDoorTwoWays/Town13_Rep0_1021_2_route0_01_09_01_37_27,"{""R2"": 54, ""R4"": 129, ""R5"": 12}","{""R-E1"": 22, ""R-E2"": 19, ""R-E4"": 129, ""R-E5"": 12, ""U-E2"": 13}"
VehicleOpensDoorTwoWays,Town13_Rep0_1021_0_route0_01_10_21_26_32,194,success,194,True,53,0.273196,194,1.0,False,written,AutoMoT/keyframe_filter/collection_output/r2_rgb_route_sheets_20260708/route_sheets/VehicleOpensDoorTwoWays/Town13_Rep0_1021_0_route0_01_10_21_26_32/page_000.jpg,AutoMoT/keyframe_filter/collection_output/r2_rgb_route_sheets_20260708/route_sheets/VehicleOpensDoorTwoWays/Town13_Rep0_1021_0_route0_01_10_21_26_32,"{""R2"": 53, ""R4"": 129, ""R5"": 12}","{""R-E1"": 22, ""R-E2"": 19, ""R-E4"": 129, ""R-E5"": 12, ""U-E2"": 12}"
VehicleOpensDoorTwoWays,Town13_Rep0_1021_1_route0_01_10_19_25_17,193,success,193,True,52,0.26943,193,1.0,False,written,AutoMoT/keyframe_filter/collection_output/r2_rgb_route_sheets_20260708/route_sheets/VehicleOpensDoorTwoWays/Town13_Rep0_1021_1_route0_01_10_19_25_17/page_000.jpg,AutoMoT/keyframe_filter/collection_output/r2_rgb_route_sheets_20260708/route_sheets/VehicleOpensDoorTwoWays/Town13_Rep0_1021_1_route0_01_10_19_25_17,"{""R2"": 52, ""R4"": 129, ""R5"": 12}","{""R-E1"": 22, ""R-E2"": 18, ""R-E4"": 129, ""R-E5"": 12, ""U-E2"": 12}"
VehicleOpensDoorTwoWays,Town12_Rep0_3318_0_route0_01_08_14_18_10,213,success,213,True,22,0.103286,213,1.0,False,written,AutoMoT/keyframe_filter/collection_output/r2_rgb_route_sheets_20260708/route_sheets/VehicleOpensDoorTwoWays/Town12_Rep0_3318_0_route0_01_08_14_18_10/page_000.jpg,AutoMoT/keyframe_filter/collection_output/r2_rgb_route_sheets_20260708/route_sheets/VehicleOpensDoorTwoWays/Town12_Rep0_3318_0_route0_01_08_14_18_10,"{""R2"": 22, ""R4"": 173, ""R5"": 18}","{""R-E1"": 22, ""R-E4"": 173, ""R-E5"": 18}"
VehicleOpensDoorTwoWays,Town12_Rep0_179_1_route0_01_10_22_22_18,220,success,220,True,22,0.1,220,1.0,False,written,AutoMoT/keyframe_filter/collection_output/r2_rgb_route_sheets_20260708/route_sheets/VehicleOpensDoorTwoWays/Town12_Rep0_179_1_route0_01_10_22_22_18/page_000.jpg,AutoMoT/keyframe_filter/collection_output/r2_rgb_route_sheets_20260708/route_sheets/VehicleOpensDoorTwoWays/Town12_Rep0_179_1_route0_01_10_22_22_18,"{""R2"": 22, ""R4"": 181, ""R5"": 17}","{""R-E1"": 22, ""R-E4"": 181, ""R-E5"": 17}"
VehicleOpensDoorTwoWays,Town12_Rep0_502_1_route0_01_10_05_02_09,206,success,206,True,19,0.092233,206,1.0,False,written,AutoMoT/keyframe_filter/collection_output/r2_rgb_route_sheets_20260708/route_sheets/VehicleOpensDoorTwoWays/Town12_Rep0_502_1_route0_01_10_05_02_09/page_000.jpg,AutoMoT/keyframe_filter/collection_output/r2_rgb_route_sheets_20260708/route_sheets/VehicleOpensDoorTwoWays/Town12_Rep0_502_1_route0_01_10_05_02_09,"{""R2"": 19, ""R4"": 174, ""R5"": 13}","{""R-E1"": 19, ""R-E4"": 174, ""R-E5"": 13}"
VehicleOpensDoorTwoWays,Town13_Rep0_1020_0_route0_01_09_22_26_05,312,success,312,True,28,0.089744,312,1.0,False,written,AutoMoT/keyframe_filter/collection_output/r2_rgb_route_sheets_20260708/route_sheets/VehicleOpensDoorTwoWays/Town13_Rep0_1020_0_route0_01_09_22_26_05/page_000.jpg,AutoMoT/keyframe_filter/collection_output/r2_rgb_route_sheets_20260708/route_sheets/VehicleOpensDoorTwoWays/Town13_Rep0_1020_0_route0_01_09_22_26_05,"{""R2"": 28, ""R4"": 276, ""R5"": 8}","{""R-E1"": 25, ""R-E2"": 12, ""R-E4"": 264, ""R-E5"": 8, ""U-E2"": 3}"
VehicleOpensDoorTwoWays,Town13_Rep0_1020_1_route0_01_10_20_38_51,312,success,312,True,28,0.089744,312,1.0,False,written,AutoMoT/keyframe_filter/collection_output/r2_rgb_route_sheets_20260708/route_sheets/VehicleOpensDoorTwoWays/Town13_Rep0_1020_1_route0_01_10_20_38_51/page_000.jpg,AutoMoT/keyframe_filter/collection_output/r2_rgb_route_sheets_20260708/route_sheets/VehicleOpensDoorTwoWays/Town13_Rep0_1020_1_route0_01_10_20_38_51,"{""R2"": 28, ""R4"": 276, ""R5"": 8}","{""R-E1"": 25, ""R-E2"": 12, ""R-E4"": 264, ""R-E5"": 8, ""U-E2"": 3}"
VehicleOpensDoorTwoWays,Town13_Rep0_1020_2_route0_01_09_21_58_58,313,success,313,True,28,0.089457,313,1.0,False,written,AutoMoT/keyframe_filter/collection_output/r2_rgb_route_sheets_20260708/route_sheets/VehicleOpensDoorTwoWays/Town13_Rep0_1020_2_route0_01_09_21_58_58/page_000.jpg,AutoMoT/keyframe_filter/collection_output/r2_rgb_route_sheets_20260708/route_sheets/VehicleOpensDoorTwoWays/Town13_Rep0_1020_2_route0_01_09_21_58_58,"{""R2"": 28, ""R4"": 277, ""R5"": 8}","{""R-E1"": 25, ""R-E2"": 12, ""R-E4"": 265, ""R-E5"": 8, ""U-E2"": 3}"
VehicleOpensDoorTwoWays,Town12_Rep0_3315_0_route0_01_08_13_44_23,330,success,330,True,27,0.081818,330,1.0,False,written,AutoMoT/keyframe_filter/collection_output/r2_rgb_route_sheets_20260708/route_sheets/VehicleOpensDoorTwoWays/Town12_Rep0_3315_0_route0_01_08_13_44_23/page_000.jpg,AutoMoT/keyframe_filter/collection_output/r2_rgb_route_sheets_20260708/route_sheets/VehicleOpensDoorTwoWays/Town12_Rep0_3315_0_route0_01_08_13_44_23,"{""R2"": 27, ""R4"": 280, ""R5"": 23}","{""R-E1"": 20, ""R-E2"": 23, ""R-E4"": 256, ""R-E5"": 23, ""U-E2"": 8}"
VehicleOpensDoorTwoWays,Town12_Rep0_1778_0_route0_01_08_14_30_47,197,success,197,True,15,0.076142,197,1.0,False,written,AutoMoT/keyframe_filter/collection_output/r2_rgb_route_sheets_20260708/route_sheets/VehicleOpensDoorTwoWays/Town12_Rep0_1778_0_route0_01_08_14_30_47/page_000.jpg,AutoMoT/keyframe_filter/collection_output/r2_rgb_route_sheets_20260708/route_sheets/VehicleOpensDoorTwoWays/Town12_Rep0_1778_0_route0_01_08_14_30_47,"{""R2"": 15, ""R4"": 176, ""R5"": 6}","{""R-E1"": 15, ""R-E4"": 176, ""R-E5"": 6}"
VehicleOpensDoorTwoWays,Town12_Rep0_3606_0_route0_01_10_03_07_56,213,success,213,True,16,0.075117,213,1.0,False,written,AutoMoT/keyframe_filter/collection_output/r2_rgb_route_sheets_20260708/route_sheets/VehicleOpensDoorTwoWays/Town12_Rep0_3606_0_route0_01_10_03_07_56/page_000.jpg,AutoMoT/keyframe_filter/collection_output/r2_rgb_route_sheets_20260708/route_sheets/VehicleOpensDoorTwoWays/Town12_Rep0_3606_0_route0_01_10_03_07_56,"{""R2"": 16, ""R4"": 180, ""R5"": 17}","{""R-E1"": 16, ""R-E4"": 180, ""R-E5"": 17}"
VehicleOpensDoorTwoWays,Town12_Rep0_502_0_route0_01_10_07_12_51,218,success,218,True,16,0.073394,218,1.0,False,written,AutoMoT/keyframe_filter/collection_output/r2_rgb_route_sheets_20260708/route_sheets/VehicleOpensDoorTwoWays/Town12_Rep0_502_0_route0_01_10_07_12_51/page_000.jpg,AutoMoT/keyframe_filter/collection_output/r2_rgb_route_sheets_20260708/route_sheets/VehicleOpensDoorTwoWays/Town12_Rep0_502_0_route0_01_10_07_12_51,"{""R2"": 16, ""R4"": 185, ""R5"": 17}","{""R-E1"": 15, ""R-E2"": 1, ""R-E4"": 185, ""R-E5"": 17}"
VehicleOpensDoorTwoWays,Town12_Rep0_513_0_route0_01_08_19_10_24,265,success,265,True,19,0.071698,265,1.0,False,written,AutoMoT/keyframe_filter/collection_output/r2_rgb_route_sheets_20260708/route_sheets/VehicleOpensDoorTwoWays/Town12_Rep0_513_0_route0_01_08_19_10_24/page_000.jpg,AutoMoT/keyframe_filter/collection_output/r2_rgb_route_sheets_20260708/route_sheets/VehicleOpensDoorTwoWays/Town12_Rep0_513_0_route0_01_08_19_10_24,"{""R2"": 19, ""R4"": 238, ""R5"": 8}","{""R-E1"": 19, ""R-E4"": 238, ""R-E5"": 8}"
VehicleOpensDoorTwoWays,Town12_Rep0_3692_1_route0_01_09_12_29_18,268,success,268,True,19,0.070896,268,1.0,False,written,AutoMoT/keyframe_filter/collection_output/r2_rgb_route_sheets_20260708/route_sheets/VehicleOpensDoorTwoWays/Town12_Rep0_3692_1_route0_01_09_12_29_18/page_000.jpg,AutoMoT/keyframe_filter/collection_output/r2_rgb_route_sheets_20260708/route_sheets/VehicleOpensDoorTwoWays/Town12_Rep0_3692_1_route0_01_09_12_29_18,"{""R2"": 19, ""R4"": 235, ""R5"": 14}","{""R-E1"": 19, ""R-E4"": 235, ""R-E5"": 14}"
VehicleOpensDoorTwoWays,Town12_Rep0_179_0_route0_01_10_02_02_58,209,success,209,True,14,0.066986,209,1.0,False,written,AutoMoT/keyframe_filter/collection_output/r2_rgb_route_sheets_20260708/route_sheets/VehicleOpensDoorTwoWays/Town12_Rep0_179_0_route0_01_10_02_02_58/page_000.jpg,AutoMoT/keyframe_filter/collection_output/r2_rgb_route_sheets_20260708/route_sheets/VehicleOpensDoorTwoWays/Town12_Rep0_179_0_route0_01_10_02_02_58,"{""R2"": 14, ""R4"": 174, ""R5"": 21}","{""R-E1"": 14, ""R-E4"": 174, ""R-E5"": 21}"
VehicleOpensDoorTwoWays,Town12_Rep0_526_0_route0_01_09_02_34_48,327,success,327,True,21,0.06422,327,1.0,False,written,AutoMoT/keyframe_filter/collection_output/r2_rgb_route_sheets_20260708/route_sheets/VehicleOpensDoorTwoWays/Town12_Rep0_526_0_route0_01_09_02_34_48/page_000.jpg,AutoMoT/keyframe_filter/collection_output/r2_rgb_route_sheets_20260708/route_sheets/VehicleOpensDoorTwoWays/Town12_Rep0_526_0_route0_01_09_02_34_48,"{""R2"": 21, ""R4"": 284, ""R5"": 22}","{""R-E1"": 21, ""R-E4"": 284, ""R-E5"": 22}"
VehicleOpensDoorTwoWays,Town12_Rep0_3315_1_route0_01_10_01_40_29,330,success,330,True,21,0.063636,330,1.0,False,written,AutoMoT/keyframe_filter/collection_output/r2_rgb_route_sheets_20260708/route_sheets/VehicleOpensDoorTwoWays/Town12_Rep0_3315_1_route0_01_10_01_40_29/page_000.jpg,AutoMoT/keyframe_filter/collection_output/r2_rgb_route_sheets_20260708/route_sheets/VehicleOpensDoorTwoWays/Town12_Rep0_3315_1_route0_01_10_01_40_29,"{""R2"": 21, ""R4"": 286, ""R5"": 23}","{""R-E1"": 21, ""R-E4"": 286, ""R-E5"": 23}"
VehicleOpensDoorTwoWays,Town12_Rep0_2071_0_route0_01_08_22_36_04,261,success,261,True,16,0.061303,261,1.0,False,written,AutoMoT/keyframe_filter/collection_output/r2_rgb_route_sheets_20260708/route_sheets/VehicleOpensDoorTwoWays/Town12_Rep0_2071_0_route0_01_08_22_36_04/page_000.jpg,AutoMoT/keyframe_filter/collection_output/r2_rgb_route_sheets_20260708/route_sheets/VehicleOpensDoorTwoWays/Town12_Rep0_2071_0_route0_01_08_22_36_04,"{""R2"": 16, ""R4"": 235, ""R5"": 10}","{""R-E1"": 16, ""R-E4"": 235, ""R-E5"": 10}"
VehicleOpensDoorTwoWays,Town12_Rep0_3315_0_route0_01_11_05_46_46,330,success,330,True,20,0.060606,330,1.0,False,written,AutoMoT/keyframe_filter/collection_output/r2_rgb_route_sheets_20260708/route_sheets/VehicleOpensDoorTwoWays/Town12_Rep0_3315_0_route0_01_11_05_46_46/page_000.jpg,AutoMoT/keyframe_filter/collection_output/r2_rgb_route_sheets_20260708/route_sheets/VehicleOpensDoorTwoWays/Town12_Rep0_3315_0_route0_01_11_05_46_46,"{""R2"": 20, ""R4"": 286, ""R5"": 24}","{""R-E1"": 20, ""R-E4"": 286, ""R-E5"": 24}"
VehicleOpensDoorTwoWays,Town12_Rep0_3692_0_route0_01_07_21_28_50,259,success,259,True,14,0.054054,259,1.0,False,written,AutoMoT/keyframe_filter/collection_output/r2_rgb_route_sheets_20260708/route_sheets/VehicleOpensDoorTwoWays/Town12_Rep0_3692_0_route0_01_07_21_28_50/page_000.jpg,AutoMoT/keyframe_filter/collection_output/r2_rgb_route_sheets_20260708/route_sheets/VehicleOpensDoorTwoWays/Town12_Rep0_3692_0_route0_01_07_21_28_50,"{""R2"": 14, ""R4"": 231, ""R5"": 14}","{""R-E1"": 14, ""R-E4"": 231, ""R-E5"": 14}"
VehicleOpensDoorTwoWays,Town12_Rep0_4175_0_route0_01_10_13_21_13,321,success,321,True,15,0.046729,321,1.0,False,written,AutoMoT/keyframe_filter/collection_output/r2_rgb_route_sheets_20260708/route_sheets/VehicleOpensDoorTwoWays/Town12_Rep0_4175_0_route0_01_10_13_21_13/page_000.jpg,AutoMoT/keyframe_filter/collection_output/r2_rgb_route_sheets_20260708/route_sheets/VehicleOpensDoorTwoWays/Town12_Rep0_4175_0_route0_01_10_13_21_13,"{""R2"": 15, ""R4"": 296, ""R5"": 10}","{""R-E1"": 15, ""R-E4"": 296, ""R-E5"": 10}"
VehicleOpensDoorTwoWays,Town12_Rep0_4371_0_route0_01_09_07_28_44,311,success,311,True,13,0.041801,311,1.0,False,written,AutoMoT/keyframe_filter/collection_output/r2_rgb_route_sheets_20260708/route_sheets/VehicleOpensDoorTwoWays/Town12_Rep0_4371_0_route0_01_09_07_28_44/page_000.jpg,AutoMoT/keyframe_filter/collection_output/r2_rgb_route_sheets_20260708/route_sheets/VehicleOpensDoorTwoWays/Town12_Rep0_4371_0_route0_01_09_07_28_44,"{""R2"": 13, ""R4"": 287, ""R5"": 11}","{""R-E1"": 13, ""R-E4"": 287, ""R-E5"": 11}"
AccidentTwoWays,Town01_Rep0_route_001546_route0_01_09_14_22_53,606,,,,,,,,True,written,AutoMoT/keyframe_filter/collection_output/r2_rgb_route_sheets_20260708/route_sheets/AccidentTwoWays/Town01_Rep0_route_001546_route0_01_09_14_22_53/page_000.jpg,AutoMoT/keyframe_filter/collection_output/r2_rgb_route_sheets_20260708/route_sheets/AccidentTwoWays/Town01_Rep0_route_001546_route0_01_09_14_22_53,,
AccidentTwoWays,Town01_Rep0_route_001546_route0_01_11_11_15_23,668,,,,,,,,True,written,AutoMoT/keyframe_filter/collection_output/r2_rgb_route_sheets_20260708/route_sheets/AccidentTwoWays/Town01_Rep0_route_001546_route0_01_11_11_15_23/page_000.jpg,AutoMoT/keyframe_filter/collection_output/r2_rgb_route_sheets_20260708/route_sheets/AccidentTwoWays/Town01_Rep0_route_001546_route0_01_11_11_15_23,,
AccidentTwoWays,Town01_Rep0_route_001547_route0_01_08_04_45_28,596,,,,,,,,True,written,AutoMoT/keyframe_filter/collection_output/r2_rgb_route_sheets_20260708/route_sheets/AccidentTwoWays/Town01_Rep0_route_001547_route0_01_08_04_45_28/page_000.jpg,AutoMoT/keyframe_filter/collection_output/r2_rgb_route_sheets_20260708/route_sheets/AccidentTwoWays/Town01_Rep0_route_001547_route0_01_08_04_45_28,,
AccidentTwoWays,Town01_Rep0_route_001547_route0_01_11_04_28_09,580,,,,,,,,True,written,AutoMoT/keyframe_filter/collection_output/r2_rgb_route_sheets_20260708/route_sheets/AccidentTwoWays/Town01_Rep0_route_001547_route0_01_11_04_28_09/page_000.jpg,AutoMoT/keyframe_filter/collection_output/r2_rgb_route_sheets_20260708/route_sheets/AccidentTwoWays/Town01_Rep0_route_001547_route0_01_11_04_28_09,,
AccidentTwoWays,Town07_Rep0_route_001442_route0_01_10_07_34_34,459,,,,,,,,True,written,AutoMoT/keyframe_filter/collection_output/r2_rgb_route_sheets_20260708/route_sheets/AccidentTwoWays/Town07_Rep0_route_001442_route0_01_10_07_34_34/page_000.jpg,AutoMoT/keyframe_filter/collection_output/r2_rgb_route_sheets_20260708/route_sheets/AccidentTwoWays/Town07_Rep0_route_001442_route0_01_10_07_34_34,,
AccidentTwoWays,Town07_Rep0_route_001445_route0_01_11_02_51_27,699,,,,,,,,True,written,AutoMoT/keyframe_filter/collection_output/r2_rgb_route_sheets_20260708/route_sheets/AccidentTwoWays/Town07_Rep0_route_001445_route0_01_11_02_51_27/page_000.jpg,AutoMoT/keyframe_filter/collection_output/r2_rgb_route_sheets_20260708/route_sheets/AccidentTwoWays/Town07_Rep0_route_001445_route0_01_11_02_51_27,,
AccidentTwoWays,Town07_Rep0_route_001448_route0_01_09_03_58_09,740,,,,,,,,True,written,AutoMoT/keyframe_filter/collection_output/r2_rgb_route_sheets_20260708/route_sheets/AccidentTwoWays/Town07_Rep0_route_001448_route0_01_09_03_58_09/page_000.jpg,AutoMoT/keyframe_filter/collection_output/r2_rgb_route_sheets_20260708/route_sheets/AccidentTwoWays/Town07_Rep0_route_001448_route0_01_09_03_58_09,,
AccidentTwoWays,Town07_Rep0_route_001448_route0_01_11_08_18_03,712,,,,,,,,True,written,AutoMoT/keyframe_filter/collection_output/r2_rgb_route_sheets_20260708/route_sheets/AccidentTwoWays/Town07_Rep0_route_001448_route0_01_11_08_18_03/page_000.jpg,AutoMoT/keyframe_filter/collection_output/r2_rgb_route_sheets_20260708/route_sheets/AccidentTwoWays/Town07_Rep0_route_001448_route0_01_11_08_18_03,,
AccidentTwoWays,Town07_Rep0_route_001451_route0_01_10_11_48_11,641,,,,,,,,True,written,AutoMoT/keyframe_filter/collection_output/r2_rgb_route_sheets_20260708/route_sheets/AccidentTwoWays/Town07_Rep0_route_001451_route0_01_10_11_48_11/page_000.jpg,AutoMoT/keyframe_filter/collection_output/r2_rgb_route_sheets_20260708/route_sheets/AccidentTwoWays/Town07_Rep0_route_001451_route0_01_10_11_48_11,,
AccidentTwoWays,Town07_Rep0_route_001452_route0_01_10_16_28_27,665,,,,,,,,True,written,AutoMoT/keyframe_filter/collection_output/r2_rgb_route_sheets_20260708/route_sheets/AccidentTwoWays/Town07_Rep0_route_001452_route0_01_10_16_28_27/page_000.jpg,AutoMoT/keyframe_filter/collection_output/r2_rgb_route_sheets_20260708/route_sheets/AccidentTwoWays/Town07_Rep0_route_001452_route0_01_10_16_28_27,,
AccidentTwoWays,Town07_Rep0_route_001454_route0_01_10_09_58_02,405,,,,,,,,True,written,AutoMoT/keyframe_filter/collection_output/r2_rgb_route_sheets_20260708/route_sheets/AccidentTwoWays/Town07_Rep0_route_001454_route0_01_10_09_58_02/page_000.jpg,AutoMoT/keyframe_filter/collection_output/r2_rgb_route_sheets_20260708/route_sheets/AccidentTwoWays/Town07_Rep0_route_001454_route0_01_10_09_58_02,,
AccidentTwoWays,Town07_Rep0_route_001455_route0_01_09_15_01_28,424,,,,,,,,True,written,AutoMoT/keyframe_filter/collection_output/r2_rgb_route_sheets_20260708/route_sheets/AccidentTwoWays/Town07_Rep0_route_001455_route0_01_09_15_01_28/page_000.jpg,AutoMoT/keyframe_filter/collection_output/r2_rgb_route_sheets_20260708/route_sheets/AccidentTwoWays/Town07_Rep0_route_001455_route0_01_09_15_01_28,,
AccidentTwoWays,Town07_Rep0_route_001458_route0_01_10_07_28_14,426,,,,,,,,True,written,AutoMoT/keyframe_filter/collection_output/r2_rgb_route_sheets_20260708/route_sheets/AccidentTwoWays/Town07_Rep0_route_001458_route0_01_10_07_28_14/page_000.jpg,AutoMoT/keyframe_filter/collection_output/r2_rgb_route_sheets_20260708/route_sheets/AccidentTwoWays/Town07_Rep0_route_001458_route0_01_10_07_28_14,,
AccidentTwoWays,Town12_Rep0_1456_0_route0_01_09_10_18_47,596,,,,,,,,True,written,AutoMoT/keyframe_filter/collection_output/r2_rgb_route_sheets_20260708/route_sheets/AccidentTwoWays/Town12_Rep0_1456_0_route0_01_09_10_18_47/page_000.jpg,AutoMoT/keyframe_filter/collection_output/r2_rgb_route_sheets_20260708/route_sheets/AccidentTwoWays/Town12_Rep0_1456_0_route0_01_09_10_18_47,,
AccidentTwoWays,Town12_Rep0_1456_0_route0_01_11_09_44_18,576,,,,,,,,True,written,AutoMoT/keyframe_filter/collection_output/r2_rgb_route_sheets_20260708/route_sheets/AccidentTwoWays/Town12_Rep0_1456_0_route0_01_11_09_44_18/page_000.jpg,AutoMoT/keyframe_filter/collection_output/r2_rgb_route_sheets_20260708/route_sheets/AccidentTwoWays/Town12_Rep0_1456_0_route0_01_11_09_44_18,,
AccidentTwoWays,Town12_Rep0_2919_0_route0_01_09_10_17_03,508,,,,,,,,True,written,AutoMoT/keyframe_filter/collection_output/r2_rgb_route_sheets_20260708/route_sheets/AccidentTwoWays/Town12_Rep0_2919_0_route0_01_09_10_17_03/page_000.jpg,AutoMoT/keyframe_filter/collection_output/r2_rgb_route_sheets_20260708/route_sheets/AccidentTwoWays/Town12_Rep0_2919_0_route0_01_09_10_17_03,,
AccidentTwoWays,Town12_Rep0_3480_0_route0_01_09_02_18_08,498,,,,,,,,True,written,AutoMoT/keyframe_filter/collection_output/r2_rgb_route_sheets_20260708/route_sheets/AccidentTwoWays/Town12_Rep0_3480_0_route0_01_09_02_18_08/page_000.jpg,AutoMoT/keyframe_filter/collection_output/r2_rgb_route_sheets_20260708/route_sheets/AccidentTwoWays/Town12_Rep0_3480_0_route0_01_09_02_18_08,,
AccidentTwoWays,Town12_Rep0_3480_0_route0_01_11_08_04_39,507,,,,,,,,True,written,AutoMoT/keyframe_filter/collection_output/r2_rgb_route_sheets_20260708/route_sheets/AccidentTwoWays/Town12_Rep0_3480_0_route0_01_11_08_04_39/page_000.jpg,AutoMoT/keyframe_filter/collection_output/r2_rgb_route_sheets_20260708/route_sheets/AccidentTwoWays/Town12_Rep0_3480_0_route0_01_11_08_04_39,,
AccidentTwoWays,Town12_Rep0_route_001404_route0_01_09_07_53_40,515,,,,,,,,True,written,AutoMoT/keyframe_filter/collection_output/r2_rgb_route_sheets_20260708/route_sheets/AccidentTwoWays/Town12_Rep0_route_001404_route0_01_09_07_53_40/page_000.jpg,AutoMoT/keyframe_filter/collection_output/r2_rgb_route_sheets_20260708/route_sheets/AccidentTwoWays/Town12_Rep0_route_001404_route0_01_09_07_53_40,,
AccidentTwoWays,Town12_Rep0_route_001404_route0_01_11_09_19_49,549,,,,,,,,True,written,AutoMoT/keyframe_filter/collection_output/r2_rgb_route_sheets_20260708/route_sheets/AccidentTwoWays/Town12_Rep0_route_001404_route0_01_11_09_19_49/page_000.jpg,AutoMoT/keyframe_filter/collection_output/r2_rgb_route_sheets_20260708/route_sheets/AccidentTwoWays/Town12_Rep0_route_001404_route0_01_11_09_19_49,,
AccidentTwoWays,Town12_Rep0_route_001412_route0_01_09_18_23_37,388,,,,,,,,True,written,AutoMoT/keyframe_filter/collection_output/r2_rgb_route_sheets_20260708/route_sheets/AccidentTwoWays/Town12_Rep0_route_001412_route0_01_09_18_23_37/page_000.jpg,AutoMoT/keyframe_filter/collection_output/r2_rgb_route_sheets_20260708/route_sheets/AccidentTwoWays/Town12_Rep0_route_001412_route0_01_09_18_23_37,,
AccidentTwoWays,Town12_Rep0_route_001413_route0_01_08_15_28_59,403,,,,,,,,True,written,AutoMoT/keyframe_filter/collection_output/r2_rgb_route_sheets_20260708/route_sheets/AccidentTwoWays/Town12_Rep0_route_001413_route0_01_08_15_28_59/page_000.jpg,AutoMoT/keyframe_filter/collection_output/r2_rgb_route_sheets_20260708/route_sheets/AccidentTwoWays/Town12_Rep0_route_001413_route0_01_08_15_28_59,,
AccidentTwoWays,Town12_Rep0_route_001427_route0_01_09_01_58_34,465,,,,,,,,True,written,AutoMoT/keyframe_filter/collection_output/r2_rgb_route_sheets_20260708/route_sheets/AccidentTwoWays/Town12_Rep0_route_001427_route0_01_09_01_58_34/page_000.jpg,AutoMoT/keyframe_filter/collection_output/r2_rgb_route_sheets_20260708/route_sheets/AccidentTwoWays/Town12_Rep0_route_001427_route0_01_09_01_58_34,,
AccidentTwoWays,Town12_Rep0_route_001427_route0_01_11_08_01_08,497,,,,,,,,True,written,AutoMoT/keyframe_filter/collection_output/r2_rgb_route_sheets_20260708/route_sheets/AccidentTwoWays/Town12_Rep0_route_001427_route0_01_11_08_01_08/page_000.jpg,AutoMoT/keyframe_filter/collection_output/r2_rgb_route_sheets_20260708/route_sheets/AccidentTwoWays/Town12_Rep0_route_001427_route0_01_11_08_01_08,,
AccidentTwoWays,Town12_Rep0_route_001432_route0_01_10_03_07_10,456,,,,,,,,True,written,AutoMoT/keyframe_filter/collection_output/r2_rgb_route_sheets_20260708/route_sheets/AccidentTwoWays/Town12_Rep0_route_001432_route0_01_10_03_07_10/page_000.jpg,AutoMoT/keyframe_filter/collection_output/r2_rgb_route_sheets_20260708/route_sheets/AccidentTwoWays/Town12_Rep0_route_001432_route0_01_10_03_07_10,,
AccidentTwoWays,Town12_Rep0_route_001432_route0_01_11_14_44_59,466,,,,,,,,True,written,AutoMoT/keyframe_filter/collection_output/r2_rgb_route_sheets_20260708/route_sheets/AccidentTwoWays/Town12_Rep0_route_001432_route0_01_11_14_44_59/page_000.jpg,AutoMoT/keyframe_filter/collection_output/r2_rgb_route_sheets_20260708/route_sheets/AccidentTwoWays/Town12_Rep0_route_001432_route0_01_11_14_44_59,,
AccidentTwoWays,Town12_Rep0_route_001435_route0_01_09_10_56_50,449,,,,,,,,True,written,AutoMoT/keyframe_filter/collection_output/r2_rgb_route_sheets_20260708/route_sheets/AccidentTwoWays/Town12_Rep0_route_001435_route0_01_09_10_56_50/page_000.jpg,AutoMoT/keyframe_filter/collection_output/r2_rgb_route_sheets_20260708/route_sheets/AccidentTwoWays/Town12_Rep0_route_001435_route0_01_09_10_56_50,,
AccidentTwoWays,Town12_Rep0_route_001435_route0_01_11_09_54_40,431,,,,,,,,True,written,AutoMoT/keyframe_filter/collection_output/r2_rgb_route_sheets_20260708/route_sheets/AccidentTwoWays/Town12_Rep0_route_001435_route0_01_11_09_54_40/page_000.jpg,AutoMoT/keyframe_filter/collection_output/r2_rgb_route_sheets_20260708/route_sheets/AccidentTwoWays/Town12_Rep0_route_001435_route0_01_11_09_54_40,,
AccidentTwoWays,Town12_Rep0_route_002717_route0_01_10_15_42_05,300,,,,,,,,False,written,AutoMoT/keyframe_filter/collection_output/r2_rgb_route_sheets_20260708/route_sheets/AccidentTwoWays/Town12_Rep0_route_002717_route0_01_10_15_42_05/page_000.jpg,AutoMoT/keyframe_filter/collection_output/r2_rgb_route_sheets_20260708/route_sheets/AccidentTwoWays/Town12_Rep0_route_002717_route0_01_10_15_42_05,,
AccidentTwoWays,Town12_Rep0_route_002722_route0_01_11_01_52_26,271,,,,,,,,False,written,AutoMoT/keyframe_filter/collection_output/r2_rgb_route_sheets_20260708/route_sheets/AccidentTwoWays/Town12_Rep0_route_002722_route0_01_11_01_52_26/page_000.jpg,AutoMoT/keyframe_filter/collection_output/r2_rgb_route_sheets_20260708/route_sheets/AccidentTwoWays/Town12_Rep0_route_002722_route0_01_11_01_52_26,,
AccidentTwoWays,Town12_Rep0_route_002728_route0_01_09_11_12_57,294,,,,,,,,False,written,AutoMoT/keyframe_filter/collection_output/r2_rgb_route_sheets_20260708/route_sheets/AccidentTwoWays/Town12_Rep0_route_002728_route0_01_09_11_12_57/page_000.jpg,AutoMoT/keyframe_filter/collection_output/r2_rgb_route_sheets_20260708/route_sheets/AccidentTwoWays/Town12_Rep0_route_002728_route0_01_09_11_12_57,,
AccidentTwoWays,Town12_Rep0_route_002728_route0_01_11_10_02_00,318,,,,,,,,False,written,AutoMoT/keyframe_filter/collection_output/r2_rgb_route_sheets_20260708/route_sheets/AccidentTwoWays/Town12_Rep0_route_002728_route0_01_11_10_02_00/page_000.jpg,AutoMoT/keyframe_filter/collection_output/r2_rgb_route_sheets_20260708/route_sheets/AccidentTwoWays/Town12_Rep0_route_002728_route0_01_11_10_02_00,,
AccidentTwoWays,Town12_Rep0_route_002732_route0_01_10_08_27_42,315,,,,,,,,False,written,AutoMoT/keyframe_filter/collection_output/r2_rgb_route_sheets_20260708/route_sheets/AccidentTwoWays/Town12_Rep0_route_002732_route0_01_10_08_27_42/page_000.jpg,AutoMoT/keyframe_filter/collection_output/r2_rgb_route_sheets_20260708/route_sheets/AccidentTwoWays/Town12_Rep0_route_002732_route0_01_10_08_27_42,,
AccidentTwoWays,Town12_Rep0_route_002733_route0_01_10_17_25_31,272,,,,,,,,False,written,AutoMoT/keyframe_filter/collection_output/r2_rgb_route_sheets_20260708/route_sheets/AccidentTwoWays/Town12_Rep0_route_002733_route0_01_10_17_25_31/page_000.jpg,AutoMoT/keyframe_filter/collection_output/r2_rgb_route_sheets_20260708/route_sheets/AccidentTwoWays/Town12_Rep0_route_002733_route0_01_10_17_25_31,,
AccidentTwoWays,Town12_Rep0_route_002734_route0_01_10_07_20_11,308,,,,,,,,False,written,AutoMoT/keyframe_filter/collection_output/r2_rgb_route_sheets_20260708/route_sheets/AccidentTwoWays/Town12_Rep0_route_002734_route0_01_10_07_20_11/page_000.jpg,AutoMoT/keyframe_filter/collection_output/r2_rgb_route_sheets_20260708/route_sheets/AccidentTwoWays/Town12_Rep0_route_002734_route0_01_10_07_20_11,,
AccidentTwoWays,Town12_Rep0_route_002741_route0_01_09_04_14_02,356,,,,,,,,False,written,AutoMoT/keyframe_filter/collection_output/r2_rgb_route_sheets_20260708/route_sheets/AccidentTwoWays/Town12_Rep0_route_002741_route0_01_09_04_14_02/page_000.jpg,AutoMoT/keyframe_filter/collection_output/r2_rgb_route_sheets_20260708/route_sheets/AccidentTwoWays/Town12_Rep0_route_002741_route0_01_09_04_14_02,,
AccidentTwoWays,Town12_Rep0_route_002741_route0_01_11_08_23_38,356,,,,,,,,False,written,AutoMoT/keyframe_filter/collection_output/r2_rgb_route_sheets_20260708/route_sheets/AccidentTwoWays/Town12_Rep0_route_002741_route0_01_11_08_23_38/page_000.jpg,AutoMoT/keyframe_filter/collection_output/r2_rgb_route_sheets_20260708/route_sheets/AccidentTwoWays/Town12_Rep0_route_002741_route0_01_11_08_23_38,,
AccidentTwoWays,Town12_Rep0_route_002751_route0_01_08_15_39_27,321,,,,,,,,False,written,AutoMoT/keyframe_filter/collection_output/r2_rgb_route_sheets_20260708/route_sheets/AccidentTwoWays/Town12_Rep0_route_002751_route0_01_08_15_39_27/page_000.jpg,AutoMoT/keyframe_filter/collection_output/r2_rgb_route_sheets_20260708/route_sheets/AccidentTwoWays/Town12_Rep0_route_002751_route0_01_08_15_39_27,,
AccidentTwoWays,Town12_Rep0_route_002751_route0_01_11_06_21_08,321,,,,,,,,False,written,AutoMoT/keyframe_filter/collection_output/r2_rgb_route_sheets_20260708/route_sheets/AccidentTwoWays/Town12_Rep0_route_002751_route0_01_11_06_21_08/page_000.jpg,AutoMoT/keyframe_filter/collection_output/r2_rgb_route_sheets_20260708/route_sheets/AccidentTwoWays/Town12_Rep0_route_002751_route0_01_11_06_21_08,,
AccidentTwoWays,Town12_Rep0_route_002754_route0_01_10_13_39_13,352,,,,,,,,False,written,AutoMoT/keyframe_filter/collection_output/r2_rgb_route_sheets_20260708/route_sheets/AccidentTwoWays/Town12_Rep0_route_002754_route0_01_10_13_39_13/page_000.jpg,AutoMoT/keyframe_filter/collection_output/r2_rgb_route_sheets_20260708/route_sheets/AccidentTwoWays/Town12_Rep0_route_002754_route0_01_10_13_39_13,,
AccidentTwoWays,Town12_Rep0_route_002756_route0_01_09_22_25_05,359,,,,,,,,False,written,AutoMoT/keyframe_filter/collection_output/r2_rgb_route_sheets_20260708/route_sheets/AccidentTwoWays/Town12_Rep0_route_002756_route0_01_09_22_25_05/page_000.jpg,AutoMoT/keyframe_filter/collection_output/r2_rgb_route_sheets_20260708/route_sheets/AccidentTwoWays/Town12_Rep0_route_002756_route0_01_09_22_25_05,,
AccidentTwoWays,Town12_Rep0_route_002756_route0_01_11_13_49_57,360,,,,,,,,False,written,AutoMoT/keyframe_filter/collection_output/r2_rgb_route_sheets_20260708/route_sheets/AccidentTwoWays/Town12_Rep0_route_002756_route0_01_11_13_49_57/page_000.jpg,AutoMoT/keyframe_filter/collection_output/r2_rgb_route_sheets_20260708/route_sheets/AccidentTwoWays/Town12_Rep0_route_002756_route0_01_11_13_49_57,,
AccidentTwoWays,Town12_Rep0_route_002758_route0_01_09_12_30_52,382,,,,,,,,True,written,AutoMoT/keyframe_filter/collection_output/r2_rgb_route_sheets_20260708/route_sheets/AccidentTwoWays/Town12_Rep0_route_002758_route0_01_09_12_30_52/page_000.jpg,AutoMoT/keyframe_filter/collection_output/r2_rgb_route_sheets_20260708/route_sheets/AccidentTwoWays/Town12_Rep0_route_002758_route0_01_09_12_30_52,,
AccidentTwoWays,Town12_Rep0_route_002758_route0_01_11_10_19_05,362,,,,,,,,True,written,AutoMoT/keyframe_filter/collection_output/r2_rgb_route_sheets_20260708/route_sheets/AccidentTwoWays/Town12_Rep0_route_002758_route0_01_11_10_19_05/page_000.jpg,AutoMoT/keyframe_filter/collection_output/r2_rgb_route_sheets_20260708/route_sheets/AccidentTwoWays/Town12_Rep0_route_002758_route0_01_11_10_19_05,,
AccidentTwoWays,Town12_Rep0_route_002760_route0_01_09_11_26_12,365,,,,,,,,True,written,AutoMoT/keyframe_filter/collection_output/r2_rgb_route_sheets_20260708/route_sheets/AccidentTwoWays/Town12_Rep0_route_002760_route0_01_09_11_26_12/page_000.jpg,AutoMoT/keyframe_filter/collection_output/r2_rgb_route_sheets_20260708/route_sheets/AccidentTwoWays/Town12_Rep0_route_002760_route0_01_09_11_26_12,,
AccidentTwoWays,Town12_Rep0_route_002760_route0_01_11_10_04_23,349,,,,,,,,False,written,AutoMoT/keyframe_filter/collection_output/r2_rgb_route_sheets_20260708/route_sheets/AccidentTwoWays/Town12_Rep0_route_002760_route0_01_11_10_04_23/page_000.jpg,AutoMoT/keyframe_filter/collection_output/r2_rgb_route_sheets_20260708/route_sheets/AccidentTwoWays/Town12_Rep0_route_002760_route0_01_11_10_04_23,,
AccidentTwoWays,Town12_Rep0_route_002762_route0_01_08_01_00_19,319,,,,,,,,False,written,AutoMoT/keyframe_filter/collection_output/r2_rgb_route_sheets_20260708/route_sheets/AccidentTwoWays/Town12_Rep0_route_002762_route0_01_08_01_00_19/page_000.jpg,AutoMoT/keyframe_filter/collection_output/r2_rgb_route_sheets_20260708/route_sheets/AccidentTwoWays/Town12_Rep0_route_002762_route0_01_08_01_00_19,,
AccidentTwoWays,Town12_Rep0_route_002762_route0_01_11_04_19_59,311,,,,,,,,False,written,AutoMoT/keyframe_filter/collection_output/r2_rgb_route_sheets_20260708/route_sheets/AccidentTwoWays/Town12_Rep0_route_002762_route0_01_11_04_19_59/page_000.jpg,AutoMoT/keyframe_filter/collection_output/r2_rgb_route_sheets_20260708/route_sheets/AccidentTwoWays/Town12_Rep0_route_002762_route0_01_11_04_19_59,,
AccidentTwoWays,Town12_Rep0_route_002870_route0_01_10_04_06_36,296,,,,,,,,False,written,AutoMoT/keyframe_filter/collection_output/r2_rgb_route_sheets_20260708/route_sheets/AccidentTwoWays/Town12_Rep0_route_002870_route0_01_10_04_06_36/page_000.jpg,AutoMoT/keyframe_filter/collection_output/r2_rgb_route_sheets_20260708/route_sheets/AccidentTwoWays/Town12_Rep0_route_002870_route0_01_10_04_06_36,,
AccidentTwoWays,Town12_Rep0_route_002870_route0_01_11_15_08_05,308,,,,,,,,False,written,AutoMoT/keyframe_filter/collection_output/r2_rgb_route_sheets_20260708/route_sheets/AccidentTwoWays/Town12_Rep0_route_002870_route0_01_11_15_08_05/page_000.jpg,AutoMoT/keyframe_filter/collection_output/r2_rgb_route_sheets_20260708/route_sheets/AccidentTwoWays/Town12_Rep0_route_002870_route0_01_11_15_08_05,,
AccidentTwoWays,Town12_Rep0_route_002888_route0_01_11_15_41_37,505,,,,,,,,True,written,AutoMoT/keyframe_filter/collection_output/r2_rgb_route_sheets_20260708/route_sheets/AccidentTwoWays/Town12_Rep0_route_002888_route0_01_11_15_41_37/page_000.jpg,AutoMoT/keyframe_filter/collection_output/r2_rgb_route_sheets_20260708/route_sheets/AccidentTwoWays/Town12_Rep0_route_002888_route0_01_11_15_41_37,,
AccidentTwoWays,Town12_Rep0_route_002891_route0_01_10_08_57_10,379,,,,,,,,True,written,AutoMoT/keyframe_filter/collection_output/r2_rgb_route_sheets_20260708/route_sheets/AccidentTwoWays/Town12_Rep0_route_002891_route0_01_10_08_57_10/page_000.jpg,AutoMoT/keyframe_filter/collection_output/r2_rgb_route_sheets_20260708/route_sheets/AccidentTwoWays/Town12_Rep0_route_002891_route0_01_10_08_57_10,,
AccidentTwoWays,Town12_Rep0_route_002893_route0_01_10_17_37_12,366,,,,,,,,True,written,AutoMoT/keyframe_filter/collection_output/r2_rgb_route_sheets_20260708/route_sheets/AccidentTwoWays/Town12_Rep0_route_002893_route0_01_10_17_37_12/page_000.jpg,AutoMoT/keyframe_filter/collection_output/r2_rgb_route_sheets_20260708/route_sheets/AccidentTwoWays/Town12_Rep0_route_002893_route0_01_10_17_37_12,,
AccidentTwoWays,Town12_Rep0_route_002897_route0_01_10_06_25_05,308,,,,,,,,False,written,AutoMoT/keyframe_filter/collection_output/r2_rgb_route_sheets_20260708/route_sheets/AccidentTwoWays/Town12_Rep0_route_002897_route0_01_10_06_25_05/page_000.jpg,AutoMoT/keyframe_filter/collection_output/r2_rgb_route_sheets_20260708/route_sheets/AccidentTwoWays/Town12_Rep0_route_002897_route0_01_10_06_25_05,,
AccidentTwoWays,Town12_Rep0_route_002897_route0_01_11_15_40_49,317,,,,,,,,False,written,AutoMoT/keyframe_filter/collection_output/r2_rgb_route_sheets_20260708/route_sheets/AccidentTwoWays/Town12_Rep0_route_002897_route0_01_11_15_40_49/page_000.jpg,AutoMoT/keyframe_filter/collection_output/r2_rgb_route_sheets_20260708/route_sheets/AccidentTwoWays/Town12_Rep0_route_002897_route0_01_11_15_40_49,,
AccidentTwoWays,Town12_Rep0_route_002901_route0_01_08_12_28_42,359,,,,,,,,False,written,AutoMoT/keyframe_filter/collection_output/r2_rgb_route_sheets_20260708/route_sheets/AccidentTwoWays/Town12_Rep0_route_002901_route0_01_08_12_28_42/page_000.jpg,AutoMoT/keyframe_filter/collection_output/r2_rgb_route_sheets_20260708/route_sheets/AccidentTwoWays/Town12_Rep0_route_002901_route0_01_08_12_28_42,,
AccidentTwoWays,Town12_Rep0_route_002901_route0_01_11_05_36_00,378,,,,,,,,True,written,AutoMoT/keyframe_filter/collection_output/r2_rgb_route_sheets_20260708/route_sheets/AccidentTwoWays/Town12_Rep0_route_002901_route0_01_11_05_36_00/page_000.jpg,AutoMoT/keyframe_filter/collection_output/r2_rgb_route_sheets_20260708/route_sheets/AccidentTwoWays/Town12_Rep0_route_002901_route0_01_11_05_36_00,,
AccidentTwoWays,Town12_Rep0_route_002902_route0_01_09_11_29_02,294,,,,,,,,False,written,AutoMoT/keyframe_filter/collection_output/r2_rgb_route_sheets_20260708/route_sheets/AccidentTwoWays/Town12_Rep0_route_002902_route0_01_09_11_29_02/page_000.jpg,AutoMoT/keyframe_filter/collection_output/r2_rgb_route_sheets_20260708/route_sheets/AccidentTwoWays/Town12_Rep0_route_002902_route0_01_09_11_29_02,,
AccidentTwoWays,Town12_Rep0_route_002911_route0_01_09_15_22_50,328,,,,,,,,False,written,AutoMoT/keyframe_filter/collection_output/r2_rgb_route_sheets_20260708/route_sheets/AccidentTwoWays/Town12_Rep0_route_002911_route0_01_09_15_22_50/page_000.jpg,AutoMoT/keyframe_filter/collection_output/r2_rgb_route_sheets_20260708/route_sheets/AccidentTwoWays/Town12_Rep0_route_002911_route0_01_09_15_22_50,,
AccidentTwoWays,Town12_Rep0_route_002911_route0_01_11_11_58_30,328,,,,,,,,False,written,AutoMoT/keyframe_filter/collection_output/r2_rgb_route_sheets_20260708/route_sheets/AccidentTwoWays/Town12_Rep0_route_002911_route0_01_11_11_58_30/page_000.jpg,AutoMoT/keyframe_filter/collection_output/r2_rgb_route_sheets_20260708/route_sheets/AccidentTwoWays/Town12_Rep0_route_002911_route0_01_11_11_58_30,,
AccidentTwoWays,Town12_Rep0_route_002912_route0_01_10_12_43_09,499,,,,,,,,True,written,AutoMoT/keyframe_filter/collection_output/r2_rgb_route_sheets_20260708/route_sheets/AccidentTwoWays/Town12_Rep0_route_002912_route0_01_10_12_43_09/page_000.jpg,AutoMoT/keyframe_filter/collection_output/r2_rgb_route_sheets_20260708/route_sheets/AccidentTwoWays/Town12_Rep0_route_002912_route0_01_10_12_43_09,,
AccidentTwoWays,Town13_Rep0_1427_0_route0_01_10_03_57_36,484,,,,,,,,True,written,AutoMoT/keyframe_filter/collection_output/r2_rgb_route_sheets_20260708/route_sheets/AccidentTwoWays/Town13_Rep0_1427_0_route0_01_10_03_57_36/page_000.jpg,AutoMoT/keyframe_filter/collection_output/r2_rgb_route_sheets_20260708/route_sheets/AccidentTwoWays/Town13_Rep0_1427_0_route0_01_10_03_57_36,,
AccidentTwoWays,Town13_Rep0_1427_0_route0_01_11_15_03_23,473,,,,,,,,True,written,AutoMoT/keyframe_filter/collection_output/r2_rgb_route_sheets_20260708/route_sheets/AccidentTwoWays/Town13_Rep0_1427_0_route0_01_11_15_03_23/page_000.jpg,AutoMoT/keyframe_filter/collection_output/r2_rgb_route_sheets_20260708/route_sheets/AccidentTwoWays/Town13_Rep0_1427_0_route0_01_11_15_03_23,,
AccidentTwoWays,Town13_Rep0_1436_0_route0_01_09_07_53_44,535,,,,,,,,True,written,AutoMoT/keyframe_filter/collection_output/r2_rgb_route_sheets_20260708/route_sheets/AccidentTwoWays/Town13_Rep0_1436_0_route0_01_09_07_53_44/page_000.jpg,AutoMoT/keyframe_filter/collection_output/r2_rgb_route_sheets_20260708/route_sheets/AccidentTwoWays/Town13_Rep0_1436_0_route0_01_09_07_53_44,,
AccidentTwoWays,Town13_Rep0_1436_0_route0_01_11_09_20_30,514,,,,,,,,True,written,AutoMoT/keyframe_filter/collection_output/r2_rgb_route_sheets_20260708/route_sheets/AccidentTwoWays/Town13_Rep0_1436_0_route0_01_11_09_20_30/page_000.jpg,AutoMoT/keyframe_filter/collection_output/r2_rgb_route_sheets_20260708/route_sheets/AccidentTwoWays/Town13_Rep0_1436_0_route0_01_11_09_20_30,,
AccidentTwoWays,Town13_Rep0_1436_1_route0_01_09_00_11_29,507,,,,,,,,True,written,AutoMoT/keyframe_filter/collection_output/r2_rgb_route_sheets_20260708/route_sheets/AccidentTwoWays/Town13_Rep0_1436_1_route0_01_09_00_11_29/page_000.jpg,AutoMoT/keyframe_filter/collection_output/r2_rgb_route_sheets_20260708/route_sheets/AccidentTwoWays/Town13_Rep0_1436_1_route0_01_09_00_11_29,,
AccidentTwoWays,Town13_Rep0_1436_1_route0_01_11_07_44_24,508,,,,,,,,True,written,AutoMoT/keyframe_filter/collection_output/r2_rgb_route_sheets_20260708/route_sheets/AccidentTwoWays/Town13_Rep0_1436_1_route0_01_11_07_44_24/page_000.jpg,AutoMoT/keyframe_filter/collection_output/r2_rgb_route_sheets_20260708/route_sheets/AccidentTwoWays/Town13_Rep0_1436_1_route0_01_11_07_44_24,,
AccidentTwoWays,Town13_Rep0_1506_1_route0_01_10_05_03_38,454,,,,,,,,True,written,AutoMoT/keyframe_filter/collection_output/r2_rgb_route_sheets_20260708/route_sheets/AccidentTwoWays/Town13_Rep0_1506_1_route0_01_10_05_03_38/page_000.jpg,AutoMoT/keyframe_filter/collection_output/r2_rgb_route_sheets_20260708/route_sheets/AccidentTwoWays/Town13_Rep0_1506_1_route0_01_10_05_03_38,,
AccidentTwoWays,Town13_Rep0_1506_1_route0_01_11_15_28_15,482,,,,,,,,True,written,AutoMoT/keyframe_filter/collection_output/r2_rgb_route_sheets_20260708/route_sheets/AccidentTwoWays/Town13_Rep0_1506_1_route0_01_11_15_28_15/page_000.jpg,AutoMoT/keyframe_filter/collection_output/r2_rgb_route_sheets_20260708/route_sheets/AccidentTwoWays/Town13_Rep0_1506_1_route0_01_11_15_28_15,,
AccidentTwoWays,Town13_Rep0_route_001516_route0_01_10_03_44_24,306,,,,,,,,False,written,AutoMoT/keyframe_filter/collection_output/r2_rgb_route_sheets_20260708/route_sheets/AccidentTwoWays/Town13_Rep0_route_001516_route0_01_10_03_44_24/page_000.jpg,AutoMoT/keyframe_filter/collection_output/r2_rgb_route_sheets_20260708/route_sheets/AccidentTwoWays/Town13_Rep0_route_001516_route0_01_10_03_44_24,,
AccidentTwoWays,Town13_Rep0_route_001516_route0_01_11_14_52_07,304,,,,,,,,False,written,AutoMoT/keyframe_filter/collection_output/r2_rgb_route_sheets_20260708/route_sheets/AccidentTwoWays/Town13_Rep0_route_001516_route0_01_11_14_52_07/page_000.jpg,AutoMoT/keyframe_filter/collection_output/r2_rgb_route_sheets_20260708/route_sheets/AccidentTwoWays/Town13_Rep0_route_001516_route0_01_11_14_52_07,,
AccidentTwoWays,Town13_Rep0_route_001521_route0_01_11_02_28_59,376,,,,,,,,True,written,AutoMoT/keyframe_filter/collection_output/r2_rgb_route_sheets_20260708/route_sheets/AccidentTwoWays/Town13_Rep0_route_001521_route0_01_11_02_28_59/page_000.jpg,AutoMoT/keyframe_filter/collection_output/r2_rgb_route_sheets_20260708/route_sheets/AccidentTwoWays/Town13_Rep0_route_001521_route0_01_11_02_28_59,,
AccidentTwoWays,Town13_Rep0_route_001522_route0_01_10_11_44_13,370,,,,,,,,True,written,AutoMoT/keyframe_filter/collection_output/r2_rgb_route_sheets_20260708/route_sheets/AccidentTwoWays/Town13_Rep0_route_001522_route0_01_10_11_44_13/page_000.jpg,AutoMoT/keyframe_filter/collection_output/r2_rgb_route_sheets_20260708/route_sheets/AccidentTwoWays/Town13_Rep0_route_001522_route0_01_10_11_44_13,,
AccidentTwoWays,Town13_Rep0_route_001526_route0_01_09_04_57_21,374,,,,,,,,True,written,AutoMoT/keyframe_filter/collection_output/r2_rgb_route_sheets_20260708/route_sheets/AccidentTwoWays/Town13_Rep0_route_001526_route0_01_09_04_57_21/page_000.jpg,AutoMoT/keyframe_filter/collection_output/r2_rgb_route_sheets_20260708/route_sheets/AccidentTwoWays/Town13_Rep0_route_001526_route0_01_09_04_57_21,,
AccidentTwoWays,Town13_Rep0_route_001530_route0_01_10_16_20_22,426,,,,,,,,True,written,AutoMoT/keyframe_filter/collection_output/r2_rgb_route_sheets_20260708/route_sheets/AccidentTwoWays/Town13_Rep0_route_001530_route0_01_10_16_20_22/page_000.jpg,AutoMoT/keyframe_filter/collection_output/r2_rgb_route_sheets_20260708/route_sheets/AccidentTwoWays/Town13_Rep0_route_001530_route0_01_10_16_20_22,,
AccidentTwoWays,Town13_Rep0_route_001537_route0_01_08_11_50_19,372,,,,,,,,True,written,AutoMoT/keyframe_filter/collection_output/r2_rgb_route_sheets_20260708/route_sheets/AccidentTwoWays/Town13_Rep0_route_001537_route0_01_08_11_50_19/page_000.jpg,AutoMoT/keyframe_filter/collection_output/r2_rgb_route_sheets_20260708/route_sheets/AccidentTwoWays/Town13_Rep0_route_001537_route0_01_08_11_50_19,,
AccidentTwoWays,Town13_Rep0_route_003067_route0_01_08_06_40_42,375,,,,,,,,True,written,AutoMoT/keyframe_filter/collection_output/r2_rgb_route_sheets_20260708/route_sheets/AccidentTwoWays/Town13_Rep0_route_003067_route0_01_08_06_40_42/page_000.jpg,AutoMoT/keyframe_filter/collection_output/r2_rgb_route_sheets_20260708/route_sheets/AccidentTwoWays/Town13_Rep0_route_003067_route0_01_08_06_40_42,,
AccidentTwoWays,Town13_Rep0_route_003067_route0_01_11_04_53_13,393,,,,,,,,True,written,AutoMoT/keyframe_filter/collection_output/r2_rgb_route_sheets_20260708/route_sheets/AccidentTwoWays/Town13_Rep0_route_003067_route0_01_11_04_53_13/page_000.jpg,AutoMoT/keyframe_filter/collection_output/r2_rgb_route_sheets_20260708/route_sheets/AccidentTwoWays/Town13_Rep0_route_003067_route0_01_11_04_53_13,,
AccidentTwoWays,Town13_Rep0_route_003068_route0_01_10_15_40_43,376,,,,,,,,True,written,AutoMoT/keyframe_filter/collection_output/r2_rgb_route_sheets_20260708/route_sheets/AccidentTwoWays/Town13_Rep0_route_003068_route0_01_10_15_40_43/page_000.jpg,AutoMoT/keyframe_filter/collection_output/r2_rgb_route_sheets_20260708/route_sheets/AccidentTwoWays/Town13_Rep0_route_003068_route0_01_10_15_40_43,,
AccidentTwoWays,Town13_Rep0_route_003069_route0_01_10_23_55_46,351,,,,,,,,False,written,AutoMoT/keyframe_filter/collection_output/r2_rgb_route_sheets_20260708/route_sheets/AccidentTwoWays/Town13_Rep0_route_003069_route0_01_10_23_55_46/page_000.jpg,AutoMoT/keyframe_filter/collection_output/r2_rgb_route_sheets_20260708/route_sheets/AccidentTwoWays/Town13_Rep0_route_003069_route0_01_10_23_55_46,,
AccidentTwoWays,Town13_Rep0_route_003071_route0_01_09_01_20_46,380,,,,,,,,True,written,AutoMoT/keyframe_filter/collection_output/r2_rgb_route_sheets_20260708/route_sheets/AccidentTwoWays/Town13_Rep0_route_003071_route0_01_09_01_20_46/page_000.jpg,AutoMoT/keyframe_filter/collection_output/r2_rgb_route_sheets_20260708/route_sheets/AccidentTwoWays/Town13_Rep0_route_003071_route0_01_09_01_20_46,,
AccidentTwoWays,Town13_Rep0_route_003071_route0_01_11_07_51_34,390,,,,,,,,True,written,AutoMoT/keyframe_filter/collection_output/r2_rgb_route_sheets_20260708/route_sheets/AccidentTwoWays/Town13_Rep0_route_003071_route0_01_11_07_51_34/page_000.jpg,AutoMoT/keyframe_filter/collection_output/r2_rgb_route_sheets_20260708/route_sheets/AccidentTwoWays/Town13_Rep0_route_003071_route0_01_11_07_51_34,,
AccidentTwoWays,Town13_Rep0_route_003072_route0_01_10_08_24_17,350,,,,,,,,False,written,AutoMoT/keyframe_filter/collection_output/r2_rgb_route_sheets_20260708/route_sheets/AccidentTwoWays/Town13_Rep0_route_003072_route0_01_10_08_24_17/page_000.jpg,AutoMoT/keyframe_filter/collection_output/r2_rgb_route_sheets_20260708/route_sheets/AccidentTwoWays/Town13_Rep0_route_003072_route0_01_10_08_24_17,,
AccidentTwoWays,Town13_Rep0_route_003076_route0_01_10_17_56_25,320,,,,,,,,False,written,AutoMoT/keyframe_filter/collection_output/r2_rgb_route_sheets_20260708/route_sheets/AccidentTwoWays/Town13_Rep0_route_003076_route0_01_10_17_56_25/page_000.jpg,AutoMoT/keyframe_filter/collection_output/r2_rgb_route_sheets_20260708/route_sheets/AccidentTwoWays/Town13_Rep0_route_003076_route0_01_10_17_56_25,,
AccidentTwoWays,Town13_Rep0_route_003078_route0_01_08_23_46_07,329,,,,,,,,False,written,AutoMoT/keyframe_filter/collection_output/r2_rgb_route_sheets_20260708/route_sheets/AccidentTwoWays/Town13_Rep0_route_003078_route0_01_08_23_46_07/page_000.jpg,AutoMoT/keyframe_filter/collection_output/r2_rgb_route_sheets_20260708/route_sheets/AccidentTwoWays/Town13_Rep0_route_003078_route0_01_08_23_46_07,,
AccidentTwoWays,Town13_Rep0_route_003082_route0_01_10_20_14_06,376,,,,,,,,True,written,AutoMoT/keyframe_filter/collection_output/r2_rgb_route_sheets_20260708/route_sheets/AccidentTwoWays/Town13_Rep0_route_003082_route0_01_10_20_14_06/page_000.jpg,AutoMoT/keyframe_filter/collection_output/r2_rgb_route_sheets_20260708/route_sheets/AccidentTwoWays/Town13_Rep0_route_003082_route0_01_10_20_14_06,,
AccidentTwoWays,Town13_Rep0_route_003085_route0_01_08_12_51_38,0,,,,,,,,False,empty,,AutoMoT/keyframe_filter/collection_output/r2_rgb_route_sheets_20260708/route_sheets/AccidentTwoWays/Town13_Rep0_route_003085_route0_01_08_12_51_38,,
AccidentTwoWays,Town13_Rep0_route_003085_route0_01_11_05_43_50,368,,,,,,,,True,written,AutoMoT/keyframe_filter/collection_output/r2_rgb_route_sheets_20260708/route_sheets/AccidentTwoWays/Town13_Rep0_route_003085_route0_01_11_05_43_50/page_000.jpg,AutoMoT/keyframe_filter/collection_output/r2_rgb_route_sheets_20260708/route_sheets/AccidentTwoWays/Town13_Rep0_route_003085_route0_01_11_05_43_50,,
AccidentTwoWays,Town13_Rep0_route_003086_route0_01_10_19_58_41,358,,,,,,,,False,written,AutoMoT/keyframe_filter/collection_output/r2_rgb_route_sheets_20260708/route_sheets/AccidentTwoWays/Town13_Rep0_route_003086_route0_01_10_19_58_41/page_000.jpg,AutoMoT/keyframe_filter/collection_output/r2_rgb_route_sheets_20260708/route_sheets/AccidentTwoWays/Town13_Rep0_route_003086_route0_01_10_19_58_41,,
AccidentTwoWays,Town13_Rep0_route_003093_route0_01_11_14_19_07,348,,,,,,,,False,written,AutoMoT/keyframe_filter/collection_output/r2_rgb_route_sheets_20260708/route_sheets/AccidentTwoWays/Town13_Rep0_route_003093_route0_01_11_14_19_07/page_000.jpg,AutoMoT/keyframe_filter/collection_output/r2_rgb_route_sheets_20260708/route_sheets/AccidentTwoWays/Town13_Rep0_route_003093_route0_01_11_14_19_07,,
AccidentTwoWays,Town13_Rep0_route_003095_route0_01_11_01_57_29,393,,,,,,,,True,written,AutoMoT/keyframe_filter/collection_output/r2_rgb_route_sheets_20260708/route_sheets/AccidentTwoWays/Town13_Rep0_route_003095_route0_01_11_01_57_29/page_000.jpg,AutoMoT/keyframe_filter/collection_output/r2_rgb_route_sheets_20260708/route_sheets/AccidentTwoWays/Town13_Rep0_route_003095_route0_01_11_01_57_29,,
AccidentTwoWays,Town13_Rep0_route_003096_route0_01_08_16_37_13,337,,,,,,,,False,written,AutoMoT/keyframe_filter/collection_output/r2_rgb_route_sheets_20260708/route_sheets/AccidentTwoWays/Town13_Rep0_route_003096_route0_01_08_16_37_13/page_000.jpg,AutoMoT/keyframe_filter/collection_output/r2_rgb_route_sheets_20260708/route_sheets/AccidentTwoWays/Town13_Rep0_route_003096_route0_01_08_16_37_13,,
AccidentTwoWays,Town13_Rep0_route_003099_route0_01_10_10_06_39,379,,,,,,,,True,written,AutoMoT/keyframe_filter/collection_output/r2_rgb_route_sheets_20260708/route_sheets/AccidentTwoWays/Town13_Rep0_route_003099_route0_01_10_10_06_39/page_000.jpg,AutoMoT/keyframe_filter/collection_output/r2_rgb_route_sheets_20260708/route_sheets/AccidentTwoWays/Town13_Rep0_route_003099_route0_01_10_10_06_39,,
AccidentTwoWays,Town13_Rep0_route_003100_route0_01_09_17_14_04,375,,,,,,,,True,written,AutoMoT/keyframe_filter/collection_output/r2_rgb_route_sheets_20260708/route_sheets/AccidentTwoWays/Town13_Rep0_route_003100_route0_01_09_17_14_04/page_000.jpg,AutoMoT/keyframe_filter/collection_output/r2_rgb_route_sheets_20260708/route_sheets/AccidentTwoWays/Town13_Rep0_route_003100_route0_01_09_17_14_04,,
AccidentTwoWays,Town13_Rep0_route_003100_route0_01_11_12_31_02,363,,,,,,,,True,written,AutoMoT/keyframe_filter/collection_output/r2_rgb_route_sheets_20260708/route_sheets/AccidentTwoWays/Town13_Rep0_route_003100_route0_01_11_12_31_02/page_000.jpg,AutoMoT/keyframe_filter/collection_output/r2_rgb_route_sheets_20260708/route_sheets/AccidentTwoWays/Town13_Rep0_route_003100_route0_01_11_12_31_02,,
AccidentTwoWays,Town13_Rep0_route_003101_route0_01_10_06_19_10,339,,,,,,,,False,written,AutoMoT/keyframe_filter/collection_output/r2_rgb_route_sheets_20260708/route_sheets/AccidentTwoWays/Town13_Rep0_route_003101_route0_01_10_06_19_10/page_000.jpg,AutoMoT/keyframe_filter/collection_output/r2_rgb_route_sheets_20260708/route_sheets/AccidentTwoWays/Town13_Rep0_route_003101_route0_01_10_06_19_10,,
AccidentTwoWays,Town13_Rep0_route_003103_route0_01_11_04_10_30,323,,,,,,,,False,written,AutoMoT/keyframe_filter/collection_output/r2_rgb_route_sheets_20260708/route_sheets/AccidentTwoWays/Town13_Rep0_route_003103_route0_01_11_04_10_30/page_000.jpg,AutoMoT/keyframe_filter/collection_output/r2_rgb_route_sheets_20260708/route_sheets/AccidentTwoWays/Town13_Rep0_route_003103_route0_01_11_04_10_30,,
AccidentTwoWays,Town13_Rep0_route_003104_route0_01_10_01_02_01,348,,,,,,,,False,written,AutoMoT/keyframe_filter/collection_output/r2_rgb_route_sheets_20260708/route_sheets/AccidentTwoWays/Town13_Rep0_route_003104_route0_01_10_01_02_01/page_000.jpg,AutoMoT/keyframe_filter/collection_output/r2_rgb_route_sheets_20260708/route_sheets/AccidentTwoWays/Town13_Rep0_route_003104_route0_01_10_01_02_01,,
AccidentTwoWays,Town13_Rep0_route_003104_route0_01_11_14_30_19,349,,,,,,,,False,written,AutoMoT/keyframe_filter/collection_output/r2_rgb_route_sheets_20260708/route_sheets/AccidentTwoWays/Town13_Rep0_route_003104_route0_01_11_14_30_19/page_000.jpg,AutoMoT/keyframe_filter/collection_output/r2_rgb_route_sheets_20260708/route_sheets/AccidentTwoWays/Town13_Rep0_route_003104_route0_01_11_14_30_19,,
AccidentTwoWays,Town13_Rep0_route_003107_route0_01_08_19_23_51,397,,,,,,,,True,written,AutoMoT/keyframe_filter/collection_output/r2_rgb_route_sheets_20260708/route_sheets/AccidentTwoWays/Town13_Rep0_route_003107_route0_01_08_19_23_51/page_000.jpg,AutoMoT/keyframe_filter/collection_output/r2_rgb_route_sheets_20260708/route_sheets/AccidentTwoWays/Town13_Rep0_route_003107_route0_01_08_19_23_51,,
AccidentTwoWays,Town13_Rep0_route_003109_route0_01_09_12_24_31,355,,,,,,,,False,written,AutoMoT/keyframe_filter/collection_output/r2_rgb_route_sheets_20260708/route_sheets/AccidentTwoWays/Town13_Rep0_route_003109_route0_01_09_12_24_31/page_000.jpg,AutoMoT/keyframe_filter/collection_output/r2_rgb_route_sheets_20260708/route_sheets/AccidentTwoWays/Town13_Rep0_route_003109_route0_01_09_12_24_31,,
AccidentTwoWays,Town13_Rep0_route_003109_route0_01_11_10_16_33,351,,,,,,,,False,written,AutoMoT/keyframe_filter/collection_output/r2_rgb_route_sheets_20260708/route_sheets/AccidentTwoWays/Town13_Rep0_route_003109_route0_01_11_10_16_33/page_000.jpg,AutoMoT/keyframe_filter/collection_output/r2_rgb_route_sheets_20260708/route_sheets/AccidentTwoWays/Town13_Rep0_route_003109_route0_01_11_10_16_33,,
AccidentTwoWays,Town13_Rep0_route_003227_route0_01_08_20_24_32,326,,,,,,,,False,written,AutoMoT/keyframe_filter/collection_output/r2_rgb_route_sheets_20260708/route_sheets/AccidentTwoWays/Town13_Rep0_route_003227_route0_01_08_20_24_32/page_000.jpg,AutoMoT/keyframe_filter/collection_output/r2_rgb_route_sheets_20260708/route_sheets/AccidentTwoWays/Town13_Rep0_route_003227_route0_01_08_20_24_32,,
AccidentTwoWays,Town13_Rep0_route_003227_route0_01_11_06_53_51,320,,,,,,,,False,written,AutoMoT/keyframe_filter/collection_output/r2_rgb_route_sheets_20260708/route_sheets/AccidentTwoWays/Town13_Rep0_route_003227_route0_01_11_06_53_51/page_000.jpg,AutoMoT/keyframe_filter/collection_output/r2_rgb_route_sheets_20260708/route_sheets/AccidentTwoWays/Town13_Rep0_route_003227_route0_01_11_06_53_51,,
AccidentTwoWays,Town13_Rep0_route_003230_route0_01_10_17_43_51,412,,,,,,,,True,written,AutoMoT/keyframe_filter/collection_output/r2_rgb_route_sheets_20260708/route_sheets/AccidentTwoWays/Town13_Rep0_route_003230_route0_01_10_17_43_51/page_000.jpg,AutoMoT/keyframe_filter/collection_output/r2_rgb_route_sheets_20260708/route_sheets/AccidentTwoWays/Town13_Rep0_route_003230_route0_01_10_17_43_51,,
AccidentTwoWays,Town13_Rep0_route_003232_route0_01_10_12_35_01,307,,,,,,,,False,written,AutoMoT/keyframe_filter/collection_output/r2_rgb_route_sheets_20260708/route_sheets/AccidentTwoWays/Town13_Rep0_route_003232_route0_01_10_12_35_01/page_000.jpg,AutoMoT/keyframe_filter/collection_output/r2_rgb_route_sheets_20260708/route_sheets/AccidentTwoWays/Town13_Rep0_route_003232_route0_01_10_12_35_01,,
AccidentTwoWays,Town13_Rep0_route_003248_route0_01_07_22_51_02,400,,,,,,,,True,written,AutoMoT/keyframe_filter/collection_output/r2_rgb_route_sheets_20260708/route_sheets/AccidentTwoWays/Town13_Rep0_route_003248_route0_01_07_22_51_02/page_000.jpg,AutoMoT/keyframe_filter/collection_output/r2_rgb_route_sheets_20260708/route_sheets/AccidentTwoWays/Town13_Rep0_route_003248_route0_01_07_22_51_02,,
AccidentTwoWays,Town13_Rep0_route_003248_route0_01_11_04_18_06,391,,,,,,,,True,written,AutoMoT/keyframe_filter/collection_output/r2_rgb_route_sheets_20260708/route_sheets/AccidentTwoWays/Town13_Rep0_route_003248_route0_01_11_04_18_06/page_000.jpg,AutoMoT/keyframe_filter/collection_output/r2_rgb_route_sheets_20260708/route_sheets/AccidentTwoWays/Town13_Rep0_route_003248_route0_01_11_04_18_06,,
AccidentTwoWays,Town13_Rep0_route_003249_route0_01_10_21_38_32,301,,,,,,,,False,written,AutoMoT/keyframe_filter/collection_output/r2_rgb_route_sheets_20260708/route_sheets/AccidentTwoWays/Town13_Rep0_route_003249_route0_01_10_21_38_32/page_000.jpg,AutoMoT/keyframe_filter/collection_output/r2_rgb_route_sheets_20260708/route_sheets/AccidentTwoWays/Town13_Rep0_route_003249_route0_01_10_21_38_32,,
AccidentTwoWays,Town15_Rep0_route_001350_route0_01_10_01_33_35,487,,,,,,,,True,written,AutoMoT/keyframe_filter/collection_output/r2_rgb_route_sheets_20260708/route_sheets/AccidentTwoWays/Town15_Rep0_route_001350_route0_01_10_01_33_35/page_000.jpg,AutoMoT/keyframe_filter/collection_output/r2_rgb_route_sheets_20260708/route_sheets/AccidentTwoWays/Town15_Rep0_route_001350_route0_01_10_01_33_35,,
AccidentTwoWays,Town15_Rep0_route_001350_route0_01_11_14_30_03,557,,,,,,,,True,written,AutoMoT/keyframe_filter/collection_output/r2_rgb_route_sheets_20260708/route_sheets/AccidentTwoWays/Town15_Rep0_route_001350_route0_01_11_14_30_03/page_000.jpg,AutoMoT/keyframe_filter/collection_output/r2_rgb_route_sheets_20260708/route_sheets/AccidentTwoWays/Town15_Rep0_route_001350_route0_01_11_14_30_03,,
AccidentTwoWays,Town15_Rep0_route_001365_route0_01_08_22_22_21,281,,,,,,,,False,written,AutoMoT/keyframe_filter/collection_output/r2_rgb_route_sheets_20260708/route_sheets/AccidentTwoWays/Town15_Rep0_route_001365_route0_01_08_22_22_21/page_000.jpg,AutoMoT/keyframe_filter/collection_output/r2_rgb_route_sheets_20260708/route_sheets/AccidentTwoWays/Town15_Rep0_route_001365_route0_01_08_22_22_21,,
AccidentTwoWays,Town15_Rep0_route_001365_route0_01_11_07_22_30,297,,,,,,,,False,written,AutoMoT/keyframe_filter/collection_output/r2_rgb_route_sheets_20260708/route_sheets/AccidentTwoWays/Town15_Rep0_route_001365_route0_01_11_07_22_30/page_000.jpg,AutoMoT/keyframe_filter/collection_output/r2_rgb_route_sheets_20260708/route_sheets/AccidentTwoWays/Town15_Rep0_route_001365_route0_01_11_07_22_30,,
AccidentTwoWays,Town15_Rep0_route_001366_route0_01_11_02_35_54,369,,,,,,,,True,written,AutoMoT/keyframe_filter/collection_output/r2_rgb_route_sheets_20260708/route_sheets/AccidentTwoWays/Town15_Rep0_route_001366_route0_01_11_02_35_54/page_000.jpg,AutoMoT/keyframe_filter/collection_output/r2_rgb_route_sheets_20260708/route_sheets/AccidentTwoWays/Town15_Rep0_route_001366_route0_01_11_02_35_54,,
AccidentTwoWays,Town15_Rep0_route_001377_route0_01_11_02_02_57,498,,,,,,,,True,written,AutoMoT/keyframe_filter/collection_output/r2_rgb_route_sheets_20260708/route_sheets/AccidentTwoWays/Town15_Rep0_route_001377_route0_01_11_02_02_57/page_000.jpg,AutoMoT/keyframe_filter/collection_output/r2_rgb_route_sheets_20260708/route_sheets/AccidentTwoWays/Town15_Rep0_route_001377_route0_01_11_02_02_57,,
AccidentTwoWays,Town15_Rep0_route_001392_route0_01_09_06_20_15,309,,,,,,,,False,written,AutoMoT/keyframe_filter/collection_output/r2_rgb_route_sheets_20260708/route_sheets/AccidentTwoWays/Town15_Rep0_route_001392_route0_01_09_06_20_15/page_000.jpg,AutoMoT/keyframe_filter/collection_output/r2_rgb_route_sheets_20260708/route_sheets/AccidentTwoWays/Town15_Rep0_route_001392_route0_01_09_06_20_15,,
AccidentTwoWays,Town15_Rep0_route_001392_route0_01_11_09_02_03,307,,,,,,,,False,written,AutoMoT/keyframe_filter/collection_output/r2_rgb_route_sheets_20260708/route_sheets/AccidentTwoWays/Town15_Rep0_route_001392_route0_01_11_09_02_03/page_000.jpg,AutoMoT/keyframe_filter/collection_output/r2_rgb_route_sheets_20260708/route_sheets/AccidentTwoWays/Town15_Rep0_route_001392_route0_01_11_09_02_03,,
AccidentTwoWays,Town15_Rep0_route_001467_route0_01_07_21_51_05,501,,,,,,,,True,written,AutoMoT/keyframe_filter/collection_output/r2_rgb_route_sheets_20260708/route_sheets/AccidentTwoWays/Town15_Rep0_route_001467_route0_01_07_21_51_05/page_000.jpg,AutoMoT/keyframe_filter/collection_output/r2_rgb_route_sheets_20260708/route_sheets/AccidentTwoWays/Town15_Rep0_route_001467_route0_01_07_21_51_05,,
AccidentTwoWays,Town15_Rep0_route_001467_route0_01_11_04_14_47,496,,,,,,,,True,written,AutoMoT/keyframe_filter/collection_output/r2_rgb_route_sheets_20260708/route_sheets/AccidentTwoWays/Town15_Rep0_route_001467_route0_01_11_04_14_47/page_000.jpg,AutoMoT/keyframe_filter/collection_output/r2_rgb_route_sheets_20260708/route_sheets/AccidentTwoWays/Town15_Rep0_route_001467_route0_01_11_04_14_47,,
AccidentTwoWays,Town15_Rep0_route_001479_route0_01_10_02_17_35,532,,,,,,,,True,written,AutoMoT/keyframe_filter/collection_output/r2_rgb_route_sheets_20260708/route_sheets/AccidentTwoWays/Town15_Rep0_route_001479_route0_01_10_02_17_35/page_000.jpg,AutoMoT/keyframe_filter/collection_output/r2_rgb_route_sheets_20260708/route_sheets/AccidentTwoWays/Town15_Rep0_route_001479_route0_01_10_02_17_35,,
AccidentTwoWays,Town15_Rep0_route_001479_route0_01_11_14_37_28,530,,,,,,,,True,written,AutoMoT/keyframe_filter/collection_output/r2_rgb_route_sheets_20260708/route_sheets/AccidentTwoWays/Town15_Rep0_route_001479_route0_01_11_14_37_28/page_000.jpg,AutoMoT/keyframe_filter/collection_output/r2_rgb_route_sheets_20260708/route_sheets/AccidentTwoWays/Town15_Rep0_route_001479_route0_01_11_14_37_28,,
AccidentTwoWays,Town15_Rep0_route_001482_route0_01_10_18_38_55,283,,,,,,,,False,written,AutoMoT/keyframe_filter/collection_output/r2_rgb_route_sheets_20260708/route_sheets/AccidentTwoWays/Town15_Rep0_route_001482_route0_01_10_18_38_55/page_000.jpg,AutoMoT/keyframe_filter/collection_output/r2_rgb_route_sheets_20260708/route_sheets/AccidentTwoWays/Town15_Rep0_route_001482_route0_01_10_18_38_55,,
AccidentTwoWays,Town15_Rep0_route_001483_route0_01_08_13_54_09,388,,,,,,,,True,written,AutoMoT/keyframe_filter/collection_output/r2_rgb_route_sheets_20260708/route_sheets/AccidentTwoWays/Town15_Rep0_route_001483_route0_01_08_13_54_09/page_000.jpg,AutoMoT/keyframe_filter/collection_output/r2_rgb_route_sheets_20260708/route_sheets/AccidentTwoWays/Town15_Rep0_route_001483_route0_01_08_13_54_09,,
AccidentTwoWays,Town15_Rep0_route_001483_route0_01_11_05_47_15,382,,,,,,,,True,written,AutoMoT/keyframe_filter/collection_output/r2_rgb_route_sheets_20260708/route_sheets/AccidentTwoWays/Town15_Rep0_route_001483_route0_01_11_05_47_15/page_000.jpg,AutoMoT/keyframe_filter/collection_output/r2_rgb_route_sheets_20260708/route_sheets/AccidentTwoWays/Town15_Rep0_route_001483_route0_01_11_05_47_15,,
AccidentTwoWays,Town15_Rep0_route_001488_route0_01_10_16_38_48,605,,,,,,,,True,written,AutoMoT/keyframe_filter/collection_output/r2_rgb_route_sheets_20260708/route_sheets/AccidentTwoWays/Town15_Rep0_route_001488_route0_01_10_16_38_48/page_000.jpg,AutoMoT/keyframe_filter/collection_output/r2_rgb_route_sheets_20260708/route_sheets/AccidentTwoWays/Town15_Rep0_route_001488_route0_01_10_16_38_48,,
AccidentTwoWays,Town15_Rep0_route_001493_route0_01_10_15_13_05,480,,,,,,,,True,written,AutoMoT/keyframe_filter/collection_output/r2_rgb_route_sheets_20260708/route_sheets/AccidentTwoWays/Town15_Rep0_route_001493_route0_01_10_15_13_05/page_000.jpg,AutoMoT/keyframe_filter/collection_output/r2_rgb_route_sheets_20260708/route_sheets/AccidentTwoWays/Town15_Rep0_route_001493_route0_01_10_15_13_05,,
AccidentTwoWays,Town15_Rep0_route_001508_route0_01_08_15_07_09,294,,,,,,,,False,written,AutoMoT/keyframe_filter/collection_output/r2_rgb_route_sheets_20260708/route_sheets/AccidentTwoWays/Town15_Rep0_route_001508_route0_01_08_15_07_09/page_000.jpg,AutoMoT/keyframe_filter/collection_output/r2_rgb_route_sheets_20260708/route_sheets/AccidentTwoWays/Town15_Rep0_route_001508_route0_01_08_15_07_09,,
AccidentTwoWays,Town15_Rep0_route_001508_route0_01_11_06_12_30,286,,,,,,,,False,written,AutoMoT/keyframe_filter/collection_output/r2_rgb_route_sheets_20260708/route_sheets/AccidentTwoWays/Town15_Rep0_route_001508_route0_01_11_06_12_30/page_000.jpg,AutoMoT/keyframe_filter/collection_output/r2_rgb_route_sheets_20260708/route_sheets/AccidentTwoWays/Town15_Rep0_route_001508_route0_01_11_06_12_30,,
AccidentTwoWays,Town15_Rep0_route_001562_route0_01_10_08_38_36,539,,,,,,,,True,written,AutoMoT/keyframe_filter/collection_output/r2_rgb_route_sheets_20260708/route_sheets/AccidentTwoWays/Town15_Rep0_route_001562_route0_01_10_08_38_36/page_000.jpg,AutoMoT/keyframe_filter/collection_output/r2_rgb_route_sheets_20260708/route_sheets/AccidentTwoWays/Town15_Rep0_route_001562_route0_01_10_08_38_36,,
AccidentTwoWays,Town15_Rep0_route_001569_route0_01_08_22_54_10,573,,,,,,,,True,written,AutoMoT/keyframe_filter/collection_output/r2_rgb_route_sheets_20260708/route_sheets/AccidentTwoWays/Town15_Rep0_route_001569_route0_01_08_22_54_10/page_000.jpg,AutoMoT/keyframe_filter/collection_output/r2_rgb_route_sheets_20260708/route_sheets/AccidentTwoWays/Town15_Rep0_route_001569_route0_01_08_22_54_10,,
AccidentTwoWays,Town15_Rep0_route_001571_route0_01_11_00_07_59,523,,,,,,,,True,written,AutoMoT/keyframe_filter/collection_output/r2_rgb_route_sheets_20260708/route_sheets/AccidentTwoWays/Town15_Rep0_route_001571_route0_01_11_00_07_59/page_000.jpg,AutoMoT/keyframe_filter/collection_output/r2_rgb_route_sheets_20260708/route_sheets/AccidentTwoWays/Town15_Rep0_route_001571_route0_01_11_00_07_59,,
AccidentTwoWays,Town15_Rep0_route_001574_route0_01_08_04_11_34,575,,,,,,,,True,written,AutoMoT/keyframe_filter/collection_output/r2_rgb_route_sheets_20260708/route_sheets/AccidentTwoWays/Town15_Rep0_route_001574_route0_01_08_04_11_34/page_000.jpg,AutoMoT/keyframe_filter/collection_output/r2_rgb_route_sheets_20260708/route_sheets/AccidentTwoWays/Town15_Rep0_route_001574_route0_01_08_04_11_34,,
AccidentTwoWays,Town15_Rep0_route_001574_route0_01_11_04_26_06,587,,,,,,,,True,written,AutoMoT/keyframe_filter/collection_output/r2_rgb_route_sheets_20260708/route_sheets/AccidentTwoWays/Town15_Rep0_route_001574_route0_01_11_04_26_06/page_000.jpg,AutoMoT/keyframe_filter/collection_output/r2_rgb_route_sheets_20260708/route_sheets/AccidentTwoWays/Town15_Rep0_route_001574_route0_01_11_04_26_06,,
AccidentTwoWays,Town15_Rep0_route_001589_route0_01_08_17_18_39,497,,,,,,,,True,written,AutoMoT/keyframe_filter/collection_output/r2_rgb_route_sheets_20260708/route_sheets/AccidentTwoWays/Town15_Rep0_route_001589_route0_01_08_17_18_39/page_000.jpg,AutoMoT/keyframe_filter/collection_output/r2_rgb_route_sheets_20260708/route_sheets/AccidentTwoWays/Town15_Rep0_route_001589_route0_01_08_17_18_39,,
AccidentTwoWays,Town15_Rep0_route_001589_route0_01_11_06_39_34,499,,,,,,,,True,written,AutoMoT/keyframe_filter/collection_output/r2_rgb_route_sheets_20260708/route_sheets/AccidentTwoWays/Town15_Rep0_route_001589_route0_01_11_06_39_34/page_000.jpg,AutoMoT/keyframe_filter/collection_output/r2_rgb_route_sheets_20260708/route_sheets/AccidentTwoWays/Town15_Rep0_route_001589_route0_01_11_06_39_34,,
AccidentTwoWays,Town15_Rep0_route_001604_route0_01_08_09_18_45,297,,,,,,,,False,written,AutoMoT/keyframe_filter/collection_output/r2_rgb_route_sheets_20260708/route_sheets/AccidentTwoWays/Town15_Rep0_route_001604_route0_01_08_09_18_45/page_000.jpg,AutoMoT/keyframe_filter/collection_output/r2_rgb_route_sheets_20260708/route_sheets/AccidentTwoWays/Town15_Rep0_route_001604_route0_01_08_09_18_45,,
AccidentTwoWays,Town15_Rep0_route_001604_route0_01_11_05_17_27,298,,,,,,,,False,written,AutoMoT/keyframe_filter/collection_output/r2_rgb_route_sheets_20260708/route_sheets/AccidentTwoWays/Town15_Rep0_route_001604_route0_01_11_05_17_27/page_000.jpg,AutoMoT/keyframe_filter/collection_output/r2_rgb_route_sheets_20260708/route_sheets/AccidentTwoWays/Town15_Rep0_route_001604_route0_01_11_05_17_27,,
AccidentTwoWays,Town15_Rep0_route_001605_route0_01_10_04_18_53,389,,,,,,,,True,written,AutoMoT/keyframe_filter/collection_output/r2_rgb_route_sheets_20260708/route_sheets/AccidentTwoWays/Town15_Rep0_route_001605_route0_01_10_04_18_53/page_000.jpg,AutoMoT/keyframe_filter/collection_output/r2_rgb_route_sheets_20260708/route_sheets/AccidentTwoWays/Town15_Rep0_route_001605_route0_01_10_04_18_53,,
AccidentTwoWays,Town15_Rep0_route_001605_route0_01_11_15_16_36,373,,,,,,,,True,written,AutoMoT/keyframe_filter/collection_output/r2_rgb_route_sheets_20260708/route_sheets/AccidentTwoWays/Town15_Rep0_route_001605_route0_01_11_15_16_36/page_000.jpg,AutoMoT/keyframe_filter/collection_output/r2_rgb_route_sheets_20260708/route_sheets/AccidentTwoWays/Town15_Rep0_route_001605_route0_01_11_15_16_36,,
ConstructionObstacleTwoWays,Town01_Rep0_route_001277_route0_01_09_06_34_09,551,,,,,,,,True,written,AutoMoT/keyframe_filter/collection_output/r2_rgb_route_sheets_20260708/route_sheets/ConstructionObstacleTwoWays/Town01_Rep0_route_001277_route0_01_09_06_34_09/page_000.jpg,AutoMoT/keyframe_filter/collection_output/r2_rgb_route_sheets_20260708/route_sheets/ConstructionObstacleTwoWays/Town01_Rep0_route_001277_route0_01_09_06_34_09,,
ConstructionObstacleTwoWays,Town01_Rep0_route_001282_route0_01_10_03_54_16,640,,,,,,,,True,written,AutoMoT/keyframe_filter/collection_output/r2_rgb_route_sheets_20260708/route_sheets/ConstructionObstacleTwoWays/Town01_Rep0_route_001282_route0_01_10_03_54_16/page_000.jpg,AutoMoT/keyframe_filter/collection_output/r2_rgb_route_sheets_20260708/route_sheets/ConstructionObstacleTwoWays/Town01_Rep0_route_001282_route0_01_10_03_54_16,,
ConstructionObstacleTwoWays,Town01_Rep0_route_001282_route0_01_11_14_56_28,711,,,,,,,,True,written,AutoMoT/keyframe_filter/collection_output/r2_rgb_route_sheets_20260708/route_sheets/ConstructionObstacleTwoWays/Town01_Rep0_route_001282_route0_01_11_14_56_28/page_000.jpg,AutoMoT/keyframe_filter/collection_output/r2_rgb_route_sheets_20260708/route_sheets/ConstructionObstacleTwoWays/Town01_Rep0_route_001282_route0_01_11_14_56_28,,
ConstructionObstacleTwoWays,Town07_Rep0_route_001172_route0_01_11_01_27_59,919,,,,,,,,True,written,AutoMoT/keyframe_filter/collection_output/r2_rgb_route_sheets_20260708/route_sheets/ConstructionObstacleTwoWays/Town07_Rep0_route_001172_route0_01_11_01_27_59/page_000.jpg,AutoMoT/keyframe_filter/collection_output/r2_rgb_route_sheets_20260708/route_sheets/ConstructionObstacleTwoWays/Town07_Rep0_route_001172_route0_01_11_01_27_59,,
ConstructionObstacleTwoWays,Town07_Rep0_route_001175_route0_01_08_15_17_43,450,,,,,,,,True,written,AutoMoT/keyframe_filter/collection_output/r2_rgb_route_sheets_20260708/route_sheets/ConstructionObstacleTwoWays/Town07_Rep0_route_001175_route0_01_08_15_17_43/page_000.jpg,AutoMoT/keyframe_filter/collection_output/r2_rgb_route_sheets_20260708/route_sheets/ConstructionObstacleTwoWays/Town07_Rep0_route_001175_route0_01_08_15_17_43,,
ConstructionObstacleTwoWays,Town07_Rep0_route_001176_route0_01_10_10_16_07,414,,,,,,,,True,written,AutoMoT/keyframe_filter/collection_output/r2_rgb_route_sheets_20260708/route_sheets/ConstructionObstacleTwoWays/Town07_Rep0_route_001176_route0_01_10_10_16_07/page_000.jpg,AutoMoT/keyframe_filter/collection_output/r2_rgb_route_sheets_20260708/route_sheets/ConstructionObstacleTwoWays/Town07_Rep0_route_001176_route0_01_10_10_16_07,,
ConstructionObstacleTwoWays,Town07_Rep0_route_001180_route0_01_10_23_41_14,796,,,,,,,,True,written,AutoMoT/keyframe_filter/collection_output/r2_rgb_route_sheets_20260708/route_sheets/ConstructionObstacleTwoWays/Town07_Rep0_route_001180_route0_01_10_23_41_14/page_000.jpg,AutoMoT/keyframe_filter/collection_output/r2_rgb_route_sheets_20260708/route_sheets/ConstructionObstacleTwoWays/Town07_Rep0_route_001180_route0_01_10_23_41_14,,
ConstructionObstacleTwoWays,Town07_Rep0_route_001183_route0_01_09_00_02_37,868,,,,,,,,True,written,AutoMoT/keyframe_filter/collection_output/r2_rgb_route_sheets_20260708/route_sheets/ConstructionObstacleTwoWays/Town07_Rep0_route_001183_route0_01_09_00_02_37/page_000.jpg,AutoMoT/keyframe_filter/collection_output/r2_rgb_route_sheets_20260708/route_sheets/ConstructionObstacleTwoWays/Town07_Rep0_route_001183_route0_01_09_00_02_37,,
ConstructionObstacleTwoWays,Town07_Rep0_route_001184_route0_01_11_03_35_35,415,,,,,,,,True,written,AutoMoT/keyframe_filter/collection_output/r2_rgb_route_sheets_20260708/route_sheets/ConstructionObstacleTwoWays/Town07_Rep0_route_001184_route0_01_11_03_35_35/page_000.jpg,AutoMoT/keyframe_filter/collection_output/r2_rgb_route_sheets_20260708/route_sheets/ConstructionObstacleTwoWays/Town07_Rep0_route_001184_route0_01_11_03_35_35,,
ConstructionObstacleTwoWays,Town07_Rep0_route_001190_route0_01_09_11_21_41,417,,,,,,,,True,written,AutoMoT/keyframe_filter/collection_output/r2_rgb_route_sheets_20260708/route_sheets/ConstructionObstacleTwoWays/Town07_Rep0_route_001190_route0_01_09_11_21_41/page_000.jpg,AutoMoT/keyframe_filter/collection_output/r2_rgb_route_sheets_20260708/route_sheets/ConstructionObstacleTwoWays/Town07_Rep0_route_001190_route0_01_09_11_21_41,,
ConstructionObstacleTwoWays,Town12_Rep0_1991_0_route0_01_10_17_11_00,670,,,,,,,,True,written,AutoMoT/keyframe_filter/collection_output/r2_rgb_route_sheets_20260708/route_sheets/ConstructionObstacleTwoWays/Town12_Rep0_1991_0_route0_01_10_17_11_00/page_000.jpg,AutoMoT/keyframe_filter/collection_output/r2_rgb_route_sheets_20260708/route_sheets/ConstructionObstacleTwoWays/Town12_Rep0_1991_0_route0_01_10_17_11_00,,
ConstructionObstacleTwoWays,Town12_Rep0_route_002663_route0_01_10_00_24_18,365,,,,,,,,True,written,AutoMoT/keyframe_filter/collection_output/r2_rgb_route_sheets_20260708/route_sheets/ConstructionObstacleTwoWays/Town12_Rep0_route_002663_route0_01_10_00_24_18/page_000.jpg,AutoMoT/keyframe_filter/collection_output/r2_rgb_route_sheets_20260708/route_sheets/ConstructionObstacleTwoWays/Town12_Rep0_route_002663_route0_01_10_00_24_18,,
ConstructionObstacleTwoWays,Town12_Rep0_route_002668_route0_01_10_03_17_12,320,,,,,,,,False,written,AutoMoT/keyframe_filter/collection_output/r2_rgb_route_sheets_20260708/route_sheets/ConstructionObstacleTwoWays/Town12_Rep0_route_002668_route0_01_10_03_17_12/page_000.jpg,AutoMoT/keyframe_filter/collection_output/r2_rgb_route_sheets_20260708/route_sheets/ConstructionObstacleTwoWays/Town12_Rep0_route_002668_route0_01_10_03_17_12,,
ConstructionObstacleTwoWays,Town12_Rep0_route_002668_route0_01_11_14_47_03,354,,,,,,,,False,written,AutoMoT/keyframe_filter/collection_output/r2_rgb_route_sheets_20260708/route_sheets/ConstructionObstacleTwoWays/Town12_Rep0_route_002668_route0_01_11_14_47_03/page_000.jpg,AutoMoT/keyframe_filter/collection_output/r2_rgb_route_sheets_20260708/route_sheets/ConstructionObstacleTwoWays/Town12_Rep0_route_002668_route0_01_11_14_47_03,,
ConstructionObstacleTwoWays,Town12_Rep0_route_002671_route0_01_10_13_02_21,419,,,,,,,,True,written,AutoMoT/keyframe_filter/collection_output/r2_rgb_route_sheets_20260708/route_sheets/ConstructionObstacleTwoWays/Town12_Rep0_route_002671_route0_01_10_13_02_21/page_000.jpg,AutoMoT/keyframe_filter/collection_output/r2_rgb_route_sheets_20260708/route_sheets/ConstructionObstacleTwoWays/Town12_Rep0_route_002671_route0_01_10_13_02_21,,
ConstructionObstacleTwoWays,Town12_Rep0_route_002672_route0_01_10_15_30_41,435,,,,,,,,True,written,AutoMoT/keyframe_filter/collection_output/r2_rgb_route_sheets_20260708/route_sheets/ConstructionObstacleTwoWays/Town12_Rep0_route_002672_route0_01_10_15_30_41/page_000.jpg,AutoMoT/keyframe_filter/collection_output/r2_rgb_route_sheets_20260708/route_sheets/ConstructionObstacleTwoWays/Town12_Rep0_route_002672_route0_01_10_15_30_41,,
ConstructionObstacleTwoWays,Town12_Rep0_route_002673_route0_01_10_07_22_38,437,,,,,,,,True,written,AutoMoT/keyframe_filter/collection_output/r2_rgb_route_sheets_20260708/route_sheets/ConstructionObstacleTwoWays/Town12_Rep0_route_002673_route0_01_10_07_22_38/page_000.jpg,AutoMoT/keyframe_filter/collection_output/r2_rgb_route_sheets_20260708/route_sheets/ConstructionObstacleTwoWays/Town12_Rep0_route_002673_route0_01_10_07_22_38,,
ConstructionObstacleTwoWays,Town12_Rep0_route_002673_route0_01_11_15_53_39,454,,,,,,,,True,written,AutoMoT/keyframe_filter/collection_output/r2_rgb_route_sheets_20260708/route_sheets/ConstructionObstacleTwoWays/Town12_Rep0_route_002673_route0_01_11_15_53_39/page_000.jpg,AutoMoT/keyframe_filter/collection_output/r2_rgb_route_sheets_20260708/route_sheets/ConstructionObstacleTwoWays/Town12_Rep0_route_002673_route0_01_11_15_53_39,,
ConstructionObstacleTwoWays,Town12_Rep0_route_002675_route0_01_10_01_43_59,366,,,,,,,,True,written,AutoMoT/keyframe_filter/collection_output/r2_rgb_route_sheets_20260708/route_sheets/ConstructionObstacleTwoWays/Town12_Rep0_route_002675_route0_01_10_01_43_59/page_000.jpg,AutoMoT/keyframe_filter/collection_output/r2_rgb_route_sheets_20260708/route_sheets/ConstructionObstacleTwoWays/Town12_Rep0_route_002675_route0_01_10_01_43_59,,
ConstructionObstacleTwoWays,Town12_Rep0_route_002675_route0_01_11_14_33_23,364,,,,,,,,True,written,AutoMoT/keyframe_filter/collection_output/r2_rgb_route_sheets_20260708/route_sheets/ConstructionObstacleTwoWays/Town12_Rep0_route_002675_route0_01_11_14_33_23/page_000.jpg,AutoMoT/keyframe_filter/collection_output/r2_rgb_route_sheets_20260708/route_sheets/ConstructionObstacleTwoWays/Town12_Rep0_route_002675_route0_01_11_14_33_23,,
ConstructionObstacleTwoWays,Town12_Rep0_route_002679_route0_01_10_22_31_28,419,,,,,,,,True,written,AutoMoT/keyframe_filter/collection_output/r2_rgb_route_sheets_20260708/route_sheets/ConstructionObstacleTwoWays/Town12_Rep0_route_002679_route0_01_10_22_31_28/page_000.jpg,AutoMoT/keyframe_filter/collection_output/r2_rgb_route_sheets_20260708/route_sheets/ConstructionObstacleTwoWays/Town12_Rep0_route_002679_route0_01_10_22_31_28,,
ConstructionObstacleTwoWays,Town12_Rep0_route_002680_route0_01_09_17_15_48,323,,,,,,,,False,written,AutoMoT/keyframe_filter/collection_output/r2_rgb_route_sheets_20260708/route_sheets/ConstructionObstacleTwoWays/Town12_Rep0_route_002680_route0_01_09_17_15_48/page_000.jpg,AutoMoT/keyframe_filter/collection_output/r2_rgb_route_sheets_20260708/route_sheets/ConstructionObstacleTwoWays/Town12_Rep0_route_002680_route0_01_09_17_15_48,,
ConstructionObstacleTwoWays,Town12_Rep0_route_002680_route0_01_11_12_37_30,321,,,,,,,,False,written,AutoMoT/keyframe_filter/collection_output/r2_rgb_route_sheets_20260708/route_sheets/ConstructionObstacleTwoWays/Town12_Rep0_route_002680_route0_01_11_12_37_30/page_000.jpg,AutoMoT/keyframe_filter/collection_output/r2_rgb_route_sheets_20260708/route_sheets/ConstructionObstacleTwoWays/Town12_Rep0_route_002680_route0_01_11_12_37_30,,
ConstructionObstacleTwoWays,Town12_Rep0_route_002684_route0_01_09_14_41_00,339,,,,,,,,False,written,AutoMoT/keyframe_filter/collection_output/r2_rgb_route_sheets_20260708/route_sheets/ConstructionObstacleTwoWays/Town12_Rep0_route_002684_route0_01_09_14_41_00/page_000.jpg,AutoMoT/keyframe_filter/collection_output/r2_rgb_route_sheets_20260708/route_sheets/ConstructionObstacleTwoWays/Town12_Rep0_route_002684_route0_01_09_14_41_00,,
ConstructionObstacleTwoWays,Town12_Rep0_route_002684_route0_01_11_11_18_56,340,,,,,,,,False,written,AutoMoT/keyframe_filter/collection_output/r2_rgb_route_sheets_20260708/route_sheets/ConstructionObstacleTwoWays/Town12_Rep0_route_002684_route0_01_11_11_18_56/page_000.jpg,AutoMoT/keyframe_filter/collection_output/r2_rgb_route_sheets_20260708/route_sheets/ConstructionObstacleTwoWays/Town12_Rep0_route_002684_route0_01_11_11_18_56,,
ConstructionObstacleTwoWays,Town12_Rep0_route_002699_route0_01_10_15_22_11,416,,,,,,,,True,written,AutoMoT/keyframe_filter/collection_output/r2_rgb_route_sheets_20260708/route_sheets/ConstructionObstacleTwoWays/Town12_Rep0_route_002699_route0_01_10_15_22_11/page_000.jpg,AutoMoT/keyframe_filter/collection_output/r2_rgb_route_sheets_20260708/route_sheets/ConstructionObstacleTwoWays/Town12_Rep0_route_002699_route0_01_10_15_22_11,,
ConstructionObstacleTwoWays,Town12_Rep0_route_002700_route0_01_09_05_29_06,403,,,,,,,,True,written,AutoMoT/keyframe_filter/collection_output/r2_rgb_route_sheets_20260708/route_sheets/ConstructionObstacleTwoWays/Town12_Rep0_route_002700_route0_01_09_05_29_06/page_000.jpg,AutoMoT/keyframe_filter/collection_output/r2_rgb_route_sheets_20260708/route_sheets/ConstructionObstacleTwoWays/Town12_Rep0_route_002700_route0_01_09_05_29_06,,
ConstructionObstacleTwoWays,Town12_Rep0_route_002704_route0_01_10_15_06_56,411,,,,,,,,True,written,AutoMoT/keyframe_filter/collection_output/r2_rgb_route_sheets_20260708/route_sheets/ConstructionObstacleTwoWays/Town12_Rep0_route_002704_route0_01_10_15_06_56/page_000.jpg,AutoMoT/keyframe_filter/collection_output/r2_rgb_route_sheets_20260708/route_sheets/ConstructionObstacleTwoWays/Town12_Rep0_route_002704_route0_01_10_15_06_56,,
ConstructionObstacleTwoWays,Town12_Rep0_route_002705_route0_01_09_17_53_42,343,,,,,,,,False,written,AutoMoT/keyframe_filter/collection_output/r2_rgb_route_sheets_20260708/route_sheets/ConstructionObstacleTwoWays/Town12_Rep0_route_002705_route0_01_09_17_53_42/page_000.jpg,AutoMoT/keyframe_filter/collection_output/r2_rgb_route_sheets_20260708/route_sheets/ConstructionObstacleTwoWays/Town12_Rep0_route_002705_route0_01_09_17_53_42,,
ConstructionObstacleTwoWays,Town12_Rep0_route_002705_route0_01_11_13_05_55,347,,,,,,,,False,written,AutoMoT/keyframe_filter/collection_output/r2_rgb_route_sheets_20260708/route_sheets/ConstructionObstacleTwoWays/Town12_Rep0_route_002705_route0_01_11_13_05_55/page_000.jpg,AutoMoT/keyframe_filter/collection_output/r2_rgb_route_sheets_20260708/route_sheets/ConstructionObstacleTwoWays/Town12_Rep0_route_002705_route0_01_11_13_05_55,,
ConstructionObstacleTwoWays,Town12_Rep0_route_002709_route0_01_08_05_53_27,366,,,,,,,,True,written,AutoMoT/keyframe_filter/collection_output/r2_rgb_route_sheets_20260708/route_sheets/ConstructionObstacleTwoWays/Town12_Rep0_route_002709_route0_01_08_05_53_27/page_000.jpg,AutoMoT/keyframe_filter/collection_output/r2_rgb_route_sheets_20260708/route_sheets/ConstructionObstacleTwoWays/Town12_Rep0_route_002709_route0_01_08_05_53_27,,
ConstructionObstacleTwoWays,Town12_Rep0_route_002710_route0_01_10_21_20_15,315,,,,,,,,False,written,AutoMoT/keyframe_filter/collection_output/r2_rgb_route_sheets_20260708/route_sheets/ConstructionObstacleTwoWays/Town12_Rep0_route_002710_route0_01_10_21_20_15/page_000.jpg,AutoMoT/keyframe_filter/collection_output/r2_rgb_route_sheets_20260708/route_sheets/ConstructionObstacleTwoWays/Town12_Rep0_route_002710_route0_01_10_21_20_15,,
ConstructionObstacleTwoWays,Town12_Rep0_route_002825_route0_01_09_08_18_52,423,,,,,,,,True,written,AutoMoT/keyframe_filter/collection_output/r2_rgb_route_sheets_20260708/route_sheets/ConstructionObstacleTwoWays/Town12_Rep0_route_002825_route0_01_09_08_18_52/page_000.jpg,AutoMoT/keyframe_filter/collection_output/r2_rgb_route_sheets_20260708/route_sheets/ConstructionObstacleTwoWays/Town12_Rep0_route_002825_route0_01_09_08_18_52,,
ConstructionObstacleTwoWays,Town12_Rep0_route_002825_route0_01_11_09_20_59,419,,,,,,,,True,written,AutoMoT/keyframe_filter/collection_output/r2_rgb_route_sheets_20260708/route_sheets/ConstructionObstacleTwoWays/Town12_Rep0_route_002825_route0_01_11_09_20_59/page_000.jpg,AutoMoT/keyframe_filter/collection_output/r2_rgb_route_sheets_20260708/route_sheets/ConstructionObstacleTwoWays/Town12_Rep0_route_002825_route0_01_11_09_20_59,,
ConstructionObstacleTwoWays,Town12_Rep0_route_002835_route0_01_08_15_04_47,325,,,,,,,,False,written,AutoMoT/keyframe_filter/collection_output/r2_rgb_route_sheets_20260708/route_sheets/ConstructionObstacleTwoWays/Town12_Rep0_route_002835_route0_01_08_15_04_47/page_000.jpg,AutoMoT/keyframe_filter/collection_output/r2_rgb_route_sheets_20260708/route_sheets/ConstructionObstacleTwoWays/Town12_Rep0_route_002835_route0_01_08_15_04_47,,
ConstructionObstacleTwoWays,Town12_Rep0_route_002835_route0_01_11_06_07_10,321,,,,,,,,False,written,AutoMoT/keyframe_filter/collection_output/r2_rgb_route_sheets_20260708/route_sheets/ConstructionObstacleTwoWays/Town12_Rep0_route_002835_route0_01_11_06_07_10/page_000.jpg,AutoMoT/keyframe_filter/collection_output/r2_rgb_route_sheets_20260708/route_sheets/ConstructionObstacleTwoWays/Town12_Rep0_route_002835_route0_01_11_06_07_10,,
ConstructionObstacleTwoWays,Town12_Rep0_route_002839_route0_01_09_23_05_05,431,,,,,,,,True,written,AutoMoT/keyframe_filter/collection_output/r2_rgb_route_sheets_20260708/route_sheets/ConstructionObstacleTwoWays/Town12_Rep0_route_002839_route0_01_09_23_05_05/page_000.jpg,AutoMoT/keyframe_filter/collection_output/r2_rgb_route_sheets_20260708/route_sheets/ConstructionObstacleTwoWays/Town12_Rep0_route_002839_route0_01_09_23_05_05,,
ConstructionObstacleTwoWays,Town12_Rep0_route_002839_route0_01_11_14_01_41,402,,,,,,,,True,written,AutoMoT/keyframe_filter/collection_output/r2_rgb_route_sheets_20260708/route_sheets/ConstructionObstacleTwoWays/Town12_Rep0_route_002839_route0_01_11_14_01_41/page_000.jpg,AutoMoT/keyframe_filter/collection_output/r2_rgb_route_sheets_20260708/route_sheets/ConstructionObstacleTwoWays/Town12_Rep0_route_002839_route0_01_11_14_01_41,,
ConstructionObstacleTwoWays,Town12_Rep0_route_002847_route0_01_10_03_20_51,391,,,,,,,,True,written,AutoMoT/keyframe_filter/collection_output/r2_rgb_route_sheets_20260708/route_sheets/ConstructionObstacleTwoWays/Town12_Rep0_route_002847_route0_01_10_03_20_51/page_000.jpg,AutoMoT/keyframe_filter/collection_output/r2_rgb_route_sheets_20260708/route_sheets/ConstructionObstacleTwoWays/Town12_Rep0_route_002847_route0_01_10_03_20_51,,
ConstructionObstacleTwoWays,Town12_Rep0_route_002847_route0_01_11_14_48_13,386,,,,,,,,True,written,AutoMoT/keyframe_filter/collection_output/r2_rgb_route_sheets_20260708/route_sheets/ConstructionObstacleTwoWays/Town12_Rep0_route_002847_route0_01_11_14_48_13/page_000.jpg,AutoMoT/keyframe_filter/collection_output/r2_rgb_route_sheets_20260708/route_sheets/ConstructionObstacleTwoWays/Town12_Rep0_route_002847_route0_01_11_14_48_13,,
ConstructionObstacleTwoWays,Town12_Rep0_route_002852_route0_01_10_16_05_10,396,,,,,,,,True,written,AutoMoT/keyframe_filter/collection_output/r2_rgb_route_sheets_20260708/route_sheets/ConstructionObstacleTwoWays/Town12_Rep0_route_002852_route0_01_10_16_05_10/page_000.jpg,AutoMoT/keyframe_filter/collection_output/r2_rgb_route_sheets_20260708/route_sheets/ConstructionObstacleTwoWays/Town12_Rep0_route_002852_route0_01_10_16_05_10,,
ConstructionObstacleTwoWays,Town13_Rep0_1313_0_route0_01_08_22_20_59,445,,,,,,,,True,written,AutoMoT/keyframe_filter/collection_output/r2_rgb_route_sheets_20260708/route_sheets/ConstructionObstacleTwoWays/Town13_Rep0_1313_0_route0_01_08_22_20_59/page_000.jpg,AutoMoT/keyframe_filter/collection_output/r2_rgb_route_sheets_20260708/route_sheets/ConstructionObstacleTwoWays/Town13_Rep0_1313_0_route0_01_08_22_20_59,,
ConstructionObstacleTwoWays,Town13_Rep0_1313_0_route0_01_11_07_24_53,472,,,,,,,,True,written,AutoMoT/keyframe_filter/collection_output/r2_rgb_route_sheets_20260708/route_sheets/ConstructionObstacleTwoWays/Town13_Rep0_1313_0_route0_01_11_07_24_53/page_000.jpg,AutoMoT/keyframe_filter/collection_output/r2_rgb_route_sheets_20260708/route_sheets/ConstructionObstacleTwoWays/Town13_Rep0_1313_0_route0_01_11_07_24_53,,
ConstructionObstacleTwoWays,Town13_Rep0_1313_1_route0_01_10_20_47_28,462,,,,,,,,True,written,AutoMoT/keyframe_filter/collection_output/r2_rgb_route_sheets_20260708/route_sheets/ConstructionObstacleTwoWays/Town13_Rep0_1313_1_route0_01_10_20_47_28/page_000.jpg,AutoMoT/keyframe_filter/collection_output/r2_rgb_route_sheets_20260708/route_sheets/ConstructionObstacleTwoWays/Town13_Rep0_1313_1_route0_01_10_20_47_28,,
ConstructionObstacleTwoWays,Town13_Rep0_1315_0_route0_01_10_18_21_00,587,,,,,,,,True,written,AutoMoT/keyframe_filter/collection_output/r2_rgb_route_sheets_20260708/route_sheets/ConstructionObstacleTwoWays/Town13_Rep0_1315_0_route0_01_10_18_21_00/page_000.jpg,AutoMoT/keyframe_filter/collection_output/r2_rgb_route_sheets_20260708/route_sheets/ConstructionObstacleTwoWays/Town13_Rep0_1315_0_route0_01_10_18_21_00,,
ConstructionObstacleTwoWays,Town13_Rep0_1315_1_route0_01_10_00_08_54,609,,,,,,,,True,written,AutoMoT/keyframe_filter/collection_output/r2_rgb_route_sheets_20260708/route_sheets/ConstructionObstacleTwoWays/Town13_Rep0_1315_1_route0_01_10_00_08_54/page_000.jpg,AutoMoT/keyframe_filter/collection_output/r2_rgb_route_sheets_20260708/route_sheets/ConstructionObstacleTwoWays/Town13_Rep0_1315_1_route0_01_10_00_08_54,,
ConstructionObstacleTwoWays,Town13_Rep0_1315_1_route0_01_11_14_24_59,597,,,,,,,,True,written,AutoMoT/keyframe_filter/collection_output/r2_rgb_route_sheets_20260708/route_sheets/ConstructionObstacleTwoWays/Town13_Rep0_1315_1_route0_01_11_14_24_59/page_000.jpg,AutoMoT/keyframe_filter/collection_output/r2_rgb_route_sheets_20260708/route_sheets/ConstructionObstacleTwoWays/Town13_Rep0_1315_1_route0_01_11_14_24_59,,
ConstructionObstacleTwoWays,Town13_Rep0_1323_0_route0_01_10_22_31_08,549,,,,,,,,True,written,AutoMoT/keyframe_filter/collection_output/r2_rgb_route_sheets_20260708/route_sheets/ConstructionObstacleTwoWays/Town13_Rep0_1323_0_route0_01_10_22_31_08/page_000.jpg,AutoMoT/keyframe_filter/collection_output/r2_rgb_route_sheets_20260708/route_sheets/ConstructionObstacleTwoWays/Town13_Rep0_1323_0_route0_01_10_22_31_08,,
ConstructionObstacleTwoWays,Town13_Rep0_1364_0_route0_01_10_16_01_15,563,,,,,,,,True,written,AutoMoT/keyframe_filter/collection_output/r2_rgb_route_sheets_20260708/route_sheets/ConstructionObstacleTwoWays/Town13_Rep0_1364_0_route0_01_10_16_01_15/page_000.jpg,AutoMoT/keyframe_filter/collection_output/r2_rgb_route_sheets_20260708/route_sheets/ConstructionObstacleTwoWays/Town13_Rep0_1364_0_route0_01_10_16_01_15,,
ConstructionObstacleTwoWays,Town13_Rep0_1541_1_route0_01_10_18_37_24,486,,,,,,,,True,written,AutoMoT/keyframe_filter/collection_output/r2_rgb_route_sheets_20260708/route_sheets/ConstructionObstacleTwoWays/Town13_Rep0_1541_1_route0_01_10_18_37_24/page_000.jpg,AutoMoT/keyframe_filter/collection_output/r2_rgb_route_sheets_20260708/route_sheets/ConstructionObstacleTwoWays/Town13_Rep0_1541_1_route0_01_10_18_37_24,,
ConstructionObstacleTwoWays,Town13_Rep0_route_001251_route0_01_10_21_22_45,374,,,,,,,,True,written,AutoMoT/keyframe_filter/collection_output/r2_rgb_route_sheets_20260708/route_sheets/ConstructionObstacleTwoWays/Town13_Rep0_route_001251_route0_01_10_21_22_45/page_000.jpg,AutoMoT/keyframe_filter/collection_output/r2_rgb_route_sheets_20260708/route_sheets/ConstructionObstacleTwoWays/Town13_Rep0_route_001251_route0_01_10_21_22_45,,
ConstructionObstacleTwoWays,Town13_Rep0_route_001253_route0_01_10_12_32_55,369,,,,,,,,True,written,AutoMoT/keyframe_filter/collection_output/r2_rgb_route_sheets_20260708/route_sheets/ConstructionObstacleTwoWays/Town13_Rep0_route_001253_route0_01_10_12_32_55/page_000.jpg,AutoMoT/keyframe_filter/collection_output/r2_rgb_route_sheets_20260708/route_sheets/ConstructionObstacleTwoWays/Town13_Rep0_route_001253_route0_01_10_12_32_55,,
ConstructionObstacleTwoWays,Town13_Rep0_route_001254_route0_01_09_10_28_25,372,,,,,,,,True,written,AutoMoT/keyframe_filter/collection_output/r2_rgb_route_sheets_20260708/route_sheets/ConstructionObstacleTwoWays/Town13_Rep0_route_001254_route0_01_09_10_28_25/page_000.jpg,AutoMoT/keyframe_filter/collection_output/r2_rgb_route_sheets_20260708/route_sheets/ConstructionObstacleTwoWays/Town13_Rep0_route_001254_route0_01_09_10_28_25,,
ConstructionObstacleTwoWays,Town13_Rep0_route_001256_route0_01_08_04_59_31,370,,,,,,,,True,written,AutoMoT/keyframe_filter/collection_output/r2_rgb_route_sheets_20260708/route_sheets/ConstructionObstacleTwoWays/Town13_Rep0_route_001256_route0_01_08_04_59_31/page_000.jpg,AutoMoT/keyframe_filter/collection_output/r2_rgb_route_sheets_20260708/route_sheets/ConstructionObstacleTwoWays/Town13_Rep0_route_001256_route0_01_08_04_59_31,,
ConstructionObstacleTwoWays,Town13_Rep0_route_001256_route0_01_11_04_34_32,371,,,,,,,,True,written,AutoMoT/keyframe_filter/collection_output/r2_rgb_route_sheets_20260708/route_sheets/ConstructionObstacleTwoWays/Town13_Rep0_route_001256_route0_01_11_04_34_32/page_000.jpg,AutoMoT/keyframe_filter/collection_output/r2_rgb_route_sheets_20260708/route_sheets/ConstructionObstacleTwoWays/Town13_Rep0_route_001256_route0_01_11_04_34_32,,
ConstructionObstacleTwoWays,Town13_Rep0_route_001258_route0_01_08_07_13_49,369,,,,,,,,True,written,AutoMoT/keyframe_filter/collection_output/r2_rgb_route_sheets_20260708/route_sheets/ConstructionObstacleTwoWays/Town13_Rep0_route_001258_route0_01_08_07_13_49/page_000.jpg,AutoMoT/keyframe_filter/collection_output/r2_rgb_route_sheets_20260708/route_sheets/ConstructionObstacleTwoWays/Town13_Rep0_route_001258_route0_01_08_07_13_49,,
ConstructionObstacleTwoWays,Town13_Rep0_route_001260_route0_01_09_14_53_23,438,,,,,,,,True,written,AutoMoT/keyframe_filter/collection_output/r2_rgb_route_sheets_20260708/route_sheets/ConstructionObstacleTwoWays/Town13_Rep0_route_001260_route0_01_09_14_53_23/page_000.jpg,AutoMoT/keyframe_filter/collection_output/r2_rgb_route_sheets_20260708/route_sheets/ConstructionObstacleTwoWays/Town13_Rep0_route_001260_route0_01_09_14_53_23,,
ConstructionObstacleTwoWays,Town13_Rep0_route_001262_route0_01_10_14_36_53,430,,,,,,,,True,written,AutoMoT/keyframe_filter/collection_output/r2_rgb_route_sheets_20260708/route_sheets/ConstructionObstacleTwoWays/Town13_Rep0_route_001262_route0_01_10_14_36_53/page_000.jpg,AutoMoT/keyframe_filter/collection_output/r2_rgb_route_sheets_20260708/route_sheets/ConstructionObstacleTwoWays/Town13_Rep0_route_001262_route0_01_10_14_36_53,,
ConstructionObstacleTwoWays,Town13_Rep0_route_001268_route0_01_08_10_07_55,427,,,,,,,,True,written,AutoMoT/keyframe_filter/collection_output/r2_rgb_route_sheets_20260708/route_sheets/ConstructionObstacleTwoWays/Town13_Rep0_route_001268_route0_01_08_10_07_55/page_000.jpg,AutoMoT/keyframe_filter/collection_output/r2_rgb_route_sheets_20260708/route_sheets/ConstructionObstacleTwoWays/Town13_Rep0_route_001268_route0_01_08_10_07_55,,
ConstructionObstacleTwoWays,Town13_Rep0_route_001268_route0_01_11_05_22_19,425,,,,,,,,True,written,AutoMoT/keyframe_filter/collection_output/r2_rgb_route_sheets_20260708/route_sheets/ConstructionObstacleTwoWays/Town13_Rep0_route_001268_route0_01_11_05_22_19/page_000.jpg,AutoMoT/keyframe_filter/collection_output/r2_rgb_route_sheets_20260708/route_sheets/ConstructionObstacleTwoWays/Town13_Rep0_route_001268_route0_01_11_05_22_19,,
ConstructionObstacleTwoWays,Town13_Rep0_route_001269_route0_01_08_02_24_07,374,,,,,,,,True,written,AutoMoT/keyframe_filter/collection_output/r2_rgb_route_sheets_20260708/route_sheets/ConstructionObstacleTwoWays/Town13_Rep0_route_001269_route0_01_08_02_24_07/page_000.jpg,AutoMoT/keyframe_filter/collection_output/r2_rgb_route_sheets_20260708/route_sheets/ConstructionObstacleTwoWays/Town13_Rep0_route_001269_route0_01_08_02_24_07,,
ConstructionObstacleTwoWays,Town13_Rep0_route_003014_route0_01_09_11_11_10,396,,,,,,,,True,written,AutoMoT/keyframe_filter/collection_output/r2_rgb_route_sheets_20260708/route_sheets/ConstructionObstacleTwoWays/Town13_Rep0_route_003014_route0_01_09_11_11_10/page_000.jpg,AutoMoT/keyframe_filter/collection_output/r2_rgb_route_sheets_20260708/route_sheets/ConstructionObstacleTwoWays/Town13_Rep0_route_003014_route0_01_09_11_11_10,,
ConstructionObstacleTwoWays,Town13_Rep0_route_003017_route0_01_10_04_40_00,424,,,,,,,,True,written,AutoMoT/keyframe_filter/collection_output/r2_rgb_route_sheets_20260708/route_sheets/ConstructionObstacleTwoWays/Town13_Rep0_route_003017_route0_01_10_04_40_00/page_000.jpg,AutoMoT/keyframe_filter/collection_output/r2_rgb_route_sheets_20260708/route_sheets/ConstructionObstacleTwoWays/Town13_Rep0_route_003017_route0_01_10_04_40_00,,
ConstructionObstacleTwoWays,Town13_Rep0_route_003020_route0_01_10_10_54_04,506,,,,,,,,True,written,AutoMoT/keyframe_filter/collection_output/r2_rgb_route_sheets_20260708/route_sheets/ConstructionObstacleTwoWays/Town13_Rep0_route_003020_route0_01_10_10_54_04/page_000.jpg,AutoMoT/keyframe_filter/collection_output/r2_rgb_route_sheets_20260708/route_sheets/ConstructionObstacleTwoWays/Town13_Rep0_route_003020_route0_01_10_10_54_04,,
ConstructionObstacleTwoWays,Town13_Rep0_route_003022_route0_01_10_03_13_42,404,,,,,,,,True,written,AutoMoT/keyframe_filter/collection_output/r2_rgb_route_sheets_20260708/route_sheets/ConstructionObstacleTwoWays/Town13_Rep0_route_003022_route0_01_10_03_13_42/page_000.jpg,AutoMoT/keyframe_filter/collection_output/r2_rgb_route_sheets_20260708/route_sheets/ConstructionObstacleTwoWays/Town13_Rep0_route_003022_route0_01_10_03_13_42,,
ConstructionObstacleTwoWays,Town13_Rep0_route_003022_route0_01_11_14_47_36,441,,,,,,,,True,written,AutoMoT/keyframe_filter/collection_output/r2_rgb_route_sheets_20260708/route_sheets/ConstructionObstacleTwoWays/Town13_Rep0_route_003022_route0_01_11_14_47_36/page_000.jpg,AutoMoT/keyframe_filter/collection_output/r2_rgb_route_sheets_20260708/route_sheets/ConstructionObstacleTwoWays/Town13_Rep0_route_003022_route0_01_11_14_47_36,,
ConstructionObstacleTwoWays,Town13_Rep0_route_003023_route0_01_11_05_28_54,402,,,,,,,,True,written,AutoMoT/keyframe_filter/collection_output/r2_rgb_route_sheets_20260708/route_sheets/ConstructionObstacleTwoWays/Town13_Rep0_route_003023_route0_01_11_05_28_54/page_000.jpg,AutoMoT/keyframe_filter/collection_output/r2_rgb_route_sheets_20260708/route_sheets/ConstructionObstacleTwoWays/Town13_Rep0_route_003023_route0_01_11_05_28_54,,
ConstructionObstacleTwoWays,Town13_Rep0_route_003027_route0_01_09_07_28_56,406,,,,,,,,True,written,AutoMoT/keyframe_filter/collection_output/r2_rgb_route_sheets_20260708/route_sheets/ConstructionObstacleTwoWays/Town13_Rep0_route_003027_route0_01_09_07_28_56/page_000.jpg,AutoMoT/keyframe_filter/collection_output/r2_rgb_route_sheets_20260708/route_sheets/ConstructionObstacleTwoWays/Town13_Rep0_route_003027_route0_01_09_07_28_56,,
ConstructionObstacleTwoWays,Town13_Rep0_route_003027_route0_01_11_09_14_33,421,,,,,,,,True,written,AutoMoT/keyframe_filter/collection_output/r2_rgb_route_sheets_20260708/route_sheets/ConstructionObstacleTwoWays/Town13_Rep0_route_003027_route0_01_11_09_14_33/page_000.jpg,AutoMoT/keyframe_filter/collection_output/r2_rgb_route_sheets_20260708/route_sheets/ConstructionObstacleTwoWays/Town13_Rep0_route_003027_route0_01_11_09_14_33,,
ConstructionObstacleTwoWays,Town13_Rep0_route_003033_route0_01_11_01_41_12,440,,,,,,,,True,written,AutoMoT/keyframe_filter/collection_output/r2_rgb_route_sheets_20260708/route_sheets/ConstructionObstacleTwoWays/Town13_Rep0_route_003033_route0_01_11_01_41_12/page_000.jpg,AutoMoT/keyframe_filter/collection_output/r2_rgb_route_sheets_20260708/route_sheets/ConstructionObstacleTwoWays/Town13_Rep0_route_003033_route0_01_11_01_41_12,,
ConstructionObstacleTwoWays,Town13_Rep0_route_003034_route0_01_10_00_34_34,438,,,,,,,,True,written,AutoMoT/keyframe_filter/collection_output/r2_rgb_route_sheets_20260708/route_sheets/ConstructionObstacleTwoWays/Town13_Rep0_route_003034_route0_01_10_00_34_34/page_000.jpg,AutoMoT/keyframe_filter/collection_output/r2_rgb_route_sheets_20260708/route_sheets/ConstructionObstacleTwoWays/Town13_Rep0_route_003034_route0_01_10_00_34_34,,
ConstructionObstacleTwoWays,Town13_Rep0_route_003034_route0_01_11_14_28_40,449,,,,,,,,True,written,AutoMoT/keyframe_filter/collection_output/r2_rgb_route_sheets_20260708/route_sheets/ConstructionObstacleTwoWays/Town13_Rep0_route_003034_route0_01_11_14_28_40/page_000.jpg,AutoMoT/keyframe_filter/collection_output/r2_rgb_route_sheets_20260708/route_sheets/ConstructionObstacleTwoWays/Town13_Rep0_route_003034_route0_01_11_14_28_40,,
ConstructionObstacleTwoWays,Town13_Rep0_route_003036_route0_01_09_18_10_21,410,,,,,,,,True,written,AutoMoT/keyframe_filter/collection_output/r2_rgb_route_sheets_20260708/route_sheets/ConstructionObstacleTwoWays/Town13_Rep0_route_003036_route0_01_09_18_10_21/page_000.jpg,AutoMoT/keyframe_filter/collection_output/r2_rgb_route_sheets_20260708/route_sheets/ConstructionObstacleTwoWays/Town13_Rep0_route_003036_route0_01_09_18_10_21,,
ConstructionObstacleTwoWays,Town13_Rep0_route_003036_route0_01_11_13_13_39,438,,,,,,,,True,written,AutoMoT/keyframe_filter/collection_output/r2_rgb_route_sheets_20260708/route_sheets/ConstructionObstacleTwoWays/Town13_Rep0_route_003036_route0_01_11_13_13_39/page_000.jpg,AutoMoT/keyframe_filter/collection_output/r2_rgb_route_sheets_20260708/route_sheets/ConstructionObstacleTwoWays/Town13_Rep0_route_003036_route0_01_11_13_13_39,,
ConstructionObstacleTwoWays,Town13_Rep0_route_003045_route0_01_07_21_30_26,434,,,,,,,,True,written,AutoMoT/keyframe_filter/collection_output/r2_rgb_route_sheets_20260708/route_sheets/ConstructionObstacleTwoWays/Town13_Rep0_route_003045_route0_01_07_21_30_26/page_000.jpg,AutoMoT/keyframe_filter/collection_output/r2_rgb_route_sheets_20260708/route_sheets/ConstructionObstacleTwoWays/Town13_Rep0_route_003045_route0_01_07_21_30_26,,
ConstructionObstacleTwoWays,Town13_Rep0_route_003045_route0_01_11_04_14_35,432,,,,,,,,True,written,AutoMoT/keyframe_filter/collection_output/r2_rgb_route_sheets_20260708/route_sheets/ConstructionObstacleTwoWays/Town13_Rep0_route_003045_route0_01_11_04_14_35/page_000.jpg,AutoMoT/keyframe_filter/collection_output/r2_rgb_route_sheets_20260708/route_sheets/ConstructionObstacleTwoWays/Town13_Rep0_route_003045_route0_01_11_04_14_35,,
ConstructionObstacleTwoWays,Town13_Rep0_route_003050_route0_01_09_15_24_08,372,,,,,,,,True,written,AutoMoT/keyframe_filter/collection_output/r2_rgb_route_sheets_20260708/route_sheets/ConstructionObstacleTwoWays/Town13_Rep0_route_003050_route0_01_09_15_24_08/page_000.jpg,AutoMoT/keyframe_filter/collection_output/r2_rgb_route_sheets_20260708/route_sheets/ConstructionObstacleTwoWays/Town13_Rep0_route_003050_route0_01_09_15_24_08,,
ConstructionObstacleTwoWays,Town13_Rep0_route_003050_route0_01_11_12_00_02,367,,,,,,,,True,written,AutoMoT/keyframe_filter/collection_output/r2_rgb_route_sheets_20260708/route_sheets/ConstructionObstacleTwoWays/Town13_Rep0_route_003050_route0_01_11_12_00_02/page_000.jpg,AutoMoT/keyframe_filter/collection_output/r2_rgb_route_sheets_20260708/route_sheets/ConstructionObstacleTwoWays/Town13_Rep0_route_003050_route0_01_11_12_00_02,,
ConstructionObstacleTwoWays,Town13_Rep0_route_003052_route0_01_10_16_41_01,442,,,,,,,,True,written,AutoMoT/keyframe_filter/collection_output/r2_rgb_route_sheets_20260708/route_sheets/ConstructionObstacleTwoWays/Town13_Rep0_route_003052_route0_01_10_16_41_01/page_000.jpg,AutoMoT/keyframe_filter/collection_output/r2_rgb_route_sheets_20260708/route_sheets/ConstructionObstacleTwoWays/Town13_Rep0_route_003052_route0_01_10_16_41_01,,
ConstructionObstacleTwoWays,Town13_Rep0_route_003057_route0_01_10_05_57_22,373,,,,,,,,True,written,AutoMoT/keyframe_filter/collection_output/r2_rgb_route_sheets_20260708/route_sheets/ConstructionObstacleTwoWays/Town13_Rep0_route_003057_route0_01_10_05_57_22/page_000.jpg,AutoMoT/keyframe_filter/collection_output/r2_rgb_route_sheets_20260708/route_sheets/ConstructionObstacleTwoWays/Town13_Rep0_route_003057_route0_01_10_05_57_22,,
ConstructionObstacleTwoWays,Town13_Rep0_route_003057_route0_01_11_15_32_22,392,,,,,,,,True,written,AutoMoT/keyframe_filter/collection_output/r2_rgb_route_sheets_20260708/route_sheets/ConstructionObstacleTwoWays/Town13_Rep0_route_003057_route0_01_11_15_32_22/page_000.jpg,AutoMoT/keyframe_filter/collection_output/r2_rgb_route_sheets_20260708/route_sheets/ConstructionObstacleTwoWays/Town13_Rep0_route_003057_route0_01_11_15_32_22,,
ConstructionObstacleTwoWays,Town13_Rep0_route_003199_route0_01_10_13_42_02,399,,,,,,,,True,written,AutoMoT/keyframe_filter/collection_output/r2_rgb_route_sheets_20260708/route_sheets/ConstructionObstacleTwoWays/Town13_Rep0_route_003199_route0_01_10_13_42_02/page_000.jpg,AutoMoT/keyframe_filter/collection_output/r2_rgb_route_sheets_20260708/route_sheets/ConstructionObstacleTwoWays/Town13_Rep0_route_003199_route0_01_10_13_42_02,,
ConstructionObstacleTwoWays,Town15_Rep0_route_001082_route0_01_08_16_23_08,624,,,,,,,,True,written,AutoMoT/keyframe_filter/collection_output/r2_rgb_route_sheets_20260708/route_sheets/ConstructionObstacleTwoWays/Town15_Rep0_route_001082_route0_01_08_16_23_08/page_000.jpg,AutoMoT/keyframe_filter/collection_output/r2_rgb_route_sheets_20260708/route_sheets/ConstructionObstacleTwoWays/Town15_Rep0_route_001082_route0_01_08_16_23_08,,
ConstructionObstacleTwoWays,Town15_Rep0_route_001082_route0_01_11_06_28_25,642,,,,,,,,True,written,AutoMoT/keyframe_filter/collection_output/r2_rgb_route_sheets_20260708/route_sheets/ConstructionObstacleTwoWays/Town15_Rep0_route_001082_route0_01_11_06_28_25/page_000.jpg,AutoMoT/keyframe_filter/collection_output/r2_rgb_route_sheets_20260708/route_sheets/ConstructionObstacleTwoWays/Town15_Rep0_route_001082_route0_01_11_06_28_25,,
ConstructionObstacleTwoWays,Town15_Rep0_route_001109_route0_01_08_17_04_18,588,,,,,,,,True,written,AutoMoT/keyframe_filter/collection_output/r2_rgb_route_sheets_20260708/route_sheets/ConstructionObstacleTwoWays/Town15_Rep0_route_001109_route0_01_08_17_04_18/page_000.jpg,AutoMoT/keyframe_filter/collection_output/r2_rgb_route_sheets_20260708/route_sheets/ConstructionObstacleTwoWays/Town15_Rep0_route_001109_route0_01_08_17_04_18,,
ConstructionObstacleTwoWays,Town15_Rep0_route_001109_route0_01_11_06_38_16,591,,,,,,,,True,written,AutoMoT/keyframe_filter/collection_output/r2_rgb_route_sheets_20260708/route_sheets/ConstructionObstacleTwoWays/Town15_Rep0_route_001109_route0_01_11_06_38_16/page_000.jpg,AutoMoT/keyframe_filter/collection_output/r2_rgb_route_sheets_20260708/route_sheets/ConstructionObstacleTwoWays/Town15_Rep0_route_001109_route0_01_11_06_38_16,,
ConstructionObstacleTwoWays,Town15_Rep0_route_001111_route0_01_08_14_16_54,544,,,,,,,,True,written,AutoMoT/keyframe_filter/collection_output/r2_rgb_route_sheets_20260708/route_sheets/ConstructionObstacleTwoWays/Town15_Rep0_route_001111_route0_01_08_14_16_54/page_000.jpg,AutoMoT/keyframe_filter/collection_output/r2_rgb_route_sheets_20260708/route_sheets/ConstructionObstacleTwoWays/Town15_Rep0_route_001111_route0_01_08_14_16_54,,
ConstructionObstacleTwoWays,Town15_Rep0_route_001125_route0_01_09_08_56_08,470,,,,,,,,True,written,AutoMoT/keyframe_filter/collection_output/r2_rgb_route_sheets_20260708/route_sheets/ConstructionObstacleTwoWays/Town15_Rep0_route_001125_route0_01_09_08_56_08/page_000.jpg,AutoMoT/keyframe_filter/collection_output/r2_rgb_route_sheets_20260708/route_sheets/ConstructionObstacleTwoWays/Town15_Rep0_route_001125_route0_01_09_08_56_08,,
ConstructionObstacleTwoWays,Town15_Rep0_route_001125_route0_01_11_09_27_29,484,,,,,,,,True,written,AutoMoT/keyframe_filter/collection_output/r2_rgb_route_sheets_20260708/route_sheets/ConstructionObstacleTwoWays/Town15_Rep0_route_001125_route0_01_11_09_27_29/page_000.jpg,AutoMoT/keyframe_filter/collection_output/r2_rgb_route_sheets_20260708/route_sheets/ConstructionObstacleTwoWays/Town15_Rep0_route_001125_route0_01_11_09_27_29,,
ConstructionObstacleTwoWays,Town15_Rep0_route_001199_route0_01_09_23_00_57,612,,,,,,,,True,written,AutoMoT/keyframe_filter/collection_output/r2_rgb_route_sheets_20260708/route_sheets/ConstructionObstacleTwoWays/Town15_Rep0_route_001199_route0_01_09_23_00_57/page_000.jpg,AutoMoT/keyframe_filter/collection_output/r2_rgb_route_sheets_20260708/route_sheets/ConstructionObstacleTwoWays/Town15_Rep0_route_001199_route0_01_09_23_00_57,,
ConstructionObstacleTwoWays,Town15_Rep0_route_001199_route0_01_11_13_56_26,596,,,,,,,,True,written,AutoMoT/keyframe_filter/collection_output/r2_rgb_route_sheets_20260708/route_sheets/ConstructionObstacleTwoWays/Town15_Rep0_route_001199_route0_01_11_13_56_26/page_000.jpg,AutoMoT/keyframe_filter/collection_output/r2_rgb_route_sheets_20260708/route_sheets/ConstructionObstacleTwoWays/Town15_Rep0_route_001199_route0_01_11_13_56_26,,
ConstructionObstacleTwoWays,Town15_Rep0_route_001215_route0_01_08_09_28_45,468,,,,,,,,True,written,AutoMoT/keyframe_filter/collection_output/r2_rgb_route_sheets_20260708/route_sheets/ConstructionObstacleTwoWays/Town15_Rep0_route_001215_route0_01_08_09_28_45/page_000.jpg,AutoMoT/keyframe_filter/collection_output/r2_rgb_route_sheets_20260708/route_sheets/ConstructionObstacleTwoWays/Town15_Rep0_route_001215_route0_01_08_09_28_45,,
ConstructionObstacleTwoWays,Town15_Rep0_route_001225_route0_01_08_15_48_16,608,,,,,,,,True,written,AutoMoT/keyframe_filter/collection_output/r2_rgb_route_sheets_20260708/route_sheets/ConstructionObstacleTwoWays/Town15_Rep0_route_001225_route0_01_08_15_48_16/page_000.jpg,AutoMoT/keyframe_filter/collection_output/r2_rgb_route_sheets_20260708/route_sheets/ConstructionObstacleTwoWays/Town15_Rep0_route_001225_route0_01_08_15_48_16,,
ConstructionObstacleTwoWays,Town15_Rep0_route_001241_route0_01_10_18_30_08,473,,,,,,,,True,written,AutoMoT/keyframe_filter/collection_output/r2_rgb_route_sheets_20260708/route_sheets/ConstructionObstacleTwoWays/Town15_Rep0_route_001241_route0_01_10_18_30_08/page_000.jpg,AutoMoT/keyframe_filter/collection_output/r2_rgb_route_sheets_20260708/route_sheets/ConstructionObstacleTwoWays/Town15_Rep0_route_001241_route0_01_10_18_30_08,,
ConstructionObstacleTwoWays,Town15_Rep0_route_001294_route0_01_09_07_32_45,609,,,,,,,,True,written,AutoMoT/keyframe_filter/collection_output/r2_rgb_route_sheets_20260708/route_sheets/ConstructionObstacleTwoWays/Town15_Rep0_route_001294_route0_01_09_07_32_45/page_000.jpg,AutoMoT/keyframe_filter/collection_output/r2_rgb_route_sheets_20260708/route_sheets/ConstructionObstacleTwoWays/Town15_Rep0_route_001294_route0_01_09_07_32_45,,
ConstructionObstacleTwoWays,Town15_Rep0_route_001294_route0_01_11_09_16_54,615,,,,,,,,True,written,AutoMoT/keyframe_filter/collection_output/r2_rgb_route_sheets_20260708/route_sheets/ConstructionObstacleTwoWays/Town15_Rep0_route_001294_route0_01_11_09_16_54/page_000.jpg,AutoMoT/keyframe_filter/collection_output/r2_rgb_route_sheets_20260708/route_sheets/ConstructionObstacleTwoWays/Town15_Rep0_route_001294_route0_01_11_09_16_54,,
ConstructionObstacleTwoWays,Town15_Rep0_route_001303_route0_01_10_01_18_35,628,,,,,,,,True,written,AutoMoT/keyframe_filter/collection_output/r2_rgb_route_sheets_20260708/route_sheets/ConstructionObstacleTwoWays/Town15_Rep0_route_001303_route0_01_10_01_18_35/page_000.jpg,AutoMoT/keyframe_filter/collection_output/r2_rgb_route_sheets_20260708/route_sheets/ConstructionObstacleTwoWays/Town15_Rep0_route_001303_route0_01_10_01_18_35,,
ConstructionObstacleTwoWays,Town15_Rep0_route_001303_route0_01_11_14_28_00,649,,,,,,,,True,written,AutoMoT/keyframe_filter/collection_output/r2_rgb_route_sheets_20260708/route_sheets/ConstructionObstacleTwoWays/Town15_Rep0_route_001303_route0_01_11_14_28_00/page_000.jpg,AutoMoT/keyframe_filter/collection_output/r2_rgb_route_sheets_20260708/route_sheets/ConstructionObstacleTwoWays/Town15_Rep0_route_001303_route0_01_11_14_28_00,,
ConstructionObstacleTwoWays,Town15_Rep0_route_001306_route0_01_11_02_09_53,707,,,,,,,,True,written,AutoMoT/keyframe_filter/collection_output/r2_rgb_route_sheets_20260708/route_sheets/ConstructionObstacleTwoWays/Town15_Rep0_route_001306_route0_01_11_02_09_53/page_000.jpg,AutoMoT/keyframe_filter/collection_output/r2_rgb_route_sheets_20260708/route_sheets/ConstructionObstacleTwoWays/Town15_Rep0_route_001306_route0_01_11_02_09_53,,
ConstructionObstacleTwoWays,Town15_Rep0_route_001310_route0_01_09_04_58_13,489,,,,,,,,True,written,AutoMoT/keyframe_filter/collection_output/r2_rgb_route_sheets_20260708/route_sheets/ConstructionObstacleTwoWays/Town15_Rep0_route_001310_route0_01_09_04_58_13/page_000.jpg,AutoMoT/keyframe_filter/collection_output/r2_rgb_route_sheets_20260708/route_sheets/ConstructionObstacleTwoWays/Town15_Rep0_route_001310_route0_01_09_04_58_13,,
ConstructionObstacleTwoWays,Town15_Rep0_route_001310_route0_01_11_08_40_59,508,,,,,,,,True,written,AutoMoT/keyframe_filter/collection_output/r2_rgb_route_sheets_20260708/route_sheets/ConstructionObstacleTwoWays/Town15_Rep0_route_001310_route0_01_11_08_40_59/page_000.jpg,AutoMoT/keyframe_filter/collection_output/r2_rgb_route_sheets_20260708/route_sheets/ConstructionObstacleTwoWays/Town15_Rep0_route_001310_route0_01_11_08_40_59,,
ConstructionObstacleTwoWays,Town15_Rep0_route_001321_route0_01_09_23_19_33,558,,,,,,,,True,written,AutoMoT/keyframe_filter/collection_output/r2_rgb_route_sheets_20260708/route_sheets/ConstructionObstacleTwoWays/Town15_Rep0_route_001321_route0_01_09_23_19_33/page_000.jpg,AutoMoT/keyframe_filter/collection_output/r2_rgb_route_sheets_20260708/route_sheets/ConstructionObstacleTwoWays/Town15_Rep0_route_001321_route0_01_09_23_19_33,,
ConstructionObstacleTwoWays,Town15_Rep0_route_001321_route0_01_11_14_11_30,618,,,,,,,,True,written,AutoMoT/keyframe_filter/collection_output/r2_rgb_route_sheets_20260708/route_sheets/ConstructionObstacleTwoWays/Town15_Rep0_route_001321_route0_01_11_14_11_30/page_000.jpg,AutoMoT/keyframe_filter/collection_output/r2_rgb_route_sheets_20260708/route_sheets/ConstructionObstacleTwoWays/Town15_Rep0_route_001321_route0_01_11_14_11_30,,
ConstructionObstacleTwoWays,Town15_Rep0_route_001325_route0_01_09_13_41_31,462,,,,,,,,True,written,AutoMoT/keyframe_filter/collection_output/r2_rgb_route_sheets_20260708/route_sheets/ConstructionObstacleTwoWays/Town15_Rep0_route_001325_route0_01_09_13_41_31/page_000.jpg,AutoMoT/keyframe_filter/collection_output/r2_rgb_route_sheets_20260708/route_sheets/ConstructionObstacleTwoWays/Town15_Rep0_route_001325_route0_01_09_13_41_31,,
ConstructionObstacleTwoWays,Town15_Rep0_route_001325_route0_01_11_10_56_57,465,,,,,,,,True,written,AutoMoT/keyframe_filter/collection_output/r2_rgb_route_sheets_20260708/route_sheets/ConstructionObstacleTwoWays/Town15_Rep0_route_001325_route0_01_11_10_56_57/page_000.jpg,AutoMoT/keyframe_filter/collection_output/r2_rgb_route_sheets_20260708/route_sheets/ConstructionObstacleTwoWays/Town15_Rep0_route_001325_route0_01_11_10_56_57,,
HazardAtSideLaneTwoWays,Town12_Rep0_498_0_route0_01_10_09_31_56,345,,,,,,,,False,written,AutoMoT/keyframe_filter/collection_output/r2_rgb_route_sheets_20260708/route_sheets/HazardAtSideLaneTwoWays/Town12_Rep0_498_0_route0_01_10_09_31_56/page_000.jpg,AutoMoT/keyframe_filter/collection_output/r2_rgb_route_sheets_20260708/route_sheets/HazardAtSideLaneTwoWays/Town12_Rep0_498_0_route0_01_10_09_31_56,,
HazardAtSideLaneTwoWays,Town12_Rep0_806_0_route0_01_09_23_51_56,424,,,,,,,,True,written,AutoMoT/keyframe_filter/collection_output/r2_rgb_route_sheets_20260708/route_sheets/HazardAtSideLaneTwoWays/Town12_Rep0_806_0_route0_01_09_23_51_56/page_000.jpg,AutoMoT/keyframe_filter/collection_output/r2_rgb_route_sheets_20260708/route_sheets/HazardAtSideLaneTwoWays/Town12_Rep0_806_0_route0_01_09_23_51_56,,
HazardAtSideLaneTwoWays,Town12_Rep0_806_0_route0_01_11_14_16_48,456,,,,,,,,True,written,AutoMoT/keyframe_filter/collection_output/r2_rgb_route_sheets_20260708/route_sheets/HazardAtSideLaneTwoWays/Town12_Rep0_806_0_route0_01_11_14_16_48/page_000.jpg,AutoMoT/keyframe_filter/collection_output/r2_rgb_route_sheets_20260708/route_sheets/HazardAtSideLaneTwoWays/Town12_Rep0_806_0_route0_01_11_14_16_48,,
HazardAtSideLaneTwoWays,Town13_Rep0_1340_0_route0_01_10_14_10_49,700,,,,,,,,True,written,AutoMoT/keyframe_filter/collection_output/r2_rgb_route_sheets_20260708/route_sheets/HazardAtSideLaneTwoWays/Town13_Rep0_1340_0_route0_01_10_14_10_49/page_000.jpg,AutoMoT/keyframe_filter/collection_output/r2_rgb_route_sheets_20260708/route_sheets/HazardAtSideLaneTwoWays/Town13_Rep0_1340_0_route0_01_10_14_10_49,,
HazardAtSideLaneTwoWays,Town13_Rep0_1340_1_route0_01_10_18_52_53,647,,,,,,,,True,written,AutoMoT/keyframe_filter/collection_output/r2_rgb_route_sheets_20260708/route_sheets/HazardAtSideLaneTwoWays/Town13_Rep0_1340_1_route0_01_10_18_52_53/page_000.jpg,AutoMoT/keyframe_filter/collection_output/r2_rgb_route_sheets_20260708/route_sheets/HazardAtSideLaneTwoWays/Town13_Rep0_1340_1_route0_01_10_18_52_53,,
HazardAtSideLaneTwoWays,Town13_Rep0_1340_2_route0_01_09_16_55_40,638,,,,,,,,True,written,AutoMoT/keyframe_filter/collection_output/r2_rgb_route_sheets_20260708/route_sheets/HazardAtSideLaneTwoWays/Town13_Rep0_1340_2_route0_01_09_16_55_40/page_000.jpg,AutoMoT/keyframe_filter/collection_output/r2_rgb_route_sheets_20260708/route_sheets/HazardAtSideLaneTwoWays/Town13_Rep0_1340_2_route0_01_09_16_55_40,,
HazardAtSideLaneTwoWays,Town13_Rep0_1340_2_route0_01_11_12_21_56,658,,,,,,,,True,written,AutoMoT/keyframe_filter/collection_output/r2_rgb_route_sheets_20260708/route_sheets/HazardAtSideLaneTwoWays/Town13_Rep0_1340_2_route0_01_11_12_21_56/page_000.jpg,AutoMoT/keyframe_filter/collection_output/r2_rgb_route_sheets_20260708/route_sheets/HazardAtSideLaneTwoWays/Town13_Rep0_1340_2_route0_01_11_12_21_56,,
HazardAtSideLaneTwoWays,Town13_Rep0_1404_0_route0_01_08_19_22_46,524,,,,,,,,True,written,AutoMoT/keyframe_filter/collection_output/r2_rgb_route_sheets_20260708/route_sheets/HazardAtSideLaneTwoWays/Town13_Rep0_1404_0_route0_01_08_19_22_46/page_000.jpg,AutoMoT/keyframe_filter/collection_output/r2_rgb_route_sheets_20260708/route_sheets/HazardAtSideLaneTwoWays/Town13_Rep0_1404_0_route0_01_08_19_22_46,,
HazardAtSideLaneTwoWays,Town13_Rep0_1404_0_route0_01_11_06_46_00,559,,,,,,,,True,written,AutoMoT/keyframe_filter/collection_output/r2_rgb_route_sheets_20260708/route_sheets/HazardAtSideLaneTwoWays/Town13_Rep0_1404_0_route0_01_11_06_46_00/page_000.jpg,AutoMoT/keyframe_filter/collection_output/r2_rgb_route_sheets_20260708/route_sheets/HazardAtSideLaneTwoWays/Town13_Rep0_1404_0_route0_01_11_06_46_00,,
HazardAtSideLaneTwoWays,Town13_Rep0_1629_0_route0_01_09_20_40_25,648,,,,,,,,True,written,AutoMoT/keyframe_filter/collection_output/r2_rgb_route_sheets_20260708/route_sheets/HazardAtSideLaneTwoWays/Town13_Rep0_1629_0_route0_01_09_20_40_25/page_000.jpg,AutoMoT/keyframe_filter/collection_output/r2_rgb_route_sheets_20260708/route_sheets/HazardAtSideLaneTwoWays/Town13_Rep0_1629_0_route0_01_09_20_40_25,,
HazardAtSideLaneTwoWays,Town13_Rep0_1629_0_route0_01_11_13_39_17,613,,,,,,,,True,written,AutoMoT/keyframe_filter/collection_output/r2_rgb_route_sheets_20260708/route_sheets/HazardAtSideLaneTwoWays/Town13_Rep0_1629_0_route0_01_11_13_39_17/page_000.jpg,AutoMoT/keyframe_filter/collection_output/r2_rgb_route_sheets_20260708/route_sheets/HazardAtSideLaneTwoWays/Town13_Rep0_1629_0_route0_01_11_13_39_17,,
HazardAtSideLaneTwoWays,Town13_Rep0_1629_1_route0_01_08_12_56_20,627,,,,,,,,True,written,AutoMoT/keyframe_filter/collection_output/r2_rgb_route_sheets_20260708/route_sheets/HazardAtSideLaneTwoWays/Town13_Rep0_1629_1_route0_01_08_12_56_20/page_000.jpg,AutoMoT/keyframe_filter/collection_output/r2_rgb_route_sheets_20260708/route_sheets/HazardAtSideLaneTwoWays/Town13_Rep0_1629_1_route0_01_08_12_56_20,,
HazardAtSideLaneTwoWays,Town13_Rep0_1629_1_route0_01_11_05_43_51,678,,,,,,,,True,written,AutoMoT/keyframe_filter/collection_output/r2_rgb_route_sheets_20260708/route_sheets/HazardAtSideLaneTwoWays/Town13_Rep0_1629_1_route0_01_11_05_43_51/page_000.jpg,AutoMoT/keyframe_filter/collection_output/r2_rgb_route_sheets_20260708/route_sheets/HazardAtSideLaneTwoWays/Town13_Rep0_1629_1_route0_01_11_05_43_51,,
InvadingTurn,Town12_Rep0_1501_0_route0_01_09_12_21_17,635,,,,,,,,True,written,AutoMoT/keyframe_filter/collection_output/r2_rgb_route_sheets_20260708/route_sheets/InvadingTurn/Town12_Rep0_1501_0_route0_01_09_12_21_17/page_000.jpg,AutoMoT/keyframe_filter/collection_output/r2_rgb_route_sheets_20260708/route_sheets/InvadingTurn/Town12_Rep0_1501_0_route0_01_09_12_21_17,,
InvadingTurn,Town12_Rep0_1501_0_route0_01_11_10_12_59,702,,,,,,,,True,written,AutoMoT/keyframe_filter/collection_output/r2_rgb_route_sheets_20260708/route_sheets/InvadingTurn/Town12_Rep0_1501_0_route0_01_11_10_12_59/page_000.jpg,AutoMoT/keyframe_filter/collection_output/r2_rgb_route_sheets_20260708/route_sheets/InvadingTurn/Town12_Rep0_1501_0_route0_01_11_10_12_59,,
InvadingTurn,Town13_Rep0_1568_0_route0_01_10_06_41_01,670,,,,,,,,True,written,AutoMoT/keyframe_filter/collection_output/r2_rgb_route_sheets_20260708/route_sheets/InvadingTurn/Town13_Rep0_1568_0_route0_01_10_06_41_01/page_000.jpg,AutoMoT/keyframe_filter/collection_output/r2_rgb_route_sheets_20260708/route_sheets/InvadingTurn/Town13_Rep0_1568_0_route0_01_10_06_41_01,,
InvadingTurn,Town13_Rep0_1568_0_route0_01_11_15_46_18,693,,,,,,,,True,written,AutoMoT/keyframe_filter/collection_output/r2_rgb_route_sheets_20260708/route_sheets/InvadingTurn/Town13_Rep0_1568_0_route0_01_11_15_46_18/page_000.jpg,AutoMoT/keyframe_filter/collection_output/r2_rgb_route_sheets_20260708/route_sheets/InvadingTurn/Town13_Rep0_1568_0_route0_01_11_15_46_18,,
ParkedObstacleTwoWays,Town12_Rep0_4206_0_route0_01_09_22_38_29,115,,,,,,,,False,written,AutoMoT/keyframe_filter/collection_output/r2_rgb_route_sheets_20260708/route_sheets/ParkedObstacleTwoWays/Town12_Rep0_4206_0_route0_01_09_22_38_29/page_000.jpg,AutoMoT/keyframe_filter/collection_output/r2_rgb_route_sheets_20260708/route_sheets/ParkedObstacleTwoWays/Town12_Rep0_4206_0_route0_01_09_22_38_29,,
ParkedObstacleTwoWays,Town13_Rep0_1312_0_route0_01_09_16_56_43,452,,,,,,,,True,written,AutoMoT/keyframe_filter/collection_output/r2_rgb_route_sheets_20260708/route_sheets/ParkedObstacleTwoWays/Town13_Rep0_1312_0_route0_01_09_16_56_43/page_000.jpg,AutoMoT/keyframe_filter/collection_output/r2_rgb_route_sheets_20260708/route_sheets/ParkedObstacleTwoWays/Town13_Rep0_1312_0_route0_01_09_16_56_43,,
ParkedObstacleTwoWays,Town13_Rep0_1312_0_route0_01_11_12_24_27,508,,,,,,,,True,written,AutoMoT/keyframe_filter/collection_output/r2_rgb_route_sheets_20260708/route_sheets/ParkedObstacleTwoWays/Town13_Rep0_1312_0_route0_01_11_12_24_27/page_000.jpg,AutoMoT/keyframe_filter/collection_output/r2_rgb_route_sheets_20260708/route_sheets/ParkedObstacleTwoWays/Town13_Rep0_1312_0_route0_01_11_12_24_27,,
ParkedObstacleTwoWays,Town13_Rep0_1312_1_route0_01_09_18_12_12,480,,,,,,,,True,written,AutoMoT/keyframe_filter/collection_output/r2_rgb_route_sheets_20260708/route_sheets/ParkedObstacleTwoWays/Town13_Rep0_1312_1_route0_01_09_18_12_12/page_000.jpg,AutoMoT/keyframe_filter/collection_output/r2_rgb_route_sheets_20260708/route_sheets/ParkedObstacleTwoWays/Town13_Rep0_1312_1_route0_01_09_18_12_12,,
ParkedObstacleTwoWays,Town13_Rep0_1312_1_route0_01_11_13_13_47,485,,,,,,,,True,written,AutoMoT/keyframe_filter/collection_output/r2_rgb_route_sheets_20260708/route_sheets/ParkedObstacleTwoWays/Town13_Rep0_1312_1_route0_01_11_13_13_47/page_000.jpg,AutoMoT/keyframe_filter/collection_output/r2_rgb_route_sheets_20260708/route_sheets/ParkedObstacleTwoWays/Town13_Rep0_1312_1_route0_01_11_13_13_47,,
ParkedObstacleTwoWays,Town13_Rep0_1312_2_route0_01_10_22_07_56,503,,,,,,,,True,written,AutoMoT/keyframe_filter/collection_output/r2_rgb_route_sheets_20260708/route_sheets/ParkedObstacleTwoWays/Town13_Rep0_1312_2_route0_01_10_22_07_56/page_000.jpg,AutoMoT/keyframe_filter/collection_output/r2_rgb_route_sheets_20260708/route_sheets/ParkedObstacleTwoWays/Town13_Rep0_1312_2_route0_01_10_22_07_56,,
VehicleOpensDoorTwoWays,Town12_Rep0_2048_0_route0_01_09_03_58_49,380,,,,,,,,True,written,AutoMoT/keyframe_filter/collection_output/r2_rgb_route_sheets_20260708/route_sheets/VehicleOpensDoorTwoWays/Town12_Rep0_2048_0_route0_01_09_03_58_49/page_000.jpg,AutoMoT/keyframe_filter/collection_output/r2_rgb_route_sheets_20260708/route_sheets/VehicleOpensDoorTwoWays/Town12_Rep0_2048_0_route0_01_09_03_58_49,,
VehicleOpensDoorTwoWays,Town12_Rep0_2048_1_route0_01_10_00_42_17,379,,,,,,,,True,written,AutoMoT/keyframe_filter/collection_output/r2_rgb_route_sheets_20260708/route_sheets/VehicleOpensDoorTwoWays/Town12_Rep0_2048_1_route0_01_10_00_42_17/page_000.jpg,AutoMoT/keyframe_filter/collection_output/r2_rgb_route_sheets_20260708/route_sheets/VehicleOpensDoorTwoWays/Town12_Rep0_2048_1_route0_01_10_00_42_17,,
VehicleOpensDoorTwoWays,Town12_Rep0_4175_1_route0_01_11_04_01_41,328,,,,,,,,False,written,AutoMoT/keyframe_filter/collection_output/r2_rgb_route_sheets_20260708/route_sheets/VehicleOpensDoorTwoWays/Town12_Rep0_4175_1_route0_01_11_04_01_41/page_000.jpg,AutoMoT/keyframe_filter/collection_output/r2_rgb_route_sheets_20260708/route_sheets/VehicleOpensDoorTwoWays/Town12_Rep0_4175_1_route0_01_11_04_01_41,,
VehicleOpensDoorTwoWays,Town13_Rep0_route_000000_route0_01_09_19_32_12,523,,,,,,,,True,written,AutoMoT/keyframe_filter/collection_output/r2_rgb_route_sheets_20260708/route_sheets/VehicleOpensDoorTwoWays/Town13_Rep0_route_000000_route0_01_09_19_32_12/page_000.jpg,AutoMoT/keyframe_filter/collection_output/r2_rgb_route_sheets_20260708/route_sheets/VehicleOpensDoorTwoWays/Town13_Rep0_route_000000_route0_01_09_19_32_12,,
VehicleOpensDoorTwoWays,Town13_Rep0_route_000000_route0_01_11_13_28_07,542,,,,,,,,True,written,AutoMoT/keyframe_filter/collection_output/r2_rgb_route_sheets_20260708/route_sheets/VehicleOpensDoorTwoWays/Town13_Rep0_route_000000_route0_01_11_13_28_07/page_000.jpg,AutoMoT/keyframe_filter/collection_output/r2_rgb_route_sheets_20260708/route_sheets/VehicleOpensDoorTwoWays/Town13_Rep0_route_000000_route0_01_11_13_28_07,,
VehicleOpensDoorTwoWays,Town13_Rep0_route_000004_route0_01_10_00_48_35,326,,,,,,,,False,written,AutoMoT/keyframe_filter/collection_output/r2_rgb_route_sheets_20260708/route_sheets/VehicleOpensDoorTwoWays/Town13_Rep0_route_000004_route0_01_10_00_48_35/page_000.jpg,AutoMoT/keyframe_filter/collection_output/r2_rgb_route_sheets_20260708/route_sheets/VehicleOpensDoorTwoWays/Town13_Rep0_route_000004_route0_01_10_00_48_35,,
VehicleOpensDoorTwoWays,Town13_Rep0_route_000004_route0_01_11_14_29_59,309,,,,,,,,False,written,AutoMoT/keyframe_filter/collection_output/r2_rgb_route_sheets_20260708/route_sheets/VehicleOpensDoorTwoWays/Town13_Rep0_route_000004_route0_01_11_14_29_59/page_000.jpg,AutoMoT/keyframe_filter/collection_output/r2_rgb_route_sheets_20260708/route_sheets/VehicleOpensDoorTwoWays/Town13_Rep0_route_000004_route0_01_11_14_29_59,,
VehicleOpensDoorTwoWays,Town13_Rep0_route_000005_route0_01_10_08_38_06,570,,,,,,,,True,written,AutoMoT/keyframe_filter/collection_output/r2_rgb_route_sheets_20260708/route_sheets/VehicleOpensDoorTwoWays/Town13_Rep0_route_000005_route0_01_10_08_38_06/page_000.jpg,AutoMoT/keyframe_filter/collection_output/r2_rgb_route_sheets_20260708/route_sheets/VehicleOpensDoorTwoWays/Town13_Rep0_route_000005_route0_01_10_08_38_06,,
VehicleOpensDoorTwoWays,Town13_Rep0_route_000007_route0_01_09_10_24_01,273,,,,,,,,False,written,AutoMoT/keyframe_filter/collection_output/r2_rgb_route_sheets_20260708/route_sheets/VehicleOpensDoorTwoWays/Town13_Rep0_route_000007_route0_01_09_10_24_01/page_000.jpg,AutoMoT/keyframe_filter/collection_output/r2_rgb_route_sheets_20260708/route_sheets/VehicleOpensDoorTwoWays/Town13_Rep0_route_000007_route0_01_09_10_24_01,,
VehicleOpensDoorTwoWays,Town13_Rep0_route_000007_route0_01_11_09_48_21,305,,,,,,,,False,written,AutoMoT/keyframe_filter/collection_output/r2_rgb_route_sheets_20260708/route_sheets/VehicleOpensDoorTwoWays/Town13_Rep0_route_000007_route0_01_11_09_48_21/page_000.jpg,AutoMoT/keyframe_filter/collection_output/r2_rgb_route_sheets_20260708/route_sheets/VehicleOpensDoorTwoWays/Town13_Rep0_route_000007_route0_01_11_09_48_21,,
VehicleOpensDoorTwoWays,Town13_Rep0_route_000009_route0_01_08_21_51_01,518,,,,,,,,True,written,AutoMoT/keyframe_filter/collection_output/r2_rgb_route_sheets_20260708/route_sheets/VehicleOpensDoorTwoWays/Town13_Rep0_route_000009_route0_01_08_21_51_01/page_000.jpg,AutoMoT/keyframe_filter/collection_output/r2_rgb_route_sheets_20260708/route_sheets/VehicleOpensDoorTwoWays/Town13_Rep0_route_000009_route0_01_08_21_51_01,,
VehicleOpensDoorTwoWays,Town13_Rep0_route_000009_route0_01_11_07_13_06,512,,,,,,,,True,written,AutoMoT/keyframe_filter/collection_output/r2_rgb_route_sheets_20260708/route_sheets/VehicleOpensDoorTwoWays/Town13_Rep0_route_000009_route0_01_11_07_13_06/page_000.jpg,AutoMoT/keyframe_filter/collection_output/r2_rgb_route_sheets_20260708/route_sheets/VehicleOpensDoorTwoWays/Town13_Rep0_route_000009_route0_01_11_07_13_06,,
VehicleOpensDoorTwoWays,Town13_Rep0_route_000012_route0_01_11_03_35_41,227,,,,,,,,False,written,AutoMoT/keyframe_filter/collection_output/r2_rgb_route_sheets_20260708/route_sheets/VehicleOpensDoorTwoWays/Town13_Rep0_route_000012_route0_01_11_03_35_41/page_000.jpg,AutoMoT/keyframe_filter/collection_output/r2_rgb_route_sheets_20260708/route_sheets/VehicleOpensDoorTwoWays/Town13_Rep0_route_000012_route0_01_11_03_35_41,,
