scenario,route_id,frame_id,primary_road_structure,primary_event,events,regular_event,overlay_event,source_unusual_event,base_road_structure,intersection_road_structure,age_frames,age_seconds,max_frames,recovery_age_frames,recovery_max_frames,phase,reason
Accident,Town05_Rep0_route_001775_route0_01_08_20_19_47,101,R5,R-E2,R-E2|R-E5,R-E5,R-E2,U-E2,R1,R5,1,0.25,24,1,12,recovery_to_target_lane,unusual_event_interrupted_by_intersection_rs
Accident,Town05_Rep0_route_001775_route0_01_08_20_19_47,102,R5,R-E2,R-E2|R-E5,R-E5,R-E2,U-E2,R1,R5,2,0.5,24,2,12,recovery_to_target_lane,unusual_event_interrupted_by_intersection_rs
Accident,Town05_Rep0_route_001775_route0_01_08_20_19_47,103,R5,R-E2,R-E2|R-E5,R-E5,R-E2,U-E2,R1,R5,3,0.75,24,3,12,recovery_to_target_lane,unusual_event_interrupted_by_intersection_rs
Accident,Town05_Rep0_route_001775_route0_01_08_20_19_47,104,R5,R-E2,R-E2|R-E5,R-E5,R-E2,U-E2,R1,R5,4,1.0,24,4,12,recovery_to_target_lane,unusual_event_interrupted_by_intersection_rs
Accident,Town05_Rep0_route_001775_route0_01_08_20_19_47,105,R5,R-E2,R-E2|R-E5,R-E5,R-E2,U-E2,R1,R5,5,1.25,24,5,12,recovery_to_target_lane,unusual_event_interrupted_by_intersection_rs
Accident,Town05_Rep0_route_001775_route0_01_08_20_19_47,106,R5,R-E2,R-E2|R-E5,R-E5,R-E2,U-E2,R1,R5,6,1.5,24,6,12,recovery_to_target_lane,unusual_event_interrupted_by_intersection_rs
Accident,Town05_Rep0_route_001775_route0_01_08_20_19_47,107,R5,R-E2,R-E2|R-E5,R-E5,R-E2,U-E2,R1,R5,7,1.75,24,7,12,recovery_to_target_lane,unusual_event_interrupted_by_intersection_rs
Accident,Town05_Rep0_route_001775_route0_01_08_20_19_47,108,R5,R-E2,R-E2|R-E5,R-E5,R-E2,U-E2,R1,R5,8,2.0,24,8,12,recovery_to_target_lane,unusual_event_interrupted_by_intersection_rs
Accident,Town05_Rep0_route_001775_route0_01_08_20_19_47,109,R5,R-E2,R-E2|R-E5,R-E5,R-E2,U-E2,R1,R5,9,2.25,24,9,12,recovery_to_target_lane,unusual_event_interrupted_by_intersection_rs
Accident,Town05_Rep0_route_001775_route0_01_08_20_19_47,110,R5,U-E2,R-E5|U-E2,R-E5,U-E2,U-E2,R1,R5,10,2.5,24,0,12,unusual_still_active,unusual_event_interrupted_by_intersection_rs
Accident,Town05_Rep0_route_001775_route0_01_08_20_19_47,111,R5,U-E2,R-E5|U-E2,R-E5,U-E2,U-E2,R1,R5,11,2.75,24,0,12,unusual_still_active,unusual_event_interrupted_by_intersection_rs
Accident,Town05_Rep0_route_001775_route0_01_08_20_19_47,112,R5,R-E2,R-E2|R-E5,R-E5,R-E2,U-E2,R1,R5,12,3.0,24,1,12,recovery_to_target_lane,unusual_event_interrupted_by_intersection_rs
Accident,Town05_Rep0_route_001775_route0_01_08_20_19_47,113,R5,U-E2,R-E5|U-E2,R-E5,U-E2,U-E2,R1,R5,13,3.25,24,0,12,unusual_still_active,unusual_event_interrupted_by_intersection_rs
Accident,Town05_Rep0_route_001775_route0_01_08_20_19_47,114,R5,U-E2,R-E5|U-E2,R-E5,U-E2,U-E2,R1,R5,14,3.5,24,0,12,unusual_still_active,unusual_event_interrupted_by_intersection_rs
Accident,Town05_Rep0_route_001775_route0_01_08_20_19_47,115,R5,U-E2,R-E5|U-E2,R-E5,U-E2,U-E2,R1,R5,15,3.75,24,0,12,unusual_still_active,unusual_event_interrupted_by_intersection_rs
Accident,Town05_Rep0_route_001775_route0_01_08_20_19_47,116,R5,R-E2,R-E2|R-E5,R-E5,R-E2,U-E2,R1,R5,16,4.0,24,1,12,recovery_to_target_lane,unusual_event_interrupted_by_intersection_rs
Accident,Town05_Rep0_route_001775_route0_01_08_20_19_47,117,R5,R-E2,R-E2|R-E5,R-E5,R-E2,U-E2,R1,R5,17,4.25,24,2,12,recovery_to_target_lane,unusual_event_interrupted_by_intersection_rs
Accident,Town05_Rep0_route_001775_route0_01_08_20_19_47,118,R5,R-E2,R-E2|R-E5,R-E5,R-E2,U-E2,R1,R5,18,4.5,24,3,12,recovery_to_target_lane,unusual_event_interrupted_by_intersection_rs
Accident,Town05_Rep0_route_001775_route0_01_08_20_19_47,119,R5,R-E2,R-E2|R-E5,R-E5,R-E2,U-E2,R1,R5,19,4.75,24,4,12,recovery_to_target_lane,unusual_event_interrupted_by_intersection_rs
Accident,Town05_Rep0_route_001775_route0_01_08_20_19_47,120,R5,R-E2,R-E2|R-E5,R-E5,R-E2,U-E2,R1,R5,20,5.0,24,5,12,recovery_to_target_lane,unusual_event_interrupted_by_intersection_rs
Accident,Town05_Rep0_route_001775_route0_01_08_20_19_47,121,R5,U-E2,R-E5|U-E2,R-E5,U-E2,U-E2,R1,R5,21,5.25,24,0,12,unusual_still_active,unusual_event_interrupted_by_intersection_rs
Accident,Town05_Rep0_route_001775_route0_01_08_20_19_47,122,R5,R-E2,R-E2|R-E5,R-E5,R-E2,U-E2,R1,R5,22,5.5,24,1,12,recovery_to_target_lane,unusual_event_interrupted_by_intersection_rs
Accident,Town05_Rep0_route_001775_route0_01_08_20_19_47,123,R5,R-E2,R-E2|R-E5,R-E5,R-E2,U-E2,R1,R5,23,5.75,24,2,12,recovery_to_target_lane,unusual_event_interrupted_by_intersection_rs
Accident,Town05_Rep0_route_001775_route0_01_08_20_19_47,124,R5,R-E2,R-E2|R-E5,R-E5,R-E2,U-E2,R1,R5,24,6.0,24,3,12,recovery_to_target_lane,unusual_event_interrupted_by_intersection_rs
Accident,Town12_Rep0_645_0_route0_01_09_01_03_44,155,R4,R-E2,R-E2|R-E4,R-E4,R-E2,U-E2,R1,R4,1,0.25,24,1,12,recovery_to_target_lane,unusual_event_interrupted_by_intersection_rs
Accident,Town12_Rep0_645_0_route0_01_09_01_03_44,156,R4,R-E2,R-E2|R-E4,R-E4,R-E2,U-E2,R1,R4,2,0.5,24,2,12,recovery_to_target_lane,unusual_event_interrupted_by_intersection_rs
Accident,Town12_Rep0_645_0_route0_01_09_01_03_44,157,R4,R-E2,R-E2|R-E4,R-E4,R-E2,U-E2,R1,R4,3,0.75,24,3,12,recovery_to_target_lane,unusual_event_interrupted_by_intersection_rs
Accident,Town12_Rep0_645_0_route0_01_09_01_03_44,158,R4,U-E2,R-E4|U-E2,R-E4,U-E2,U-E2,R1,R4,4,1.0,24,0,12,unusual_still_active,unusual_event_interrupted_by_intersection_rs
Accident,Town12_Rep0_645_0_route0_01_09_01_03_44,159,R4,U-E2,R-E4|U-E2,R-E4,U-E2,U-E2,R1,R4,5,1.25,24,0,12,unusual_still_active,unusual_event_interrupted_by_intersection_rs
Accident,Town12_Rep0_645_0_route0_01_09_01_03_44,160,R4,U-E2,R-E4|U-E2,R-E4,U-E2,U-E2,R1,R4,6,1.5,24,0,12,unusual_still_active,unusual_event_interrupted_by_intersection_rs
Accident,Town12_Rep0_645_0_route0_01_09_01_03_44,161,R4,R-E2,R-E2|R-E4,R-E4,R-E2,U-E2,R1,R4,7,1.75,24,1,12,recovery_to_target_lane,unusual_event_interrupted_by_intersection_rs
Accident,Town12_Rep0_645_0_route0_01_09_01_03_44,162,R4,U-E2,R-E4|U-E2,R-E4,U-E2,U-E2,R1,R4,8,2.0,24,0,12,unusual_still_active,unusual_event_interrupted_by_intersection_rs
Accident,Town12_Rep0_645_0_route0_01_09_01_03_44,163,R4,U-E2,R-E4|U-E2,R-E4,U-E2,U-E2,R1,R4,9,2.25,24,0,12,unusual_still_active,unusual_event_interrupted_by_intersection_rs
Accident,Town12_Rep0_645_0_route0_01_09_01_03_44,164,R4,U-E2,R-E4|U-E2,R-E4,U-E2,U-E2,R1,R4,10,2.5,24,0,12,unusual_still_active,unusual_event_interrupted_by_intersection_rs
Accident,Town12_Rep0_645_0_route0_01_09_01_03_44,165,R4,R-E2,R-E2|R-E4,R-E4,R-E2,U-E2,R1,R4,11,2.75,24,1,12,recovery_to_target_lane,unusual_event_interrupted_by_intersection_rs
Accident,Town12_Rep0_645_0_route0_01_09_01_03_44,166,R4,R-E2,R-E2|R-E4,R-E4,R-E2,U-E2,R1,R4,12,3.0,24,2,12,recovery_to_target_lane,unusual_event_interrupted_by_intersection_rs
Accident,Town12_Rep0_645_0_route0_01_09_01_03_44,167,R4,U-E2,R-E4|U-E2,R-E4,U-E2,U-E2,R1,R4,13,3.25,24,0,12,unusual_still_active,unusual_event_interrupted_by_intersection_rs
Accident,Town12_Rep0_645_0_route0_01_09_01_03_44,168,R4,U-E2,R-E4|U-E2,R-E4,U-E2,U-E2,R1,R4,14,3.5,24,0,12,unusual_still_active,unusual_event_interrupted_by_intersection_rs
Accident,Town12_Rep0_645_0_route0_01_09_01_03_44,169,R4,U-E2,R-E4|U-E2,R-E4,U-E2,U-E2,R1,R4,15,3.75,24,0,12,unusual_still_active,unusual_event_interrupted_by_intersection_rs
Accident,Town12_Rep0_645_0_route0_01_09_01_03_44,170,R4,U-E2,R-E4|U-E2,R-E4,U-E2,U-E2,R1,R4,16,4.0,24,0,12,unusual_still_active,unusual_event_interrupted_by_intersection_rs
Accident,Town12_Rep0_645_0_route0_01_09_01_03_44,171,R4,U-E2,R-E4|U-E2,R-E4,U-E2,U-E2,R1,R4,17,4.25,24,0,12,unusual_still_active,unusual_event_interrupted_by_intersection_rs
Accident,Town12_Rep0_645_0_route0_01_09_01_03_44,172,R4,U-E2,R-E4|U-E2,R-E4,U-E2,U-E2,R1,R4,18,4.5,24,0,12,unusual_still_active,unusual_event_interrupted_by_intersection_rs
Accident,Town12_Rep0_645_0_route0_01_09_01_03_44,173,R4,U-E2,R-E4|U-E2,R-E4,U-E2,U-E2,R1,R4,19,4.75,24,0,12,unusual_still_active,unusual_event_interrupted_by_intersection_rs
Accident,Town12_Rep0_645_0_route0_01_09_01_03_44,174,R4,R-E2,R-E2|R-E4,R-E4,R-E2,U-E2,R1,R4,20,5.0,24,1,12,recovery_to_target_lane,unusual_event_interrupted_by_intersection_rs
Accident,Town12_Rep0_645_0_route0_01_09_01_03_44,175,R4,R-E2,R-E2|R-E4,R-E4,R-E2,U-E2,R1,R4,21,5.25,24,2,12,recovery_to_target_lane,unusual_event_interrupted_by_intersection_rs
Accident,Town12_Rep0_645_0_route0_01_09_01_03_44,176,R4,U-E2,R-E4|U-E2,R-E4,U-E2,U-E2,R1,R4,22,5.5,24,0,12,unusual_still_active,unusual_event_interrupted_by_intersection_rs
Accident,Town12_Rep0_645_0_route0_01_09_01_03_44,177,R4,R-E2,R-E2|R-E4,R-E4,R-E2,U-E2,R1,R4,23,5.75,24,1,12,recovery_to_target_lane,unusual_event_interrupted_by_intersection_rs
Accident,Town12_Rep0_645_0_route0_01_09_01_03_44,178,R4,U-E2,R-E4|U-E2,R-E4,U-E2,U-E2,R1,R4,24,6.0,24,0,12,unusual_still_active,unusual_event_interrupted_by_intersection_rs
Accident,Town13_Rep0_4_0_route0_01_10_03_46_29,74,R5,R-E2,R-E2|R-E5,R-E5,R-E2,U-E2,R1,R5,1,0.25,24,1,12,recovery_to_target_lane,unusual_event_interrupted_by_intersection_rs
Accident,Town13_Rep0_4_0_route0_01_10_03_46_29,75,R5,R-E2,R-E2|R-E5,R-E5,R-E2,U-E2,R1,R5,2,0.5,24,2,12,recovery_to_target_lane,unusual_event_interrupted_by_intersection_rs
Accident,Town13_Rep0_4_0_route0_01_10_03_46_29,76,R5,R-E2,R-E2|R-E5,R-E5,R-E2,U-E2,R1,R5,3,0.75,24,3,12,recovery_to_target_lane,unusual_event_interrupted_by_intersection_rs
Accident,Town13_Rep0_4_0_route0_01_10_03_46_29,77,R5,R-E2,R-E2|R-E5,R-E5,R-E2,U-E2,R1,R5,4,1.0,24,4,12,recovery_to_target_lane,unusual_event_interrupted_by_intersection_rs
Accident,Town13_Rep0_4_0_route0_01_10_03_46_29,78,R5,R-E2,R-E2|R-E5,R-E5,R-E2,U-E2,R1,R5,5,1.25,24,5,12,recovery_to_target_lane,unusual_event_interrupted_by_intersection_rs
Accident,Town13_Rep0_4_0_route0_01_10_03_46_29,79,R5,U-E2,R-E5|U-E2,R-E5,U-E2,U-E2,R1,R5,6,1.5,24,0,12,unusual_still_active,unusual_event_interrupted_by_intersection_rs
Accident,Town13_Rep0_4_0_route0_01_10_03_46_29,80,R5,U-E2,R-E5|U-E2,R-E5,U-E2,U-E2,R1,R5,7,1.75,24,0,12,unusual_still_active,unusual_event_interrupted_by_intersection_rs
Accident,Town13_Rep0_4_0_route0_01_10_03_46_29,81,R5,R-E2,R-E2|R-E5,R-E5,R-E2,U-E2,R1,R5,8,2.0,24,1,12,recovery_to_target_lane,unusual_event_interrupted_by_intersection_rs
Accident,Town13_Rep0_4_0_route0_01_10_03_46_29,82,R5,R-E2,R-E2|R-E5,R-E5,R-E2,U-E2,R1,R5,9,2.25,24,2,12,recovery_to_target_lane,unusual_event_interrupted_by_intersection_rs
Accident,Town13_Rep0_4_0_route0_01_10_03_46_29,83,R5,R-E2,R-E2|R-E5,R-E5,R-E2,U-E2,R1,R5,10,2.5,24,3,12,recovery_to_target_lane,unusual_event_interrupted_by_intersection_rs
Accident,Town13_Rep0_4_0_route0_01_10_03_46_29,84,R5,R-E2,R-E2|R-E5,R-E5,R-E2,U-E2,R1,R5,11,2.75,24,4,12,recovery_to_target_lane,unusual_event_interrupted_by_intersection_rs
Accident,Town13_Rep0_4_0_route0_01_10_03_46_29,85,R5,R-E2,R-E2|R-E5,R-E5,R-E2,U-E2,R1,R5,12,3.0,24,5,12,recovery_to_target_lane,unusual_event_interrupted_by_intersection_rs
Accident,Town13_Rep0_4_0_route0_01_10_03_46_29,86,R5,R-E2,R-E2|R-E5,R-E5,R-E2,U-E2,R1,R5,13,3.25,24,6,12,recovery_to_target_lane,unusual_event_interrupted_by_intersection_rs
Accident,Town13_Rep0_4_0_route0_01_10_03_46_29,87,R5,R-E2,R-E2|R-E5,R-E5,R-E2,U-E2,R1,R5,14,3.5,24,7,12,recovery_to_target_lane,unusual_event_interrupted_by_intersection_rs
Accident,Town13_Rep0_4_0_route0_01_10_03_46_29,88,R5,U-E2,R-E5|U-E2,R-E5,U-E2,U-E2,R1,R5,15,3.75,24,0,12,unusual_still_active,unusual_event_interrupted_by_intersection_rs
Accident,Town13_Rep0_4_0_route0_01_10_03_46_29,89,R5,R-E2,R-E2|R-E5,R-E5,R-E2,U-E2,R1,R5,16,4.0,24,1,12,recovery_to_target_lane,unusual_event_interrupted_by_intersection_rs
Accident,Town13_Rep0_4_0_route0_01_10_03_46_29,90,R5,R-E2,R-E2|R-E5,R-E5,R-E2,U-E2,R1,R5,17,4.25,24,2,12,recovery_to_target_lane,unusual_event_interrupted_by_intersection_rs
Accident,Town13_Rep0_4_0_route0_01_10_03_46_29,91,R5,R-E2,R-E2|R-E5,R-E5,R-E2,U-E2,R1,R5,18,4.5,24,3,12,recovery_to_target_lane,unusual_event_interrupted_by_intersection_rs
Accident,Town13_Rep0_4_0_route0_01_10_03_46_29,92,R5,R-E2,R-E2|R-E5,R-E5,R-E2,U-E2,R1,R5,19,4.75,24,4,12,recovery_to_target_lane,unusual_event_interrupted_by_intersection_rs
Accident,Town13_Rep0_4_0_route0_01_10_03_46_29,93,R5,R-E2,R-E2|R-E5,R-E5,R-E2,U-E2,R1,R5,20,5.0,24,5,12,recovery_to_target_lane,unusual_event_interrupted_by_intersection_rs
Accident,Town13_Rep0_4_0_route0_01_10_03_46_29,94,R5,R-E2,R-E2|R-E5,R-E5,R-E2,U-E2,R1,R5,21,5.25,24,6,12,recovery_to_target_lane,unusual_event_interrupted_by_intersection_rs
AccidentTwoWays,Town15_Rep0_route_001385_route0_01_08_22_13_42,95,R5,U-E2,R-E5|U-E2,R-E5,U-E2,U-E2,R2,R5,1,0.25,24,0,12,unusual_still_active,unusual_event_interrupted_by_intersection_rs
ConstructionObstacle,Town06_Rep0_route_002027_route0_01_10_02_33_03,75,R4,U-E2,R-E4|U-E2,R-E4,U-E2,U-E2,R1,R4,1,0.25,24,0,12,unusual_still_active,unusual_event_interrupted_by_intersection_rs
ConstructionObstacle,Town06_Rep0_route_002027_route0_01_10_02_33_03,76,R4,R-E2,R-E2|R-E4,R-E4,R-E2,U-E2,R1,R4,2,0.5,24,1,12,recovery_to_target_lane,unusual_event_interrupted_by_intersection_rs
ConstructionObstacle,Town06_Rep0_route_002027_route0_01_10_02_33_03,77,R4,R-E2,R-E2|R-E4,R-E4,R-E2,U-E2,R1,R4,3,0.75,24,2,12,recovery_to_target_lane,unusual_event_interrupted_by_intersection_rs
ConstructionObstacle,Town06_Rep0_route_002027_route0_01_10_02_33_03,78,R4,R-E2,R-E2|R-E4,R-E4,R-E2,U-E2,R1,R4,4,1.0,24,3,12,recovery_to_target_lane,unusual_event_interrupted_by_intersection_rs
ConstructionObstacle,Town06_Rep0_route_002027_route0_01_10_02_33_03,79,R4,U-E2,R-E4|U-E2,R-E4,U-E2,U-E2,R1,R4,5,1.25,24,0,12,unusual_still_active,unusual_event_interrupted_by_intersection_rs
ConstructionObstacle,Town06_Rep0_route_002027_route0_01_10_02_33_03,80,R4,U-E2,R-E4|U-E2,R-E4,U-E2,U-E2,R1,R4,6,1.5,24,0,12,unusual_still_active,unusual_event_interrupted_by_intersection_rs
ConstructionObstacle,Town06_Rep0_route_002027_route0_01_10_02_33_03,81,R4,U-E2,R-E4|U-E2,R-E4,U-E2,U-E2,R1,R4,7,1.75,24,0,12,unusual_still_active,unusual_event_interrupted_by_intersection_rs
ConstructionObstacle,Town06_Rep0_route_002027_route0_01_10_02_33_03,82,R4,U-E2,R-E4|U-E2,R-E4,U-E2,U-E2,R1,R4,8,2.0,24,0,12,unusual_still_active,unusual_event_interrupted_by_intersection_rs
ConstructionObstacle,Town06_Rep0_route_002027_route0_01_10_02_33_03,83,R4,U-E2,R-E4|U-E2,R-E4,U-E2,U-E2,R1,R4,9,2.25,24,0,12,unusual_still_active,unusual_event_interrupted_by_intersection_rs
ConstructionObstacle,Town06_Rep0_route_002027_route0_01_10_02_33_03,84,R4,R-E2,R-E2|R-E4,R-E4,R-E2,U-E2,R1,R4,10,2.5,24,1,12,recovery_to_target_lane,unusual_event_interrupted_by_intersection_rs
ConstructionObstacle,Town06_Rep0_route_002027_route0_01_10_02_33_03,85,R4,R-E2,R-E2|R-E4,R-E4,R-E2,U-E2,R1,R4,11,2.75,24,2,12,recovery_to_target_lane,unusual_event_interrupted_by_intersection_rs
ConstructionObstacle,Town06_Rep0_route_002027_route0_01_10_02_33_03,86,R4,U-E2,R-E4|U-E2,R-E4,U-E2,U-E2,R1,R4,12,3.0,24,0,12,unusual_still_active,unusual_event_interrupted_by_intersection_rs
ConstructionObstacle,Town06_Rep0_route_002027_route0_01_10_02_33_03,87,R4,U-E2,R-E4|U-E2,R-E4,U-E2,U-E2,R1,R4,13,3.25,24,0,12,unusual_still_active,unusual_event_interrupted_by_intersection_rs
ConstructionObstacle,Town06_Rep0_route_002027_route0_01_10_02_33_03,88,R4,R-E2,R-E2|R-E4,R-E4,R-E2,U-E2,R1,R4,14,3.5,24,1,12,recovery_to_target_lane,unusual_event_interrupted_by_intersection_rs
ConstructionObstacle,Town06_Rep0_route_002027_route0_01_10_02_33_03,89,R4,R-E2,R-E2|R-E4,R-E4,R-E2,U-E2,R1,R4,15,3.75,24,2,12,recovery_to_target_lane,unusual_event_interrupted_by_intersection_rs
ConstructionObstacle,Town06_Rep0_route_002027_route0_01_10_02_33_03,90,R4,R-E2,R-E2|R-E4,R-E4,R-E2,U-E2,R1,R4,16,4.0,24,3,12,recovery_to_target_lane,unusual_event_interrupted_by_intersection_rs
ConstructionObstacle,Town06_Rep0_route_002027_route0_01_10_02_33_03,91,R4,R-E2,R-E2|R-E4,R-E4,R-E2,U-E2,R1,R4,17,4.25,24,4,12,recovery_to_target_lane,unusual_event_interrupted_by_intersection_rs
ConstructionObstacle,Town06_Rep0_route_002027_route0_01_10_02_33_03,92,R4,R-E2,R-E2|R-E4,R-E4,R-E2,U-E2,R1,R4,18,4.5,24,5,12,recovery_to_target_lane,unusual_event_interrupted_by_intersection_rs
ConstructionObstacle,Town06_Rep0_route_002027_route0_01_10_02_33_03,93,R4,R-E2,R-E2|R-E4,R-E4,R-E2,U-E2,R1,R4,19,4.75,24,6,12,recovery_to_target_lane,unusual_event_interrupted_by_intersection_rs
ConstructionObstacle,Town06_Rep0_route_002034_route0_01_08_19_55_03,71,R5,U-E2,R-E5|U-E2,R-E5,U-E2,U-E2,R1,R5,1,0.25,24,0,12,unusual_still_active,unusual_event_interrupted_by_intersection_rs
ConstructionObstacle,Town06_Rep0_route_002034_route0_01_08_19_55_03,72,R5,U-E2,R-E5|U-E2,R-E5,U-E2,U-E2,R1,R5,2,0.5,24,0,12,unusual_still_active,unusual_event_interrupted_by_intersection_rs
ConstructionObstacle,Town06_Rep0_route_002034_route0_01_08_19_55_03,73,R5,R-E2,R-E2|R-E5,R-E5,R-E2,U-E2,R1,R5,3,0.75,24,1,12,recovery_to_target_lane,unusual_event_interrupted_by_intersection_rs
ConstructionObstacle,Town06_Rep0_route_002034_route0_01_08_19_55_03,74,R5,R-E2,R-E2|R-E5,R-E5,R-E2,U-E2,R1,R5,4,1.0,24,2,12,recovery_to_target_lane,unusual_event_interrupted_by_intersection_rs
ConstructionObstacle,Town06_Rep0_route_002034_route0_01_08_19_55_03,75,R5,R-E2,R-E2|R-E5,R-E5,R-E2,U-E2,R1,R5,5,1.25,24,3,12,recovery_to_target_lane,unusual_event_interrupted_by_intersection_rs
ConstructionObstacle,Town06_Rep0_route_002034_route0_01_08_19_55_03,76,R5,R-E2,R-E2|R-E5,R-E5,R-E2,U-E2,R1,R5,6,1.5,24,4,12,recovery_to_target_lane,unusual_event_interrupted_by_intersection_rs
ConstructionObstacle,Town06_Rep0_route_002034_route0_01_08_19_55_03,77,R5,R-E2,R-E2|R-E5,R-E5,R-E2,U-E2,R1,R5,7,1.75,24,5,12,recovery_to_target_lane,unusual_event_interrupted_by_intersection_rs
ConstructionObstacle,Town06_Rep0_route_002034_route0_01_08_19_55_03,78,R5,R-E2,R-E2|R-E5,R-E5,R-E2,U-E2,R1,R5,8,2.0,24,6,12,recovery_to_target_lane,unusual_event_interrupted_by_intersection_rs
ConstructionObstacle,Town06_Rep0_route_002034_route0_01_08_19_55_03,79,R5,R-E2,R-E2|R-E5,R-E5,R-E2,U-E2,R1,R5,9,2.25,24,7,12,recovery_to_target_lane,unusual_event_interrupted_by_intersection_rs
ConstructionObstacle,Town06_Rep0_route_002034_route0_01_08_19_55_03,80,R5,R-E2,R-E2|R-E5,R-E5,R-E2,U-E2,R1,R5,10,2.5,24,8,12,recovery_to_target_lane,unusual_event_interrupted_by_intersection_rs
ConstructionObstacle,Town06_Rep0_route_002034_route0_01_08_19_55_03,81,R5,R-E2,R-E2|R-E5,R-E5,R-E2,U-E2,R1,R5,11,2.75,24,9,12,recovery_to_target_lane,unusual_event_interrupted_by_intersection_rs
ConstructionObstacle,Town06_Rep0_route_002034_route0_01_08_19_55_03,82,R5,R-E2,R-E2|R-E5,R-E5,R-E2,U-E2,R1,R5,12,3.0,24,10,12,recovery_to_target_lane,unusual_event_interrupted_by_intersection_rs
ConstructionObstacle,Town06_Rep0_route_002034_route0_01_08_19_55_03,83,R5,U-E2,R-E5|U-E2,R-E5,U-E2,U-E2,R1,R5,13,3.25,24,0,12,unusual_still_active,unusual_event_interrupted_by_intersection_rs
ConstructionObstacle,Town06_Rep0_route_002034_route0_01_08_19_55_03,84,R5,U-E2,R-E5|U-E2,R-E5,U-E2,U-E2,R1,R5,14,3.5,24,0,12,unusual_still_active,unusual_event_interrupted_by_intersection_rs
ConstructionObstacle,Town06_Rep0_route_002034_route0_01_08_19_55_03,85,R5,R-E2,R-E2|R-E5,R-E5,R-E2,U-E2,R1,R5,15,3.75,24,1,12,recovery_to_target_lane,unusual_event_interrupted_by_intersection_rs
ConstructionObstacle,Town06_Rep0_route_002034_route0_01_08_19_55_03,86,R5,U-E2,R-E5|U-E2,R-E5,U-E2,U-E2,R1,R5,16,4.0,24,0,12,unusual_still_active,unusual_event_interrupted_by_intersection_rs
ConstructionObstacle,Town06_Rep0_route_002036_route0_01_10_16_11_36,34,R5,U-E2,R-E5|U-E2,R-E5,U-E2,U-E2,R1,R5,1,0.25,24,0,12,unusual_still_active,unusual_event_interrupted_by_intersection_rs
ConstructionObstacle,Town06_Rep0_route_002036_route0_01_10_16_11_36,35,R5,U-E2,R-E5|U-E2,R-E5,U-E2,U-E2,R1,R5,2,0.5,24,0,12,unusual_still_active,unusual_event_interrupted_by_intersection_rs
ConstructionObstacle,Town06_Rep0_route_002036_route0_01_10_16_11_36,36,R5,U-E2,R-E5|U-E2,R-E5,U-E2,U-E2,R1,R5,3,0.75,24,0,12,unusual_still_active,unusual_event_interrupted_by_intersection_rs
ConstructionObstacle,Town06_Rep0_route_002036_route0_01_10_16_11_36,37,R5,U-E2,R-E5|U-E2,R-E5,U-E2,U-E2,R1,R5,4,1.0,24,0,12,unusual_still_active,unusual_event_interrupted_by_intersection_rs
ConstructionObstacle,Town06_Rep0_route_002036_route0_01_10_16_11_36,38,R5,U-E2,R-E5|U-E2,R-E5,U-E2,U-E2,R1,R5,5,1.25,24,0,12,unusual_still_active,unusual_event_interrupted_by_intersection_rs
ConstructionObstacle,Town06_Rep0_route_002036_route0_01_10_16_11_36,39,R5,R-E2,R-E2|R-E5,R-E5,R-E2,U-E2,R1,R5,6,1.5,24,1,12,recovery_to_target_lane,unusual_event_interrupted_by_intersection_rs
ConstructionObstacle,Town06_Rep0_route_002036_route0_01_10_16_11_36,40,R5,R-E2,R-E2|R-E5,R-E5,R-E2,U-E2,R1,R5,7,1.75,24,2,12,recovery_to_target_lane,unusual_event_interrupted_by_intersection_rs
ConstructionObstacle,Town06_Rep0_route_002036_route0_01_10_16_11_36,41,R5,R-E2,R-E2|R-E5,R-E5,R-E2,U-E2,R1,R5,8,2.0,24,3,12,recovery_to_target_lane,unusual_event_interrupted_by_intersection_rs
ConstructionObstacle,Town06_Rep0_route_002036_route0_01_10_16_11_36,42,R5,R-E2,R-E2|R-E5,R-E5,R-E2,U-E2,R1,R5,9,2.25,24,4,12,recovery_to_target_lane,unusual_event_interrupted_by_intersection_rs
ConstructionObstacle,Town06_Rep0_route_002036_route0_01_10_16_11_36,43,R5,R-E2,R-E2|R-E5,R-E5,R-E2,U-E2,R1,R5,10,2.5,24,5,12,recovery_to_target_lane,unusual_event_interrupted_by_intersection_rs
ConstructionObstacle,Town06_Rep0_route_002036_route0_01_10_16_11_36,44,R5,R-E2,R-E2|R-E5,R-E5,R-E2,U-E2,R1,R5,11,2.75,24,6,12,recovery_to_target_lane,unusual_event_interrupted_by_intersection_rs
ConstructionObstacle,Town06_Rep0_route_002036_route0_01_10_16_11_36,45,R5,U-E2,R-E5|U-E2,R-E5,U-E2,U-E2,R1,R5,12,3.0,24,0,12,unusual_still_active,unusual_event_interrupted_by_intersection_rs
ConstructionObstacle,Town06_Rep0_route_002036_route0_01_10_16_11_36,46,R5,U-E2,R-E5|U-E2,R-E5,U-E2,U-E2,R1,R5,13,3.25,24,0,12,unusual_still_active,unusual_event_interrupted_by_intersection_rs
ConstructionObstacle,Town06_Rep0_route_002036_route0_01_10_16_11_36,47,R5,R-E2,R-E2|R-E5,R-E5,R-E2,U-E2,R1,R5,14,3.5,24,1,12,recovery_to_target_lane,unusual_event_interrupted_by_intersection_rs
ConstructionObstacle,Town06_Rep0_route_002036_route0_01_10_16_11_36,48,R5,R-E2,R-E2|R-E5,R-E5,R-E2,U-E2,R1,R5,15,3.75,24,2,12,recovery_to_target_lane,unusual_event_interrupted_by_intersection_rs
ConstructionObstacle,Town06_Rep0_route_002036_route0_01_10_16_11_36,49,R5,R-E2,R-E2|R-E5,R-E5,R-E2,U-E2,R1,R5,16,4.0,24,3,12,recovery_to_target_lane,unusual_event_interrupted_by_intersection_rs
ConstructionObstacle,Town06_Rep0_route_002036_route0_01_10_16_11_36,50,R5,R-E2,R-E2|R-E5,R-E5,R-E2,U-E2,R1,R5,17,4.25,24,4,12,recovery_to_target_lane,unusual_event_interrupted_by_intersection_rs
ConstructionObstacle,Town06_Rep0_route_002036_route0_01_10_16_11_36,51,R5,R-E2,R-E2|R-E5,R-E5,R-E2,U-E2,R1,R5,18,4.5,24,5,12,recovery_to_target_lane,unusual_event_interrupted_by_intersection_rs
ConstructionObstacle,Town06_Rep0_route_002036_route0_01_10_16_11_36,52,R5,U-E2,R-E5|U-E2,R-E5,U-E2,U-E2,R1,R5,19,4.75,24,0,12,unusual_still_active,unusual_event_interrupted_by_intersection_rs
ConstructionObstacle,Town06_Rep0_route_002036_route0_01_10_16_11_36,53,R5,R-E2,R-E2|R-E5,R-E5,R-E2,U-E2,R1,R5,20,5.0,24,1,12,recovery_to_target_lane,unusual_event_interrupted_by_intersection_rs
ConstructionObstacle,Town06_Rep0_route_002036_route0_01_10_16_11_36,54,R5,U-E2,R-E5|U-E2,R-E5,U-E2,U-E2,R1,R5,21,5.25,24,0,12,unusual_still_active,unusual_event_interrupted_by_intersection_rs
ConstructionObstacle,Town06_Rep0_route_002044_route0_01_10_15_13_06,27,R5,U-E2,R-E5|U-E2,R-E5,U-E2,U-E2,R1,R5,1,0.25,24,0,12,unusual_still_active,unusual_event_interrupted_by_intersection_rs
ConstructionObstacle,Town06_Rep0_route_002044_route0_01_10_15_13_06,28,R5,U-E2,R-E5|U-E2,R-E5,U-E2,U-E2,R1,R5,2,0.5,24,0,12,unusual_still_active,unusual_event_interrupted_by_intersection_rs
ConstructionObstacle,Town06_Rep0_route_002044_route0_01_10_15_13_06,29,R5,U-E2,R-E5|U-E2,R-E5,U-E2,U-E2,R1,R5,3,0.75,24,0,12,unusual_still_active,unusual_event_interrupted_by_intersection_rs
ConstructionObstacle,Town06_Rep0_route_002044_route0_01_10_15_13_06,30,R5,R-E2,R-E2|R-E5,R-E5,R-E2,U-E2,R1,R5,4,1.0,24,1,12,recovery_to_target_lane,unusual_event_interrupted_by_intersection_rs
ConstructionObstacle,Town06_Rep0_route_002044_route0_01_10_15_13_06,31,R5,R-E2,R-E2|R-E5,R-E5,R-E2,U-E2,R1,R5,5,1.25,24,2,12,recovery_to_target_lane,unusual_event_interrupted_by_intersection_rs
ConstructionObstacle,Town06_Rep0_route_002044_route0_01_10_15_13_06,32,R5,U-E2,R-E5|U-E2,R-E5,U-E2,U-E2,R1,R5,6,1.5,24,0,12,unusual_still_active,unusual_event_interrupted_by_intersection_rs
ConstructionObstacle,Town06_Rep0_route_002044_route0_01_10_15_13_06,33,R5,U-E2,R-E5|U-E2,R-E5,U-E2,U-E2,R1,R5,7,1.75,24,0,12,unusual_still_active,unusual_event_interrupted_by_intersection_rs
ConstructionObstacle,Town06_Rep0_route_002044_route0_01_10_15_13_06,34,R5,R-E2,R-E2|R-E5,R-E5,R-E2,U-E2,R1,R5,8,2.0,24,1,12,recovery_to_target_lane,unusual_event_interrupted_by_intersection_rs
ConstructionObstacle,Town06_Rep0_route_002044_route0_01_10_15_13_06,35,R5,R-E2,R-E2|R-E5,R-E5,R-E2,U-E2,R1,R5,9,2.25,24,2,12,recovery_to_target_lane,unusual_event_interrupted_by_intersection_rs
ConstructionObstacle,Town06_Rep0_route_002044_route0_01_10_15_13_06,36,R5,R-E2,R-E2|R-E5,R-E5,R-E2,U-E2,R1,R5,10,2.5,24,3,12,recovery_to_target_lane,unusual_event_interrupted_by_intersection_rs
ConstructionObstacle,Town06_Rep0_route_002044_route0_01_10_15_13_06,37,R5,R-E2,R-E2|R-E5,R-E5,R-E2,U-E2,R1,R5,11,2.75,24,4,12,recovery_to_target_lane,unusual_event_interrupted_by_intersection_rs
ConstructionObstacle,Town06_Rep0_route_002044_route0_01_10_15_13_06,38,R5,R-E2,R-E2|R-E5,R-E5,R-E2,U-E2,R1,R5,12,3.0,24,5,12,recovery_to_target_lane,unusual_event_interrupted_by_intersection_rs
ConstructionObstacle,Town06_Rep0_route_002044_route0_01_10_15_13_06,39,R5,R-E2,R-E2|R-E5,R-E5,R-E2,U-E2,R1,R5,13,3.25,24,6,12,recovery_to_target_lane,unusual_event_interrupted_by_intersection_rs
ConstructionObstacle,Town06_Rep0_route_002044_route0_01_10_15_13_06,40,R5,U-E2,R-E5|U-E2,R-E5,U-E2,U-E2,R1,R5,14,3.5,24,0,12,unusual_still_active,unusual_event_interrupted_by_intersection_rs
ConstructionObstacle,Town06_Rep0_route_002044_route0_01_10_15_13_06,41,R5,R-E2,R-E2|R-E5,R-E5,R-E2,U-E2,R1,R5,15,3.75,24,1,12,recovery_to_target_lane,unusual_event_interrupted_by_intersection_rs
ConstructionObstacle,Town12_Rep0_653_0_route0_01_08_13_26_17,68,R4,U-E2,R-E4|U-E2,R-E4,U-E2,U-E2,R1,R4,1,0.25,24,0,12,unusual_still_active,unusual_event_interrupted_by_intersection_rs
ConstructionObstacle,Town12_Rep0_653_0_route0_01_08_13_26_17,69,R4,U-E2,R-E4|U-E2,R-E4,U-E2,U-E2,R1,R4,2,0.5,24,0,12,unusual_still_active,unusual_event_interrupted_by_intersection_rs
ConstructionObstacle,Town12_Rep0_653_0_route0_01_08_13_26_17,70,R4,U-E2,R-E4|U-E2,R-E4,U-E2,U-E2,R1,R4,3,0.75,24,0,12,unusual_still_active,unusual_event_interrupted_by_intersection_rs
ConstructionObstacle,Town12_Rep0_653_0_route0_01_08_13_26_17,71,R4,U-E2,R-E4|U-E2,R-E4,U-E2,U-E2,R1,R4,4,1.0,24,0,12,unusual_still_active,unusual_event_interrupted_by_intersection_rs
ConstructionObstacle,Town12_Rep0_653_0_route0_01_08_13_26_17,72,R4,R-E2,R-E2|R-E4,R-E4,R-E2,U-E2,R1,R4,5,1.25,24,1,12,recovery_to_target_lane,unusual_event_interrupted_by_intersection_rs
ConstructionObstacle,Town12_Rep0_653_0_route0_01_08_13_26_17,73,R4,U-E2,R-E4|U-E2,R-E4,U-E2,U-E2,R1,R4,6,1.5,24,0,12,unusual_still_active,unusual_event_interrupted_by_intersection_rs
ConstructionObstacle,Town12_Rep0_653_0_route0_01_08_13_26_17,74,R4,U-E2,R-E4|U-E2,R-E4,U-E2,U-E2,R1,R4,7,1.75,24,0,12,unusual_still_active,unusual_event_interrupted_by_intersection_rs
ConstructionObstacle,Town12_Rep0_653_0_route0_01_08_13_26_17,75,R4,R-E2,R-E2|R-E4,R-E4,R-E2,U-E2,R1,R4,8,2.0,24,1,12,recovery_to_target_lane,unusual_event_interrupted_by_intersection_rs
ConstructionObstacle,Town12_Rep0_653_0_route0_01_08_13_26_17,76,R4,R-E2,R-E2|R-E4,R-E4,R-E2,U-E2,R1,R4,9,2.25,24,2,12,recovery_to_target_lane,unusual_event_interrupted_by_intersection_rs
ConstructionObstacle,Town12_Rep0_653_0_route0_01_08_13_26_17,77,R4,R-E2,R-E2|R-E4,R-E4,R-E2,U-E2,R1,R4,10,2.5,24,3,12,recovery_to_target_lane,unusual_event_interrupted_by_intersection_rs
ConstructionObstacle,Town12_Rep0_653_0_route0_01_08_13_26_17,78,R4,R-E2,R-E2|R-E4,R-E4,R-E2,U-E2,R1,R4,11,2.75,24,4,12,recovery_to_target_lane,unusual_event_interrupted_by_intersection_rs
ConstructionObstacle,Town12_Rep0_653_0_route0_01_08_13_26_17,79,R4,R-E2,R-E2|R-E4,R-E4,R-E2,U-E2,R1,R4,12,3.0,24,5,12,recovery_to_target_lane,unusual_event_interrupted_by_intersection_rs
ConstructionObstacle,Town12_Rep0_653_0_route0_01_08_13_26_17,80,R4,R-E2,R-E2|R-E4,R-E4,R-E2,U-E2,R1,R4,13,3.25,24,6,12,recovery_to_target_lane,unusual_event_interrupted_by_intersection_rs
ConstructionObstacle,Town12_Rep0_653_0_route0_01_08_13_26_17,81,R4,U-E2,R-E4|U-E2,R-E4,U-E2,U-E2,R1,R4,14,3.5,24,0,12,unusual_still_active,unusual_event_interrupted_by_intersection_rs
ConstructionObstacle,Town12_Rep0_653_0_route0_01_08_13_26_17,82,R4,U-E2,R-E4|U-E2,R-E4,U-E2,U-E2,R1,R4,15,3.75,24,0,12,unusual_still_active,unusual_event_interrupted_by_intersection_rs
ConstructionObstacle,Town12_Rep0_653_0_route0_01_08_13_26_17,83,R4,U-E2,R-E4|U-E2,R-E4,U-E2,U-E2,R1,R4,16,4.0,24,0,12,unusual_still_active,unusual_event_interrupted_by_intersection_rs
ConstructionObstacle,Town12_Rep0_653_0_route0_01_08_13_26_17,84,R4,U-E2,R-E4|U-E2,R-E4,U-E2,U-E2,R1,R4,17,4.25,24,0,12,unusual_still_active,unusual_event_interrupted_by_intersection_rs
ConstructionObstacle,Town12_Rep0_653_0_route0_01_08_13_26_17,85,R4,R-E2,R-E2|R-E4,R-E4,R-E2,U-E2,R1,R4,18,4.5,24,1,12,recovery_to_target_lane,unusual_event_interrupted_by_intersection_rs
ConstructionObstacle,Town12_Rep0_653_0_route0_01_08_13_26_17,86,R4,R-E2,R-E2|R-E4,R-E4,R-E2,U-E2,R1,R4,19,4.75,24,2,12,recovery_to_target_lane,unusual_event_interrupted_by_intersection_rs
ConstructionObstacle,Town12_Rep0_653_0_route0_01_08_13_26_17,87,R4,R-E2,R-E2|R-E4,R-E4,R-E2,U-E2,R1,R4,20,5.0,24,3,12,recovery_to_target_lane,unusual_event_interrupted_by_intersection_rs
ConstructionObstacle,Town12_Rep0_653_0_route0_01_08_13_26_17,88,R4,R-E2,R-E2|R-E4,R-E4,R-E2,U-E2,R1,R4,21,5.25,24,4,12,recovery_to_target_lane,unusual_event_interrupted_by_intersection_rs
ConstructionObstacle,Town12_Rep0_653_0_route0_01_08_13_26_17,89,R4,R-E2,R-E2|R-E4,R-E4,R-E2,U-E2,R1,R4,22,5.5,24,5,12,recovery_to_target_lane,unusual_event_interrupted_by_intersection_rs
ConstructionObstacle,Town12_Rep0_653_0_route0_01_08_13_26_17,90,R4,U-E2,R-E4|U-E2,R-E4,U-E2,U-E2,R1,R4,23,5.75,24,0,12,unusual_still_active,unusual_event_interrupted_by_intersection_rs
ConstructionObstacle,Town12_Rep0_653_0_route0_01_08_13_26_17,91,R4,U-E2,R-E4|U-E2,R-E4,U-E2,U-E2,R1,R4,24,6.0,24,0,12,unusual_still_active,unusual_event_interrupted_by_intersection_rs
ConstructionObstacleTwoWays,Town07_Rep0_route_001186_route0_01_09_16_45_49,41,R4,U-E2,R-E4|U-E2,R-E4,U-E2,U-E2,R2,R4,1,0.25,24,0,12,unusual_still_active,unusual_event_interrupted_by_intersection_rs
ConstructionObstacleTwoWays,Town07_Rep0_route_001186_route0_01_09_16_45_49,42,R4,U-E2,R-E4|U-E2,R-E4,U-E2,U-E2,R2,R4,2,0.5,24,0,12,unusual_still_active,unusual_event_interrupted_by_intersection_rs
ConstructionObstacleTwoWays,Town07_Rep0_route_001186_route0_01_09_16_45_49,43,R4,U-E2,R-E4|U-E2,R-E4,U-E2,U-E2,R2,R4,3,0.75,24,0,12,unusual_still_active,unusual_event_interrupted_by_intersection_rs
ConstructionObstacleTwoWays,Town07_Rep0_route_001186_route0_01_09_16_45_49,44,R4,U-E2,R-E4|U-E2,R-E4,U-E2,U-E2,R2,R4,4,1.0,24,0,12,unusual_still_active,unusual_event_interrupted_by_intersection_rs
ConstructionObstacleTwoWays,Town07_Rep0_route_001186_route0_01_09_16_45_49,45,R4,U-E2,R-E4|U-E2,R-E4,U-E2,U-E2,R2,R4,5,1.25,24,0,12,unusual_still_active,unusual_event_interrupted_by_intersection_rs
ConstructionObstacleTwoWays,Town07_Rep0_route_001186_route0_01_09_16_45_49,46,R4,U-E2,R-E4|U-E2,R-E4,U-E2,U-E2,R2,R4,6,1.5,24,0,12,unusual_still_active,unusual_event_interrupted_by_intersection_rs
ConstructionObstacleTwoWays,Town07_Rep0_route_001186_route0_01_09_16_45_49,47,R4,U-E2,R-E4|U-E2,R-E4,U-E2,U-E2,R2,R4,7,1.75,24,0,12,unusual_still_active,unusual_event_interrupted_by_intersection_rs
ConstructionObstacleTwoWays,Town07_Rep0_route_001186_route0_01_09_16_45_49,48,R4,U-E2,R-E4|U-E2,R-E4,U-E2,U-E2,R2,R4,8,2.0,24,0,12,unusual_still_active,unusual_event_interrupted_by_intersection_rs
ConstructionObstacleTwoWays,Town07_Rep0_route_001186_route0_01_09_16_45_49,49,R4,U-E2,R-E4|U-E2,R-E4,U-E2,U-E2,R2,R4,9,2.25,24,0,12,unusual_still_active,unusual_event_interrupted_by_intersection_rs
ConstructionObstacleTwoWays,Town07_Rep0_route_001186_route0_01_09_16_45_49,50,R4,U-E2,R-E4|U-E2,R-E4,U-E2,U-E2,R2,R4,10,2.5,24,0,12,unusual_still_active,unusual_event_interrupted_by_intersection_rs
ConstructionObstacleTwoWays,Town07_Rep0_route_001186_route0_01_09_16_45_49,51,R4,U-E2,R-E4|U-E2,R-E4,U-E2,U-E2,R2,R4,11,2.75,24,0,12,unusual_still_active,unusual_event_interrupted_by_intersection_rs
ConstructionObstacleTwoWays,Town07_Rep0_route_001186_route0_01_09_16_45_49,52,R4,U-E2,R-E4|U-E2,R-E4,U-E2,U-E2,R2,R4,12,3.0,24,0,12,unusual_still_active,unusual_event_interrupted_by_intersection_rs
ConstructionObstacleTwoWays,Town07_Rep0_route_001186_route0_01_09_16_45_49,53,R4,U-E2,R-E4|U-E2,R-E4,U-E2,U-E2,R2,R4,13,3.25,24,0,12,unusual_still_active,unusual_event_interrupted_by_intersection_rs
ConstructionObstacleTwoWays,Town07_Rep0_route_001186_route0_01_09_16_45_49,54,R4,U-E2,R-E4|U-E2,R-E4,U-E2,U-E2,R2,R4,14,3.5,24,0,12,unusual_still_active,unusual_event_interrupted_by_intersection_rs
ConstructionObstacleTwoWays,Town07_Rep0_route_001186_route0_01_09_16_45_49,55,R4,U-E2,R-E4|U-E2,R-E4,U-E2,U-E2,R2,R4,15,3.75,24,0,12,unusual_still_active,unusual_event_interrupted_by_intersection_rs
ConstructionObstacleTwoWays,Town07_Rep0_route_001186_route0_01_09_16_45_49,56,R4,U-E2,R-E4|U-E2,R-E4,U-E2,U-E2,R2,R4,16,4.0,24,0,12,unusual_still_active,unusual_event_interrupted_by_intersection_rs
ConstructionObstacleTwoWays,Town07_Rep0_route_001186_route0_01_09_16_45_49,57,R4,U-E2,R-E4|U-E2,R-E4,U-E2,U-E2,R2,R4,17,4.25,24,0,12,unusual_still_active,unusual_event_interrupted_by_intersection_rs
ConstructionObstacleTwoWays,Town07_Rep0_route_001186_route0_01_09_16_45_49,58,R4,U-E2,R-E4|U-E2,R-E4,U-E2,U-E2,R2,R4,18,4.5,24,0,12,unusual_still_active,unusual_event_interrupted_by_intersection_rs
ConstructionObstacleTwoWays,Town07_Rep0_route_001186_route0_01_09_16_45_49,59,R4,U-E2,R-E4|U-E2,R-E4,U-E2,U-E2,R2,R4,19,4.75,24,0,12,unusual_still_active,unusual_event_interrupted_by_intersection_rs
ConstructionObstacleTwoWays,Town07_Rep0_route_001186_route0_01_09_16_45_49,60,R4,U-E2,R-E4|U-E2,R-E4,U-E2,U-E2,R2,R4,20,5.0,24,0,12,unusual_still_active,unusual_event_interrupted_by_intersection_rs
ConstructionObstacleTwoWays,Town07_Rep0_route_001186_route0_01_09_16_45_49,61,R4,U-E2,R-E4|U-E2,R-E4,U-E2,U-E2,R2,R4,21,5.25,24,0,12,unusual_still_active,unusual_event_interrupted_by_intersection_rs
ConstructionObstacleTwoWays,Town07_Rep0_route_001186_route0_01_09_16_45_49,62,R4,U-E2,R-E4|U-E2,R-E4,U-E2,U-E2,R2,R4,22,5.5,24,0,12,unusual_still_active,unusual_event_interrupted_by_intersection_rs
ConstructionObstacleTwoWays,Town07_Rep0_route_001186_route0_01_09_16_45_49,63,R4,U-E2,R-E4|U-E2,R-E4,U-E2,U-E2,R2,R4,23,5.75,24,0,12,unusual_still_active,unusual_event_interrupted_by_intersection_rs
ConstructionObstacleTwoWays,Town07_Rep0_route_001186_route0_01_09_16_45_49,64,R4,U-E2,R-E4|U-E2,R-E4,U-E2,U-E2,R2,R4,24,6.0,24,0,12,unusual_still_active,unusual_event_interrupted_by_intersection_rs
ConstructionObstacleTwoWays,Town12_Rep0_route_001146_route0_01_10_09_18_13,84,R4,U-E2,R-E4|U-E2,R-E4,U-E2,U-E2,R2,R4,1,0.25,24,0,12,unusual_still_active,unusual_event_interrupted_by_intersection_rs
ConstructionObstacleTwoWays,Town12_Rep0_route_001146_route0_01_10_09_18_13,85,R4,U-E2,R-E4|U-E2,R-E4,U-E2,U-E2,R2,R4,2,0.5,24,0,12,unusual_still_active,unusual_event_interrupted_by_intersection_rs
ConstructionObstacleTwoWays,Town12_Rep0_route_001146_route0_01_10_09_18_13,86,R4,R-E2,R-E2|R-E4,R-E4,R-E2,U-E2,R2,R4,3,0.75,24,1,12,recovery_to_target_lane,unusual_event_interrupted_by_intersection_rs
ConstructionObstacleTwoWays,Town12_Rep0_route_001146_route0_01_10_09_18_13,87,R4,R-E2,R-E2|R-E4,R-E4,R-E2,U-E2,R2,R4,4,1.0,24,2,12,recovery_to_target_lane,unusual_event_interrupted_by_intersection_rs
ConstructionObstacleTwoWays,Town12_Rep0_route_001146_route0_01_10_09_18_13,88,R4,R-E2,R-E2|R-E4,R-E4,R-E2,U-E2,R2,R4,5,1.25,24,3,12,recovery_to_target_lane,unusual_event_interrupted_by_intersection_rs
ConstructionObstacleTwoWays,Town12_Rep0_route_001147_route0_01_11_15_29_11,87,R4,U-E2,R-E4|U-E2,R-E4,U-E2,U-E2,R2,R4,1,0.25,24,0,12,unusual_still_active,unusual_event_interrupted_by_intersection_rs
ConstructionObstacleTwoWays,Town12_Rep0_route_001147_route0_01_11_15_29_11,88,R4,U-E2,R-E4|U-E2,R-E4,U-E2,U-E2,R2,R4,2,0.5,24,0,12,unusual_still_active,unusual_event_interrupted_by_intersection_rs
ConstructionObstacleTwoWays,Town12_Rep0_route_001147_route0_01_11_15_29_11,89,R4,R-E2,R-E2|R-E4,R-E4,R-E2,U-E2,R2,R4,3,0.75,24,1,12,recovery_to_target_lane,unusual_event_interrupted_by_intersection_rs
ConstructionObstacleTwoWays,Town12_Rep0_route_001147_route0_01_11_15_29_11,90,R4,R-E2,R-E2|R-E4,R-E4,R-E2,U-E2,R2,R4,4,1.0,24,2,12,recovery_to_target_lane,unusual_event_interrupted_by_intersection_rs
ConstructionObstacleTwoWays,Town12_Rep0_route_001148_route0_01_08_14_19_00,55,R4,U-E2,R-E4|U-E2,R-E4,U-E2,U-E2,R2,R4,1,0.25,24,0,12,unusual_still_active,unusual_event_interrupted_by_intersection_rs
ConstructionObstacleTwoWays,Town12_Rep0_route_001148_route0_01_08_14_19_00,56,R4,R-E2,R-E2|R-E4,R-E4,R-E2,U-E2,R2,R4,2,0.5,24,1,12,recovery_to_target_lane,unusual_event_interrupted_by_intersection_rs
ConstructionObstacleTwoWays,Town12_Rep0_route_001148_route0_01_08_14_19_00,57,R4,R-E2,R-E2|R-E4,R-E4,R-E2,U-E2,R2,R4,3,0.75,24,2,12,recovery_to_target_lane,unusual_event_interrupted_by_intersection_rs
ConstructionObstacleTwoWays,Town12_Rep0_route_001148_route0_01_08_14_19_00,58,R4,U-E2,R-E4|U-E2,R-E4,U-E2,U-E2,R2,R4,4,1.0,24,0,12,unusual_still_active,unusual_event_interrupted_by_intersection_rs
ConstructionObstacleTwoWays,Town12_Rep0_route_001148_route0_01_08_14_19_00,59,R4,U-E2,R-E4|U-E2,R-E4,U-E2,U-E2,R2,R4,5,1.25,24,0,12,unusual_still_active,unusual_event_interrupted_by_intersection_rs
ConstructionObstacleTwoWays,Town12_Rep0_route_001148_route0_01_08_14_19_00,60,R4,U-E2,R-E4|U-E2,R-E4,U-E2,U-E2,R2,R4,6,1.5,24,0,12,unusual_still_active,unusual_event_interrupted_by_intersection_rs
ConstructionObstacleTwoWays,Town12_Rep0_route_001149_route0_01_08_20_09_23,52,R4,U-E2,R-E4|U-E2,R-E4,U-E2,U-E2,R2,R4,1,0.25,24,0,12,unusual_still_active,unusual_event_interrupted_by_intersection_rs
ConstructionObstacleTwoWays,Town12_Rep0_route_001149_route0_01_08_20_09_23,53,R4,U-E2,R-E4|U-E2,R-E4,U-E2,U-E2,R2,R4,2,0.5,24,0,12,unusual_still_active,unusual_event_interrupted_by_intersection_rs
ConstructionObstacleTwoWays,Town12_Rep0_route_001149_route0_01_08_20_09_23,54,R4,R-E2,R-E2|R-E4,R-E4,R-E2,U-E2,R2,R4,3,0.75,24,1,12,recovery_to_target_lane,unusual_event_interrupted_by_intersection_rs
ConstructionObstacleTwoWays,Town12_Rep0_route_001149_route0_01_08_20_09_23,55,R4,R-E2,R-E2|R-E4,R-E4,R-E2,U-E2,R2,R4,4,1.0,24,2,12,recovery_to_target_lane,unusual_event_interrupted_by_intersection_rs
ConstructionObstacleTwoWays,Town12_Rep0_route_001149_route0_01_08_20_09_23,56,R4,R-E2,R-E2|R-E4,R-E4,R-E2,U-E2,R2,R4,5,1.25,24,3,12,recovery_to_target_lane,unusual_event_interrupted_by_intersection_rs
ConstructionObstacleTwoWays,Town12_Rep0_route_001149_route0_01_08_20_09_23,57,R4,R-E2,R-E2|R-E4,R-E4,R-E2,U-E2,R2,R4,6,1.5,24,4,12,recovery_to_target_lane,unusual_event_interrupted_by_intersection_rs
ConstructionObstacleTwoWays,Town12_Rep0_route_001152_route0_01_10_01_52_18,88,R4,U-E2,R-E4|U-E2,R-E4,U-E2,U-E2,R2,R4,1,0.25,24,0,12,unusual_still_active,unusual_event_interrupted_by_intersection_rs
ConstructionObstacleTwoWays,Town12_Rep0_route_001152_route0_01_10_01_52_18,89,R4,R-E2,R-E2|R-E4,R-E4,R-E2,U-E2,R2,R4,2,0.5,24,1,12,recovery_to_target_lane,unusual_event_interrupted_by_intersection_rs
ConstructionObstacleTwoWays,Town12_Rep0_route_001152_route0_01_10_01_52_18,90,R4,R-E2,R-E2|R-E4,R-E4,R-E2,U-E2,R2,R4,3,0.75,24,2,12,recovery_to_target_lane,unusual_event_interrupted_by_intersection_rs
ConstructionObstacleTwoWays,Town12_Rep0_route_001152_route0_01_10_01_52_18,91,R4,R-E2,R-E2|R-E4,R-E4,R-E2,U-E2,R2,R4,4,1.0,24,3,12,recovery_to_target_lane,unusual_event_interrupted_by_intersection_rs
ConstructionObstacleTwoWays,Town12_Rep0_route_001154_route0_01_08_14_08_36,54,R4,U-E2,R-E4|U-E2,R-E4,U-E2,U-E2,R2,R4,1,0.25,24,0,12,unusual_still_active,unusual_event_interrupted_by_intersection_rs
ConstructionObstacleTwoWays,Town12_Rep0_route_001154_route0_01_08_14_08_36,55,R4,R-E2,R-E2|R-E4,R-E4,R-E2,U-E2,R2,R4,2,0.5,24,1,12,recovery_to_target_lane,unusual_event_interrupted_by_intersection_rs
ConstructionObstacleTwoWays,Town12_Rep0_route_001154_route0_01_08_14_08_36,56,R4,R-E2,R-E2|R-E4,R-E4,R-E2,U-E2,R2,R4,3,0.75,24,2,12,recovery_to_target_lane,unusual_event_interrupted_by_intersection_rs
ConstructionObstacleTwoWays,Town12_Rep0_route_001154_route0_01_08_14_08_36,57,R4,R-E2,R-E2|R-E4,R-E4,R-E2,U-E2,R2,R4,4,1.0,24,3,12,recovery_to_target_lane,unusual_event_interrupted_by_intersection_rs
ConstructionObstacleTwoWays,Town12_Rep0_route_001162_route0_01_09_16_00_54,54,R4,U-E2,R-E4|U-E2,R-E4,U-E2,U-E2,R2,R4,1,0.25,24,0,12,unusual_still_active,unusual_event_interrupted_by_intersection_rs
ConstructionObstacleTwoWays,Town12_Rep0_route_001162_route0_01_09_16_00_54,55,R4,U-E2,R-E4|U-E2,R-E4,U-E2,U-E2,R2,R4,2,0.5,24,0,12,unusual_still_active,unusual_event_interrupted_by_intersection_rs
ConstructionObstacleTwoWays,Town12_Rep0_route_001162_route0_01_09_16_00_54,56,R4,R-E2,R-E2|R-E4,R-E4,R-E2,U-E2,R2,R4,3,0.75,24,1,12,recovery_to_target_lane,unusual_event_interrupted_by_intersection_rs
ConstructionObstacleTwoWays,Town12_Rep0_route_001162_route0_01_09_16_00_54,57,R4,R-E2,R-E2|R-E4,R-E4,R-E2,U-E2,R2,R4,4,1.0,24,2,12,recovery_to_target_lane,unusual_event_interrupted_by_intersection_rs
ConstructionObstacleTwoWays,Town12_Rep0_route_001162_route0_01_09_16_00_54,58,R4,R-E2,R-E2|R-E4,R-E4,R-E2,U-E2,R2,R4,5,1.25,24,3,12,recovery_to_target_lane,unusual_event_interrupted_by_intersection_rs
ConstructionObstacleTwoWays,Town12_Rep0_route_001164_route0_01_08_19_28_01,54,R4,U-E2,R-E4|U-E2,R-E4,U-E2,U-E2,R2,R4,1,0.25,24,0,12,unusual_still_active,unusual_event_interrupted_by_intersection_rs
ConstructionObstacleTwoWays,Town12_Rep0_route_001164_route0_01_08_19_28_01,55,R4,R-E2,R-E2|R-E4,R-E4,R-E2,U-E2,R2,R4,2,0.5,24,1,12,recovery_to_target_lane,unusual_event_interrupted_by_intersection_rs
ConstructionObstacleTwoWays,Town12_Rep0_route_001164_route0_01_08_19_28_01,56,R4,R-E2,R-E2|R-E4,R-E4,R-E2,U-E2,R2,R4,3,0.75,24,2,12,recovery_to_target_lane,unusual_event_interrupted_by_intersection_rs
ConstructionObstacleTwoWays,Town12_Rep0_route_001164_route0_01_08_19_28_01,57,R4,R-E2,R-E2|R-E4,R-E4,R-E2,U-E2,R2,R4,4,1.0,24,3,12,recovery_to_target_lane,unusual_event_interrupted_by_intersection_rs
ConstructionObstacleTwoWays,Town12_Rep0_route_001164_route0_01_08_19_28_01,58,R4,R-E2,R-E2|R-E4,R-E4,R-E2,U-E2,R2,R4,5,1.25,24,4,12,recovery_to_target_lane,unusual_event_interrupted_by_intersection_rs
ConstructionObstacleTwoWays,Town12_Rep0_route_001166_route0_01_09_01_01_45,55,R4,U-E2,R-E4|U-E2,R-E4,U-E2,U-E2,R2,R4,1,0.25,24,0,12,unusual_still_active,unusual_event_interrupted_by_intersection_rs
ConstructionObstacleTwoWays,Town12_Rep0_route_001166_route0_01_09_01_01_45,56,R4,R-E2,R-E2|R-E4,R-E4,R-E2,U-E2,R2,R4,2,0.5,24,1,12,recovery_to_target_lane,unusual_event_interrupted_by_intersection_rs
ConstructionObstacleTwoWays,Town12_Rep0_route_001166_route0_01_09_01_01_45,57,R4,R-E2,R-E2|R-E4,R-E4,R-E2,U-E2,R2,R4,3,0.75,24,2,12,recovery_to_target_lane,unusual_event_interrupted_by_intersection_rs
ConstructionObstacleTwoWays,Town12_Rep0_route_001166_route0_01_09_01_01_45,58,R4,R-E2,R-E2|R-E4,R-E4,R-E2,U-E2,R2,R4,4,1.0,24,3,12,recovery_to_target_lane,unusual_event_interrupted_by_intersection_rs
ConstructionObstacleTwoWays,Town12_Rep0_route_001166_route0_01_09_01_01_45,59,R4,R-E2,R-E2|R-E4,R-E4,R-E2,U-E2,R2,R4,5,1.25,24,4,12,recovery_to_target_lane,unusual_event_interrupted_by_intersection_rs
ConstructionObstacleTwoWays,Town12_Rep0_route_001166_route0_01_09_01_01_45,60,R4,U-E2,R-E4|U-E2,R-E4,U-E2,U-E2,R2,R4,6,1.5,24,0,12,unusual_still_active,unusual_event_interrupted_by_intersection_rs
ConstructionObstacleTwoWays,Town12_Rep0_route_001168_route0_01_10_03_22_18,52,R4,U-E2,R-E4|U-E2,R-E4,U-E2,U-E2,R2,R4,1,0.25,24,0,12,unusual_still_active,unusual_event_interrupted_by_intersection_rs
ConstructionObstacleTwoWays,Town12_Rep0_route_001168_route0_01_10_03_22_18,53,R4,U-E2,R-E4|U-E2,R-E4,U-E2,U-E2,R2,R4,2,0.5,24,0,12,unusual_still_active,unusual_event_interrupted_by_intersection_rs
ConstructionObstacleTwoWays,Town12_Rep0_route_001168_route0_01_10_03_22_18,54,R4,R-E2,R-E2|R-E4,R-E4,R-E2,U-E2,R2,R4,3,0.75,24,1,12,recovery_to_target_lane,unusual_event_interrupted_by_intersection_rs
ConstructionObstacleTwoWays,Town12_Rep0_route_001168_route0_01_10_03_22_18,55,R4,R-E2,R-E2|R-E4,R-E4,R-E2,U-E2,R2,R4,4,1.0,24,2,12,recovery_to_target_lane,unusual_event_interrupted_by_intersection_rs
ConstructionObstacleTwoWays,Town12_Rep0_route_001168_route0_01_10_03_22_18,56,R4,R-E2,R-E2|R-E4,R-E4,R-E2,U-E2,R2,R4,5,1.25,24,3,12,recovery_to_target_lane,unusual_event_interrupted_by_intersection_rs
ConstructionObstacleTwoWays,Town12_Rep0_route_002664_route0_01_10_08_49_40,265,R4,U-E2,R-E4|U-E2,R-E4,U-E2,U-E2,R2,R4,1,0.25,24,0,12,unusual_still_active,unusual_event_interrupted_by_intersection_rs
ConstructionObstacleTwoWays,Town12_Rep0_route_002664_route0_01_10_08_49_40,266,R4,U-E2,R-E4|U-E2,R-E4,U-E2,U-E2,R2,R4,2,0.5,24,0,12,unusual_still_active,unusual_event_interrupted_by_intersection_rs
ConstructionObstacleTwoWays,Town12_Rep0_route_002664_route0_01_10_08_49_40,267,R4,R-E2,R-E2|R-E4,R-E4,R-E2,U-E2,R2,R4,3,0.75,24,1,12,recovery_to_target_lane,unusual_event_interrupted_by_intersection_rs
ConstructionObstacleTwoWays,Town12_Rep0_route_002664_route0_01_10_08_49_40,268,R4,R-E2,R-E2|R-E4,R-E4,R-E2,U-E2,R2,R4,4,1.0,24,2,12,recovery_to_target_lane,unusual_event_interrupted_by_intersection_rs
ConstructionObstacleTwoWays,Town12_Rep0_route_002691_route0_01_09_05_47_51,139,R4,U-E2,R-E4|U-E2,R-E4,U-E2,U-E2,R2,R4,1,0.25,24,0,12,unusual_still_active,unusual_event_interrupted_by_intersection_rs
ConstructionObstacleTwoWays,Town12_Rep0_route_002691_route0_01_09_05_47_51,140,R4,R-E2,R-E2|R-E4,R-E4,R-E2,U-E2,R2,R4,2,0.5,24,1,12,recovery_to_target_lane,unusual_event_interrupted_by_intersection_rs
ConstructionObstacleTwoWays,Town12_Rep0_route_002691_route0_01_09_05_47_51,141,R4,R-E2,R-E2|R-E4,R-E4,R-E2,U-E2,R2,R4,3,0.75,24,2,12,recovery_to_target_lane,unusual_event_interrupted_by_intersection_rs
ConstructionObstacleTwoWays,Town12_Rep0_route_002691_route0_01_09_05_47_51,142,R4,R-E2,R-E2|R-E4,R-E4,R-E2,U-E2,R2,R4,4,1.0,24,3,12,recovery_to_target_lane,unusual_event_interrupted_by_intersection_rs
ConstructionObstacleTwoWays,Town12_Rep0_route_002707_route0_01_11_02_09_49,264,R4,U-E2,R-E4|U-E2,R-E4,U-E2,U-E2,R2,R4,1,0.25,24,0,12,unusual_still_active,unusual_event_interrupted_by_intersection_rs
ConstructionObstacleTwoWays,Town12_Rep0_route_002707_route0_01_11_02_09_49,265,R4,U-E2,R-E4|U-E2,R-E4,U-E2,U-E2,R2,R4,2,0.5,24,0,12,unusual_still_active,unusual_event_interrupted_by_intersection_rs
ConstructionObstacleTwoWays,Town12_Rep0_route_002707_route0_01_11_02_09_49,266,R4,R-E2,R-E2|R-E4,R-E4,R-E2,U-E2,R2,R4,3,0.75,24,1,12,recovery_to_target_lane,unusual_event_interrupted_by_intersection_rs
ConstructionObstacleTwoWays,Town12_Rep0_route_002707_route0_01_11_02_09_49,267,R4,R-E2,R-E2|R-E4,R-E4,R-E2,U-E2,R2,R4,4,1.0,24,2,12,recovery_to_target_lane,unusual_event_interrupted_by_intersection_rs
ConstructionObstacleTwoWays,Town13_Rep0_route_001243_route0_01_10_05_01_09,53,R4,U-E2,R-E4|U-E2,R-E4,U-E2,U-E2,R2,R4,1,0.25,24,0,12,unusual_still_active,unusual_event_interrupted_by_intersection_rs
ConstructionObstacleTwoWays,Town13_Rep0_route_001243_route0_01_10_05_01_09,54,R4,R-E2,R-E2|R-E4,R-E4,R-E2,U-E2,R2,R4,2,0.5,24,1,12,recovery_to_target_lane,unusual_event_interrupted_by_intersection_rs
ConstructionObstacleTwoWays,Town13_Rep0_route_001243_route0_01_10_05_01_09,55,R4,R-E2,R-E2|R-E4,R-E4,R-E2,U-E2,R2,R4,3,0.75,24,2,12,recovery_to_target_lane,unusual_event_interrupted_by_intersection_rs
ConstructionObstacleTwoWays,Town13_Rep0_route_001243_route0_01_10_05_01_09,56,R4,R-E2,R-E2|R-E4,R-E4,R-E2,U-E2,R2,R4,4,1.0,24,3,12,recovery_to_target_lane,unusual_event_interrupted_by_intersection_rs
ConstructionObstacleTwoWays,Town13_Rep0_route_001243_route0_01_10_05_01_09,57,R4,R-E2,R-E2|R-E4,R-E4,R-E2,U-E2,R2,R4,5,1.25,24,4,12,recovery_to_target_lane,unusual_event_interrupted_by_intersection_rs
ConstructionObstacleTwoWays,Town13_Rep0_route_001243_route0_01_10_05_01_09,58,R4,U-E2,R-E4|U-E2,R-E4,U-E2,U-E2,R2,R4,6,1.5,24,0,12,unusual_still_active,unusual_event_interrupted_by_intersection_rs
ConstructionObstacleTwoWays,Town13_Rep0_route_001244_route0_01_10_23_04_54,80,R4,U-E2,R-E4|U-E2,R-E4,U-E2,U-E2,R2,R4,1,0.25,24,0,12,unusual_still_active,unusual_event_interrupted_by_intersection_rs
ConstructionObstacleTwoWays,Town13_Rep0_route_001244_route0_01_10_23_04_54,81,R4,R-E2,R-E2|R-E4,R-E4,R-E2,U-E2,R2,R4,2,0.5,24,1,12,recovery_to_target_lane,unusual_event_interrupted_by_intersection_rs
ConstructionObstacleTwoWays,Town13_Rep0_route_001244_route0_01_10_23_04_54,82,R4,R-E2,R-E2|R-E4,R-E4,R-E2,U-E2,R2,R4,3,0.75,24,2,12,recovery_to_target_lane,unusual_event_interrupted_by_intersection_rs
ConstructionObstacleTwoWays,Town13_Rep0_route_001244_route0_01_10_23_04_54,83,R4,R-E2,R-E2|R-E4,R-E4,R-E2,U-E2,R2,R4,4,1.0,24,3,12,recovery_to_target_lane,unusual_event_interrupted_by_intersection_rs
ConstructionObstacleTwoWays,Town13_Rep0_route_001244_route0_01_10_23_04_54,84,R4,R-E2,R-E2|R-E4,R-E4,R-E2,U-E2,R2,R4,5,1.25,24,4,12,recovery_to_target_lane,unusual_event_interrupted_by_intersection_rs
ConstructionObstacleTwoWays,Town13_Rep0_route_001244_route0_01_10_23_04_54,85,R4,R-E2,R-E2|R-E4,R-E4,R-E2,U-E2,R2,R4,6,1.5,24,5,12,recovery_to_target_lane,unusual_event_interrupted_by_intersection_rs
ConstructionObstacleTwoWays,Town13_Rep0_route_001252_route0_01_10_16_43_23,90,R4,U-E2,R-E4|U-E2,R-E4,U-E2,U-E2,R2,R4,1,0.25,24,0,12,unusual_still_active,unusual_event_interrupted_by_intersection_rs
ConstructionObstacleTwoWays,Town13_Rep0_route_001252_route0_01_10_16_43_23,91,R4,R-E2,R-E2|R-E4,R-E4,R-E2,U-E2,R2,R4,2,0.5,24,1,12,recovery_to_target_lane,unusual_event_interrupted_by_intersection_rs
ConstructionObstacleTwoWays,Town13_Rep0_route_001252_route0_01_10_16_43_23,92,R4,R-E2,R-E2|R-E4,R-E4,R-E2,U-E2,R2,R4,3,0.75,24,2,12,recovery_to_target_lane,unusual_event_interrupted_by_intersection_rs
ConstructionObstacleTwoWays,Town13_Rep0_route_001252_route0_01_10_16_43_23,93,R4,R-E2,R-E2|R-E4,R-E4,R-E2,U-E2,R2,R4,4,1.0,24,3,12,recovery_to_target_lane,unusual_event_interrupted_by_intersection_rs
ConstructionObstacleTwoWays,Town13_Rep0_route_001257_route0_01_10_08_50_32,87,R4,U-E2,R-E4|U-E2,R-E4,U-E2,U-E2,R2,R4,1,0.25,24,0,12,unusual_still_active,unusual_event_interrupted_by_intersection_rs
ConstructionObstacleTwoWays,Town13_Rep0_route_001257_route0_01_10_08_50_32,88,R4,R-E2,R-E2|R-E4,R-E4,R-E2,U-E2,R2,R4,2,0.5,24,1,12,recovery_to_target_lane,unusual_event_interrupted_by_intersection_rs
ConstructionObstacleTwoWays,Town13_Rep0_route_001257_route0_01_10_08_50_32,89,R4,R-E2,R-E2|R-E4,R-E4,R-E2,U-E2,R2,R4,3,0.75,24,2,12,recovery_to_target_lane,unusual_event_interrupted_by_intersection_rs
ConstructionObstacleTwoWays,Town13_Rep0_route_001257_route0_01_10_08_50_32,90,R4,R-E2,R-E2|R-E4,R-E4,R-E2,U-E2,R2,R4,4,1.0,24,3,12,recovery_to_target_lane,unusual_event_interrupted_by_intersection_rs
ConstructionObstacleTwoWays,Town13_Rep0_route_001257_route0_01_10_08_50_32,91,R4,R-E2,R-E2|R-E4,R-E4,R-E2,U-E2,R2,R4,5,1.25,24,4,12,recovery_to_target_lane,unusual_event_interrupted_by_intersection_rs
ConstructionObstacleTwoWays,Town13_Rep0_route_001257_route0_01_10_08_50_32,92,R4,R-E2,R-E2|R-E4,R-E4,R-E2,U-E2,R2,R4,6,1.5,24,5,12,recovery_to_target_lane,unusual_event_interrupted_by_intersection_rs
ConstructionObstacleTwoWays,Town13_Rep0_route_001261_route0_01_11_04_04_11,89,R4,U-E2,R-E4|U-E2,R-E4,U-E2,U-E2,R2,R4,1,0.25,24,0,12,unusual_still_active,unusual_event_interrupted_by_intersection_rs
ConstructionObstacleTwoWays,Town13_Rep0_route_001261_route0_01_11_04_04_11,90,R4,R-E2,R-E2|R-E4,R-E4,R-E2,U-E2,R2,R4,2,0.5,24,1,12,recovery_to_target_lane,unusual_event_interrupted_by_intersection_rs
ConstructionObstacleTwoWays,Town13_Rep0_route_001261_route0_01_11_04_04_11,91,R4,R-E2,R-E2|R-E4,R-E4,R-E2,U-E2,R2,R4,3,0.75,24,2,12,recovery_to_target_lane,unusual_event_interrupted_by_intersection_rs
ConstructionObstacleTwoWays,Town13_Rep0_route_001261_route0_01_11_04_04_11,92,R4,R-E2,R-E2|R-E4,R-E4,R-E2,U-E2,R2,R4,4,1.0,24,3,12,recovery_to_target_lane,unusual_event_interrupted_by_intersection_rs
ConstructionObstacleTwoWays,Town13_Rep0_route_001264_route0_01_10_05_22_37,86,R4,U-E2,R-E4|U-E2,R-E4,U-E2,U-E2,R2,R4,1,0.25,24,0,12,unusual_still_active,unusual_event_interrupted_by_intersection_rs
ConstructionObstacleTwoWays,Town13_Rep0_route_001264_route0_01_10_05_22_37,87,R4,R-E2,R-E2|R-E4,R-E4,R-E2,U-E2,R2,R4,2,0.5,24,1,12,recovery_to_target_lane,unusual_event_interrupted_by_intersection_rs
ConstructionObstacleTwoWays,Town13_Rep0_route_001264_route0_01_10_05_22_37,88,R4,R-E2,R-E2|R-E4,R-E4,R-E2,U-E2,R2,R4,3,0.75,24,2,12,recovery_to_target_lane,unusual_event_interrupted_by_intersection_rs
ConstructionObstacleTwoWays,Town13_Rep0_route_001264_route0_01_10_05_22_37,89,R4,R-E2,R-E2|R-E4,R-E4,R-E2,U-E2,R2,R4,4,1.0,24,3,12,recovery_to_target_lane,unusual_event_interrupted_by_intersection_rs
ConstructionObstacleTwoWays,Town13_Rep0_route_001266_route0_01_09_12_36_40,90,R4,U-E2,R-E4|U-E2,R-E4,U-E2,U-E2,R2,R4,1,0.25,24,0,12,unusual_still_active,unusual_event_interrupted_by_intersection_rs
ConstructionObstacleTwoWays,Town13_Rep0_route_001266_route0_01_09_12_36_40,91,R4,R-E2,R-E2|R-E4,R-E4,R-E2,U-E2,R2,R4,2,0.5,24,1,12,recovery_to_target_lane,unusual_event_interrupted_by_intersection_rs
ConstructionObstacleTwoWays,Town13_Rep0_route_001266_route0_01_09_12_36_40,92,R4,R-E2,R-E2|R-E4,R-E4,R-E2,U-E2,R2,R4,3,0.75,24,2,12,recovery_to_target_lane,unusual_event_interrupted_by_intersection_rs
ConstructionObstacleTwoWays,Town13_Rep0_route_001266_route0_01_09_12_36_40,93,R4,R-E2,R-E2|R-E4,R-E4,R-E2,U-E2,R2,R4,4,1.0,24,3,12,recovery_to_target_lane,unusual_event_interrupted_by_intersection_rs
ConstructionObstacleTwoWays,Town13_Rep0_route_001270_route0_01_09_04_22_56,86,R4,U-E2,R-E4|U-E2,R-E4,U-E2,U-E2,R2,R4,1,0.25,24,0,12,unusual_still_active,unusual_event_interrupted_by_intersection_rs
ConstructionObstacleTwoWays,Town13_Rep0_route_001270_route0_01_09_04_22_56,87,R4,U-E2,R-E4|U-E2,R-E4,U-E2,U-E2,R2,R4,2,0.5,24,0,12,unusual_still_active,unusual_event_interrupted_by_intersection_rs
ConstructionObstacleTwoWays,Town13_Rep0_route_001270_route0_01_09_04_22_56,88,R4,R-E2,R-E2|R-E4,R-E4,R-E2,U-E2,R2,R4,3,0.75,24,1,12,recovery_to_target_lane,unusual_event_interrupted_by_intersection_rs
ConstructionObstacleTwoWays,Town13_Rep0_route_001270_route0_01_09_04_22_56,89,R4,R-E2,R-E2|R-E4,R-E4,R-E2,U-E2,R2,R4,4,1.0,24,2,12,recovery_to_target_lane,unusual_event_interrupted_by_intersection_rs
ConstructionObstacleTwoWays,Town13_Rep0_route_001270_route0_01_09_04_22_56,90,R4,R-E2,R-E2|R-E4,R-E4,R-E2,U-E2,R2,R4,5,1.25,24,3,12,recovery_to_target_lane,unusual_event_interrupted_by_intersection_rs
ConstructionObstacleTwoWays,Town13_Rep0_route_003163_route0_01_08_15_26_41,109,R4,U-E2,R-E4|U-E2,R-E4,U-E2,U-E2,R2,R4,1,0.25,24,0,12,unusual_still_active,unusual_event_interrupted_by_intersection_rs
ConstructionObstacleTwoWays,Town13_Rep0_route_003163_route0_01_08_15_26_41,110,R4,R-E2,R-E2|R-E4,R-E4,R-E2,U-E2,R2,R4,2,0.5,24,1,12,recovery_to_target_lane,unusual_event_interrupted_by_intersection_rs
ConstructionObstacleTwoWays,Town13_Rep0_route_003163_route0_01_08_15_26_41,111,R4,R-E2,R-E2|R-E4,R-E4,R-E2,U-E2,R2,R4,3,0.75,24,2,12,recovery_to_target_lane,unusual_event_interrupted_by_intersection_rs
ConstructionObstacleTwoWays,Town13_Rep0_route_003163_route0_01_08_15_26_41,112,R4,R-E2,R-E2|R-E4,R-E4,R-E2,U-E2,R2,R4,4,1.0,24,3,12,recovery_to_target_lane,unusual_event_interrupted_by_intersection_rs
ConstructionObstacleTwoWays,Town13_Rep0_route_003165_route0_01_07_21_30_41,53,R4,U-E2,R-E4|U-E2,R-E4,U-E2,U-E2,R2,R4,1,0.25,24,0,12,unusual_still_active,unusual_event_interrupted_by_intersection_rs
ConstructionObstacleTwoWays,Town13_Rep0_route_003165_route0_01_07_21_30_41,54,R4,R-E2,R-E2|R-E4,R-E4,R-E2,U-E2,R2,R4,2,0.5,24,1,12,recovery_to_target_lane,unusual_event_interrupted_by_intersection_rs
ConstructionObstacleTwoWays,Town13_Rep0_route_003165_route0_01_07_21_30_41,55,R4,R-E2,R-E2|R-E4,R-E4,R-E2,U-E2,R2,R4,3,0.75,24,2,12,recovery_to_target_lane,unusual_event_interrupted_by_intersection_rs
ConstructionObstacleTwoWays,Town13_Rep0_route_003165_route0_01_07_21_30_41,56,R4,R-E2,R-E2|R-E4,R-E4,R-E2,U-E2,R2,R4,4,1.0,24,3,12,recovery_to_target_lane,unusual_event_interrupted_by_intersection_rs
ConstructionObstacleTwoWays,Town13_Rep0_route_003165_route0_01_07_21_30_41,57,R4,R-E2,R-E2|R-E4,R-E4,R-E2,U-E2,R2,R4,5,1.25,24,4,12,recovery_to_target_lane,unusual_event_interrupted_by_intersection_rs
ConstructionObstacleTwoWays,Town13_Rep0_route_003167_route0_01_09_17_34_57,80,R4,U-E2,R-E4|U-E2,R-E4,U-E2,U-E2,R2,R4,1,0.25,24,0,12,unusual_still_active,unusual_event_interrupted_by_intersection_rs
ConstructionObstacleTwoWays,Town13_Rep0_route_003167_route0_01_09_17_34_57,81,R4,U-E2,R-E4|U-E2,R-E4,U-E2,U-E2,R2,R4,2,0.5,24,0,12,unusual_still_active,unusual_event_interrupted_by_intersection_rs
ConstructionObstacleTwoWays,Town13_Rep0_route_003167_route0_01_09_17_34_57,82,R4,R-E2,R-E2|R-E4,R-E4,R-E2,U-E2,R2,R4,3,0.75,24,1,12,recovery_to_target_lane,unusual_event_interrupted_by_intersection_rs
ConstructionObstacleTwoWays,Town13_Rep0_route_003167_route0_01_09_17_34_57,83,R4,R-E2,R-E2|R-E4,R-E4,R-E2,U-E2,R2,R4,4,1.0,24,2,12,recovery_to_target_lane,unusual_event_interrupted_by_intersection_rs
ConstructionObstacleTwoWays,Town13_Rep0_route_003167_route0_01_09_17_34_57,84,R4,R-E2,R-E2|R-E4,R-E4,R-E2,U-E2,R2,R4,5,1.25,24,3,12,recovery_to_target_lane,unusual_event_interrupted_by_intersection_rs
ConstructionObstacleTwoWays,Town13_Rep0_route_003167_route0_01_09_17_34_57,85,R4,R-E2,R-E2|R-E4,R-E4,R-E2,U-E2,R2,R4,6,1.5,24,4,12,recovery_to_target_lane,unusual_event_interrupted_by_intersection_rs
ConstructionObstacleTwoWays,Town13_Rep0_route_003168_route0_01_10_13_40_23,54,R4,U-E2,R-E4|U-E2,R-E4,U-E2,U-E2,R2,R4,1,0.25,24,0,12,unusual_still_active,unusual_event_interrupted_by_intersection_rs
ConstructionObstacleTwoWays,Town13_Rep0_route_003168_route0_01_10_13_40_23,55,R4,R-E2,R-E2|R-E4,R-E4,R-E2,U-E2,R2,R4,2,0.5,24,1,12,recovery_to_target_lane,unusual_event_interrupted_by_intersection_rs
ConstructionObstacleTwoWays,Town13_Rep0_route_003168_route0_01_10_13_40_23,56,R4,R-E2,R-E2|R-E4,R-E4,R-E2,U-E2,R2,R4,3,0.75,24,2,12,recovery_to_target_lane,unusual_event_interrupted_by_intersection_rs
ConstructionObstacleTwoWays,Town13_Rep0_route_003168_route0_01_10_13_40_23,57,R4,R-E2,R-E2|R-E4,R-E4,R-E2,U-E2,R2,R4,4,1.0,24,3,12,recovery_to_target_lane,unusual_event_interrupted_by_intersection_rs
ConstructionObstacleTwoWays,Town13_Rep0_route_003168_route0_01_10_13_40_23,58,R4,R-E2,R-E2|R-E4,R-E4,R-E2,U-E2,R2,R4,5,1.25,24,4,12,recovery_to_target_lane,unusual_event_interrupted_by_intersection_rs
ConstructionObstacleTwoWays,Town13_Rep0_route_003170_route0_01_09_03_27_23,53,R4,U-E2,R-E4|U-E2,R-E4,U-E2,U-E2,R2,R4,1,0.25,24,0,12,unusual_still_active,unusual_event_interrupted_by_intersection_rs
ConstructionObstacleTwoWays,Town13_Rep0_route_003170_route0_01_09_03_27_23,54,R4,U-E2,R-E4|U-E2,R-E4,U-E2,U-E2,R2,R4,2,0.5,24,0,12,unusual_still_active,unusual_event_interrupted_by_intersection_rs
ConstructionObstacleTwoWays,Town13_Rep0_route_003170_route0_01_09_03_27_23,55,R4,R-E2,R-E2|R-E4,R-E4,R-E2,U-E2,R2,R4,3,0.75,24,1,12,recovery_to_target_lane,unusual_event_interrupted_by_intersection_rs
ConstructionObstacleTwoWays,Town13_Rep0_route_003170_route0_01_09_03_27_23,56,R4,R-E2,R-E2|R-E4,R-E4,R-E2,U-E2,R2,R4,4,1.0,24,2,12,recovery_to_target_lane,unusual_event_interrupted_by_intersection_rs
ConstructionObstacleTwoWays,Town13_Rep0_route_003170_route0_01_09_03_27_23,57,R4,R-E2,R-E2|R-E4,R-E4,R-E2,U-E2,R2,R4,5,1.25,24,3,12,recovery_to_target_lane,unusual_event_interrupted_by_intersection_rs
ConstructionObstacleTwoWays,Town13_Rep0_route_003173_route0_01_10_13_46_17,53,R4,U-E2,R-E4|U-E2,R-E4,U-E2,U-E2,R2,R4,1,0.25,24,0,12,unusual_still_active,unusual_event_interrupted_by_intersection_rs
ConstructionObstacleTwoWays,Town13_Rep0_route_003173_route0_01_10_13_46_17,54,R4,R-E2,R-E2|R-E4,R-E4,R-E2,U-E2,R2,R4,2,0.5,24,1,12,recovery_to_target_lane,unusual_event_interrupted_by_intersection_rs
ConstructionObstacleTwoWays,Town13_Rep0_route_003173_route0_01_10_13_46_17,55,R4,R-E2,R-E2|R-E4,R-E4,R-E2,U-E2,R2,R4,3,0.75,24,2,12,recovery_to_target_lane,unusual_event_interrupted_by_intersection_rs
ConstructionObstacleTwoWays,Town13_Rep0_route_003173_route0_01_10_13_46_17,56,R4,R-E2,R-E2|R-E4,R-E4,R-E2,U-E2,R2,R4,4,1.0,24,3,12,recovery_to_target_lane,unusual_event_interrupted_by_intersection_rs
ConstructionObstacleTwoWays,Town13_Rep0_route_003173_route0_01_10_13_46_17,57,R4,R-E2,R-E2|R-E4,R-E4,R-E2,U-E2,R2,R4,5,1.25,24,4,12,recovery_to_target_lane,unusual_event_interrupted_by_intersection_rs
ConstructionObstacleTwoWays,Town13_Rep0_route_003174_route0_01_10_14_19_47,53,R4,U-E2,R-E4|U-E2,R-E4,U-E2,U-E2,R2,R4,1,0.25,24,0,12,unusual_still_active,unusual_event_interrupted_by_intersection_rs
ConstructionObstacleTwoWays,Town13_Rep0_route_003174_route0_01_10_14_19_47,54,R4,R-E2,R-E2|R-E4,R-E4,R-E2,U-E2,R2,R4,2,0.5,24,1,12,recovery_to_target_lane,unusual_event_interrupted_by_intersection_rs
ConstructionObstacleTwoWays,Town13_Rep0_route_003174_route0_01_10_14_19_47,55,R4,R-E2,R-E2|R-E4,R-E4,R-E2,U-E2,R2,R4,3,0.75,24,2,12,recovery_to_target_lane,unusual_event_interrupted_by_intersection_rs
ConstructionObstacleTwoWays,Town13_Rep0_route_003174_route0_01_10_14_19_47,56,R4,R-E2,R-E2|R-E4,R-E4,R-E2,U-E2,R2,R4,4,1.0,24,3,12,recovery_to_target_lane,unusual_event_interrupted_by_intersection_rs
ConstructionObstacleTwoWays,Town13_Rep0_route_003175_route0_01_10_08_31_22,52,R4,U-E2,R-E4|U-E2,R-E4,U-E2,U-E2,R2,R4,1,0.25,24,0,12,unusual_still_active,unusual_event_interrupted_by_intersection_rs
ConstructionObstacleTwoWays,Town13_Rep0_route_003175_route0_01_10_08_31_22,53,R4,U-E2,R-E4|U-E2,R-E4,U-E2,U-E2,R2,R4,2,0.5,24,0,12,unusual_still_active,unusual_event_interrupted_by_intersection_rs
ConstructionObstacleTwoWays,Town13_Rep0_route_003175_route0_01_10_08_31_22,54,R4,R-E2,R-E2|R-E4,R-E4,R-E2,U-E2,R2,R4,3,0.75,24,1,12,recovery_to_target_lane,unusual_event_interrupted_by_intersection_rs
ConstructionObstacleTwoWays,Town13_Rep0_route_003175_route0_01_10_08_31_22,55,R4,R-E2,R-E2|R-E4,R-E4,R-E2,U-E2,R2,R4,4,1.0,24,2,12,recovery_to_target_lane,unusual_event_interrupted_by_intersection_rs
ConstructionObstacleTwoWays,Town13_Rep0_route_003175_route0_01_10_08_31_22,56,R4,R-E2,R-E2|R-E4,R-E4,R-E2,U-E2,R2,R4,5,1.25,24,3,12,recovery_to_target_lane,unusual_event_interrupted_by_intersection_rs
ConstructionObstacleTwoWays,Town13_Rep0_route_003179_route0_01_07_22_29_17,53,R4,U-E2,R-E4|U-E2,R-E4,U-E2,U-E2,R2,R4,1,0.25,24,0,12,unusual_still_active,unusual_event_interrupted_by_intersection_rs
ConstructionObstacleTwoWays,Town13_Rep0_route_003179_route0_01_07_22_29_17,54,R4,R-E2,R-E2|R-E4,R-E4,R-E2,U-E2,R2,R4,2,0.5,24,1,12,recovery_to_target_lane,unusual_event_interrupted_by_intersection_rs
ConstructionObstacleTwoWays,Town13_Rep0_route_003179_route0_01_07_22_29_17,55,R4,R-E2,R-E2|R-E4,R-E4,R-E2,U-E2,R2,R4,3,0.75,24,2,12,recovery_to_target_lane,unusual_event_interrupted_by_intersection_rs
ConstructionObstacleTwoWays,Town13_Rep0_route_003179_route0_01_07_22_29_17,56,R4,R-E2,R-E2|R-E4,R-E4,R-E2,U-E2,R2,R4,4,1.0,24,3,12,recovery_to_target_lane,unusual_event_interrupted_by_intersection_rs
ConstructionObstacleTwoWays,Town13_Rep0_route_003192_route0_01_10_11_34_01,55,R4,U-E2,R-E4|U-E2,R-E4,U-E2,U-E2,R2,R4,1,0.25,24,0,12,unusual_still_active,unusual_event_interrupted_by_intersection_rs
ConstructionObstacleTwoWays,Town13_Rep0_route_003192_route0_01_10_11_34_01,56,R4,R-E2,R-E2|R-E4,R-E4,R-E2,U-E2,R2,R4,2,0.5,24,1,12,recovery_to_target_lane,unusual_event_interrupted_by_intersection_rs
ConstructionObstacleTwoWays,Town13_Rep0_route_003192_route0_01_10_11_34_01,57,R4,R-E2,R-E2|R-E4,R-E4,R-E2,U-E2,R2,R4,3,0.75,24,2,12,recovery_to_target_lane,unusual_event_interrupted_by_intersection_rs
ConstructionObstacleTwoWays,Town13_Rep0_route_003192_route0_01_10_11_34_01,58,R4,R-E2,R-E2|R-E4,R-E4,R-E2,U-E2,R2,R4,4,1.0,24,3,12,recovery_to_target_lane,unusual_event_interrupted_by_intersection_rs
ConstructionObstacleTwoWays,Town13_Rep0_route_003192_route0_01_10_11_34_01,59,R4,R-E2,R-E2|R-E4,R-E4,R-E2,U-E2,R2,R4,5,1.25,24,4,12,recovery_to_target_lane,unusual_event_interrupted_by_intersection_rs
ConstructionObstacleTwoWays,Town13_Rep0_route_003208_route0_01_09_13_39_35,53,R4,U-E2,R-E4|U-E2,R-E4,U-E2,U-E2,R2,R4,1,0.25,24,0,12,unusual_still_active,unusual_event_interrupted_by_intersection_rs
ConstructionObstacleTwoWays,Town13_Rep0_route_003208_route0_01_09_13_39_35,54,R4,R-E2,R-E2|R-E4,R-E4,R-E2,U-E2,R2,R4,2,0.5,24,1,12,recovery_to_target_lane,unusual_event_interrupted_by_intersection_rs
ConstructionObstacleTwoWays,Town13_Rep0_route_003208_route0_01_09_13_39_35,55,R4,R-E2,R-E2|R-E4,R-E4,R-E2,U-E2,R2,R4,3,0.75,24,2,12,recovery_to_target_lane,unusual_event_interrupted_by_intersection_rs
ConstructionObstacleTwoWays,Town13_Rep0_route_003208_route0_01_09_13_39_35,56,R4,R-E2,R-E2|R-E4,R-E4,R-E2,U-E2,R2,R4,4,1.0,24,3,12,recovery_to_target_lane,unusual_event_interrupted_by_intersection_rs
CrossingBicycleFlow,Town12_Rep0_136_0_route0_01_08_23_03_51,22,R4,U-E4,R-E4|U-E4,R-E4,U-E4,U-E4,R1,R4,1,0.25,24,0,12,unusual_still_active,unusual_event_interrupted_by_intersection_rs
CrossingBicycleFlow,Town12_Rep0_136_0_route0_01_08_23_03_51,23,R4,U-E4,R-E4|U-E4,R-E4,U-E4,U-E4,R1,R4,2,0.5,24,0,12,unusual_still_active,unusual_event_interrupted_by_intersection_rs
CrossingBicycleFlow,Town12_Rep0_136_0_route0_01_08_23_03_51,24,R4,U-E4,R-E4|U-E4,R-E4,U-E4,U-E4,R1,R4,3,0.75,24,0,12,unusual_still_active,unusual_event_interrupted_by_intersection_rs
CrossingBicycleFlow,Town12_Rep0_136_0_route0_01_08_23_03_51,25,R4,U-E4,R-E4|U-E4,R-E4,U-E4,U-E4,R1,R4,4,1.0,24,0,12,unusual_still_active,unusual_event_interrupted_by_intersection_rs
CrossingBicycleFlow,Town12_Rep0_136_0_route0_01_08_23_03_51,26,R4,U-E4,R-E4|U-E4,R-E4,U-E4,U-E4,R1,R4,5,1.25,24,0,12,unusual_still_active,unusual_event_interrupted_by_intersection_rs
CrossingBicycleFlow,Town12_Rep0_136_0_route0_01_08_23_03_51,27,R4,U-E4,R-E4|U-E4,R-E4,U-E4,U-E4,R1,R4,6,1.5,24,0,12,unusual_still_active,unusual_event_interrupted_by_intersection_rs
CrossingBicycleFlow,Town12_Rep0_136_0_route0_01_08_23_03_51,28,R4,U-E4,R-E4|U-E4,R-E4,U-E4,U-E4,R1,R4,7,1.75,24,0,12,unusual_still_active,unusual_event_interrupted_by_intersection_rs
CrossingBicycleFlow,Town12_Rep0_136_0_route0_01_08_23_03_51,29,R4,U-E4,R-E4|U-E4,R-E4,U-E4,U-E4,R1,R4,8,2.0,24,0,12,unusual_still_active,unusual_event_interrupted_by_intersection_rs
CrossingBicycleFlow,Town12_Rep0_136_0_route0_01_08_23_03_51,30,R4,U-E4,R-E4|U-E4,R-E4,U-E4,U-E4,R1,R4,9,2.25,24,0,12,unusual_still_active,unusual_event_interrupted_by_intersection_rs
CrossingBicycleFlow,Town12_Rep0_136_0_route0_01_08_23_03_51,31,R4,U-E4,R-E4|U-E4,R-E4,U-E4,U-E4,R1,R4,10,2.5,24,0,12,unusual_still_active,unusual_event_interrupted_by_intersection_rs
CrossingBicycleFlow,Town12_Rep0_136_0_route0_01_08_23_03_51,32,R4,U-E4,R-E4|U-E4,R-E4,U-E4,U-E4,R1,R4,11,2.75,24,0,12,unusual_still_active,unusual_event_interrupted_by_intersection_rs
CrossingBicycleFlow,Town12_Rep0_136_0_route0_01_08_23_03_51,33,R4,U-E4,R-E4|U-E4,R-E4,U-E4,U-E4,R1,R4,12,3.0,24,0,12,unusual_still_active,unusual_event_interrupted_by_intersection_rs
CrossingBicycleFlow,Town12_Rep0_136_0_route0_01_08_23_03_51,34,R4,U-E4,R-E4|U-E4,R-E4,U-E4,U-E4,R1,R4,13,3.25,24,0,12,unusual_still_active,unusual_event_interrupted_by_intersection_rs
CrossingBicycleFlow,Town12_Rep0_136_0_route0_01_08_23_03_51,35,R4,U-E4,R-E4|U-E4,R-E4,U-E4,U-E4,R1,R4,14,3.5,24,0,12,unusual_still_active,unusual_event_interrupted_by_intersection_rs
CrossingBicycleFlow,Town12_Rep0_136_0_route0_01_08_23_03_51,36,R4,U-E4,R-E4|U-E4,R-E4,U-E4,U-E4,R1,R4,15,3.75,24,0,12,unusual_still_active,unusual_event_interrupted_by_intersection_rs
CrossingBicycleFlow,Town12_Rep0_136_0_route0_01_08_23_03_51,37,R4,U-E4,R-E4|U-E4,R-E4,U-E4,U-E4,R1,R4,16,4.0,24,0,12,unusual_still_active,unusual_event_interrupted_by_intersection_rs
CrossingBicycleFlow,Town12_Rep0_136_0_route0_01_08_23_03_51,38,R4,U-E4,R-E4|U-E4,R-E4,U-E4,U-E4,R1,R4,17,4.25,24,0,12,unusual_still_active,unusual_event_interrupted_by_intersection_rs
CrossingBicycleFlow,Town12_Rep0_136_0_route0_01_08_23_03_51,39,R4,U-E4,R-E4|U-E4,R-E4,U-E4,U-E4,R1,R4,18,4.5,24,0,12,unusual_still_active,unusual_event_interrupted_by_intersection_rs
CrossingBicycleFlow,Town12_Rep0_136_0_route0_01_08_23_03_51,40,R4,U-E4,R-E4|U-E4,R-E4,U-E4,U-E4,R1,R4,19,4.75,24,0,12,unusual_still_active,unusual_event_interrupted_by_intersection_rs
CrossingBicycleFlow,Town12_Rep0_136_0_route0_01_08_23_03_51,41,R4,U-E4,R-E4|U-E4,R-E4,U-E4,U-E4,R1,R4,20,5.0,24,0,12,unusual_still_active,unusual_event_interrupted_by_intersection_rs
CrossingBicycleFlow,Town12_Rep0_136_0_route0_01_08_23_03_51,42,R4,U-E4,R-E4|U-E4,R-E4,U-E4,U-E4,R1,R4,21,5.25,24,0,12,unusual_still_active,unusual_event_interrupted_by_intersection_rs
CrossingBicycleFlow,Town12_Rep0_136_0_route0_01_08_23_03_51,43,R4,U-E4,R-E4|U-E4,R-E4,U-E4,U-E4,R1,R4,22,5.5,24,0,12,unusual_still_active,unusual_event_interrupted_by_intersection_rs
CrossingBicycleFlow,Town12_Rep0_136_0_route0_01_08_23_03_51,44,R4,U-E4,R-E4|U-E4,R-E4,U-E4,U-E4,R1,R4,23,5.75,24,0,12,unusual_still_active,unusual_event_interrupted_by_intersection_rs
CrossingBicycleFlow,Town12_Rep0_136_0_route0_01_08_23_03_51,45,R4,U-E4,R-E4|U-E4,R-E4,U-E4,U-E4,R1,R4,24,6.0,24,0,12,unusual_still_active,unusual_event_interrupted_by_intersection_rs
CrossingBicycleFlow,Town12_Rep0_136_1_route0_01_10_21_53_51,45,R4,U-E4,R-E4|U-E4,R-E4,U-E4,U-E4,R1,R4,1,0.25,24,0,12,unusual_still_active,unusual_event_interrupted_by_intersection_rs
CrossingBicycleFlow,Town12_Rep0_136_1_route0_01_10_21_53_51,46,R4,U-E4,R-E4|U-E4,R-E4,U-E4,U-E4,R1,R4,2,0.5,24,0,12,unusual_still_active,unusual_event_interrupted_by_intersection_rs
CrossingBicycleFlow,Town12_Rep0_136_1_route0_01_10_21_53_51,47,R4,U-E4,R-E4|U-E4,R-E4,U-E4,U-E4,R1,R4,3,0.75,24,0,12,unusual_still_active,unusual_event_interrupted_by_intersection_rs
CrossingBicycleFlow,Town12_Rep0_136_1_route0_01_10_21_53_51,48,R4,U-E4,R-E4|U-E4,R-E4,U-E4,U-E4,R1,R4,4,1.0,24,0,12,unusual_still_active,unusual_event_interrupted_by_intersection_rs
CrossingBicycleFlow,Town12_Rep0_136_1_route0_01_10_21_53_51,49,R4,U-E4,R-E4|U-E4,R-E4,U-E4,U-E4,R1,R4,5,1.25,24,0,12,unusual_still_active,unusual_event_interrupted_by_intersection_rs
CrossingBicycleFlow,Town12_Rep0_136_1_route0_01_10_21_53_51,50,R4,U-E4,R-E4|U-E4,R-E4,U-E4,U-E4,R1,R4,6,1.5,24,0,12,unusual_still_active,unusual_event_interrupted_by_intersection_rs
CrossingBicycleFlow,Town12_Rep0_136_1_route0_01_10_21_53_51,51,R4,U-E4,R-E4|U-E4,R-E4,U-E4,U-E4,R1,R4,7,1.75,24,0,12,unusual_still_active,unusual_event_interrupted_by_intersection_rs
CrossingBicycleFlow,Town12_Rep0_136_1_route0_01_10_21_53_51,52,R4,U-E4,R-E4|U-E4,R-E4,U-E4,U-E4,R1,R4,8,2.0,24,0,12,unusual_still_active,unusual_event_interrupted_by_intersection_rs
CrossingBicycleFlow,Town12_Rep0_136_1_route0_01_10_21_53_51,53,R4,U-E4,R-E4|U-E4,R-E4,U-E4,U-E4,R1,R4,9,2.25,24,0,12,unusual_still_active,unusual_event_interrupted_by_intersection_rs
CrossingBicycleFlow,Town12_Rep0_136_1_route0_01_10_21_53_51,54,R4,U-E4,R-E4|U-E4,R-E4,U-E4,U-E4,R1,R4,10,2.5,24,0,12,unusual_still_active,unusual_event_interrupted_by_intersection_rs
CrossingBicycleFlow,Town12_Rep0_136_1_route0_01_10_21_53_51,55,R4,U-E4,R-E4|U-E4,R-E4,U-E4,U-E4,R1,R4,11,2.75,24,0,12,unusual_still_active,unusual_event_interrupted_by_intersection_rs
CrossingBicycleFlow,Town12_Rep0_136_1_route0_01_10_21_53_51,56,R4,U-E4,R-E4|U-E4,R-E4,U-E4,U-E4,R1,R4,12,3.0,24,0,12,unusual_still_active,unusual_event_interrupted_by_intersection_rs
CrossingBicycleFlow,Town12_Rep0_136_1_route0_01_10_21_53_51,57,R4,U-E4,R-E4|U-E4,R-E4,U-E4,U-E4,R1,R4,13,3.25,24,0,12,unusual_still_active,unusual_event_interrupted_by_intersection_rs
CrossingBicycleFlow,Town12_Rep0_136_1_route0_01_10_21_53_51,58,R4,U-E4,R-E4|U-E4,R-E4,U-E4,U-E4,R1,R4,14,3.5,24,0,12,unusual_still_active,unusual_event_interrupted_by_intersection_rs
CrossingBicycleFlow,Town12_Rep0_136_1_route0_01_10_21_53_51,59,R4,U-E4,R-E4|U-E4,R-E4,U-E4,U-E4,R1,R4,15,3.75,24,0,12,unusual_still_active,unusual_event_interrupted_by_intersection_rs
CrossingBicycleFlow,Town12_Rep0_136_1_route0_01_10_21_53_51,60,R4,U-E4,R-E4|U-E4,R-E4,U-E4,U-E4,R1,R4,16,4.0,24,0,12,unusual_still_active,unusual_event_interrupted_by_intersection_rs
CrossingBicycleFlow,Town12_Rep0_136_1_route0_01_10_21_53_51,61,R4,U-E4,R-E4|U-E4,R-E4,U-E4,U-E4,R1,R4,17,4.25,24,0,12,unusual_still_active,unusual_event_interrupted_by_intersection_rs
CrossingBicycleFlow,Town12_Rep0_136_1_route0_01_10_21_53_51,62,R4,U-E4,R-E4|U-E4,R-E4,U-E4,U-E4,R1,R4,18,4.5,24,0,12,unusual_still_active,unusual_event_interrupted_by_intersection_rs
CrossingBicycleFlow,Town12_Rep0_136_1_route0_01_10_21_53_51,63,R4,U-E4,R-E4|U-E4,R-E4,U-E4,U-E4,R1,R4,19,4.75,24,0,12,unusual_still_active,unusual_event_interrupted_by_intersection_rs
CrossingBicycleFlow,Town12_Rep0_136_1_route0_01_10_21_53_51,64,R4,U-E4,R-E4|U-E4,R-E4,U-E4,U-E4,R1,R4,20,5.0,24,0,12,unusual_still_active,unusual_event_interrupted_by_intersection_rs
CrossingBicycleFlow,Town12_Rep0_136_1_route0_01_10_21_53_51,65,R4,U-E4,R-E4|U-E4,R-E4,U-E4,U-E4,R1,R4,21,5.25,24,0,12,unusual_still_active,unusual_event_interrupted_by_intersection_rs
CrossingBicycleFlow,Town12_Rep0_136_1_route0_01_10_21_53_51,66,R4,U-E4,R-E4|U-E4,R-E4,U-E4,U-E4,R1,R4,22,5.5,24,0,12,unusual_still_active,unusual_event_interrupted_by_intersection_rs
CrossingBicycleFlow,Town12_Rep0_136_1_route0_01_10_21_53_51,67,R4,U-E4,R-E4|U-E4,R-E4,U-E4,U-E4,R1,R4,23,5.75,24,0,12,unusual_still_active,unusual_event_interrupted_by_intersection_rs
CrossingBicycleFlow,Town12_Rep0_136_1_route0_01_10_21_53_51,68,R4,U-E4,R-E4|U-E4,R-E4,U-E4,U-E4,R1,R4,24,6.0,24,0,12,unusual_still_active,unusual_event_interrupted_by_intersection_rs
CrossingBicycleFlow,Town12_Rep0_136_2_route0_01_10_07_45_12,43,R4,U-E4,R-E4|U-E4,R-E4,U-E4,U-E4,R1,R4,1,0.25,24,0,12,unusual_still_active,unusual_event_interrupted_by_intersection_rs
CrossingBicycleFlow,Town12_Rep0_136_2_route0_01_10_07_45_12,44,R4,U-E4,R-E4|U-E4,R-E4,U-E4,U-E4,R1,R4,2,0.5,24,0,12,unusual_still_active,unusual_event_interrupted_by_intersection_rs
CrossingBicycleFlow,Town12_Rep0_136_2_route0_01_10_07_45_12,45,R4,U-E4,R-E4|U-E4,R-E4,U-E4,U-E4,R1,R4,3,0.75,24,0,12,unusual_still_active,unusual_event_interrupted_by_intersection_rs
CrossingBicycleFlow,Town12_Rep0_136_2_route0_01_10_07_45_12,46,R4,U-E4,R-E4|U-E4,R-E4,U-E4,U-E4,R1,R4,4,1.0,24,0,12,unusual_still_active,unusual_event_interrupted_by_intersection_rs
CrossingBicycleFlow,Town12_Rep0_136_2_route0_01_10_07_45_12,47,R4,U-E4,R-E4|U-E4,R-E4,U-E4,U-E4,R1,R4,5,1.25,24,0,12,unusual_still_active,unusual_event_interrupted_by_intersection_rs
CrossingBicycleFlow,Town12_Rep0_136_2_route0_01_10_07_45_12,48,R4,U-E4,R-E4|U-E4,R-E4,U-E4,U-E4,R1,R4,6,1.5,24,0,12,unusual_still_active,unusual_event_interrupted_by_intersection_rs
CrossingBicycleFlow,Town12_Rep0_136_2_route0_01_10_07_45_12,49,R4,U-E4,R-E4|U-E4,R-E4,U-E4,U-E4,R1,R4,7,1.75,24,0,12,unusual_still_active,unusual_event_interrupted_by_intersection_rs
CrossingBicycleFlow,Town12_Rep0_136_2_route0_01_10_07_45_12,50,R4,U-E4,R-E4|U-E4,R-E4,U-E4,U-E4,R1,R4,8,2.0,24,0,12,unusual_still_active,unusual_event_interrupted_by_intersection_rs
CrossingBicycleFlow,Town12_Rep0_136_2_route0_01_10_07_45_12,51,R4,U-E4,R-E4|U-E4,R-E4,U-E4,U-E4,R1,R4,9,2.25,24,0,12,unusual_still_active,unusual_event_interrupted_by_intersection_rs
CrossingBicycleFlow,Town12_Rep0_136_2_route0_01_10_07_45_12,52,R4,U-E4,R-E4|U-E4,R-E4,U-E4,U-E4,R1,R4,10,2.5,24,0,12,unusual_still_active,unusual_event_interrupted_by_intersection_rs
CrossingBicycleFlow,Town12_Rep0_136_2_route0_01_10_07_45_12,53,R4,U-E4,R-E4|U-E4,R-E4,U-E4,U-E4,R1,R4,11,2.75,24,0,12,unusual_still_active,unusual_event_interrupted_by_intersection_rs
CrossingBicycleFlow,Town12_Rep0_136_2_route0_01_10_07_45_12,54,R4,U-E4,R-E4|U-E4,R-E4,U-E4,U-E4,R1,R4,12,3.0,24,0,12,unusual_still_active,unusual_event_interrupted_by_intersection_rs
CrossingBicycleFlow,Town12_Rep0_136_2_route0_01_10_07_45_12,55,R4,U-E4,R-E4|U-E4,R-E4,U-E4,U-E4,R1,R4,13,3.25,24,0,12,unusual_still_active,unusual_event_interrupted_by_intersection_rs
CrossingBicycleFlow,Town12_Rep0_136_2_route0_01_10_07_45_12,56,R4,U-E4,R-E4|U-E4,R-E4,U-E4,U-E4,R1,R4,14,3.5,24,0,12,unusual_still_active,unusual_event_interrupted_by_intersection_rs
CrossingBicycleFlow,Town12_Rep0_136_2_route0_01_10_07_45_12,57,R4,U-E4,R-E4|U-E4,R-E4,U-E4,U-E4,R1,R4,15,3.75,24,0,12,unusual_still_active,unusual_event_interrupted_by_intersection_rs
CrossingBicycleFlow,Town12_Rep0_136_2_route0_01_10_07_45_12,58,R4,U-E4,R-E4|U-E4,R-E4,U-E4,U-E4,R1,R4,16,4.0,24,0,12,unusual_still_active,unusual_event_interrupted_by_intersection_rs
CrossingBicycleFlow,Town12_Rep0_136_2_route0_01_10_07_45_12,59,R4,U-E4,R-E4|U-E4,R-E4,U-E4,U-E4,R1,R4,17,4.25,24,0,12,unusual_still_active,unusual_event_interrupted_by_intersection_rs
CrossingBicycleFlow,Town12_Rep0_136_2_route0_01_10_07_45_12,60,R4,U-E4,R-E4|U-E4,R-E4,U-E4,U-E4,R1,R4,18,4.5,24,0,12,unusual_still_active,unusual_event_interrupted_by_intersection_rs
CrossingBicycleFlow,Town12_Rep0_136_2_route0_01_10_07_45_12,61,R4,U-E4,R-E4|U-E4,R-E4,U-E4,U-E4,R1,R4,19,4.75,24,0,12,unusual_still_active,unusual_event_interrupted_by_intersection_rs
CrossingBicycleFlow,Town12_Rep0_136_2_route0_01_10_07_45_12,62,R4,U-E4,R-E4|U-E4,R-E4,U-E4,U-E4,R1,R4,20,5.0,24,0,12,unusual_still_active,unusual_event_interrupted_by_intersection_rs
CrossingBicycleFlow,Town12_Rep0_136_2_route0_01_10_07_45_12,63,R4,U-E4,R-E4|U-E4,R-E4,U-E4,U-E4,R1,R4,21,5.25,24,0,12,unusual_still_active,unusual_event_interrupted_by_intersection_rs
CrossingBicycleFlow,Town12_Rep0_136_2_route0_01_10_07_45_12,64,R4,U-E4,R-E4|U-E4,R-E4,U-E4,U-E4,R1,R4,22,5.5,24,0,12,unusual_still_active,unusual_event_interrupted_by_intersection_rs
CrossingBicycleFlow,Town12_Rep0_136_2_route0_01_10_07_45_12,65,R4,U-E4,R-E4|U-E4,R-E4,U-E4,U-E4,R1,R4,23,5.75,24,0,12,unusual_still_active,unusual_event_interrupted_by_intersection_rs
CrossingBicycleFlow,Town12_Rep0_136_2_route0_01_10_07_45_12,66,R4,U-E4,R-E4|U-E4,R-E4,U-E4,U-E4,R1,R4,24,6.0,24,0,12,unusual_still_active,unusual_event_interrupted_by_intersection_rs
CrossingBicycleFlow,Town12_Rep0_136_3_route0_01_09_08_58_29,38,R4,U-E4,R-E4|U-E4,R-E4,U-E4,U-E4,R1,R4,1,0.25,24,0,12,unusual_still_active,unusual_event_interrupted_by_intersection_rs
CrossingBicycleFlow,Town12_Rep0_136_3_route0_01_09_08_58_29,39,R4,U-E4,R-E4|U-E4,R-E4,U-E4,U-E4,R1,R4,2,0.5,24,0,12,unusual_still_active,unusual_event_interrupted_by_intersection_rs
CrossingBicycleFlow,Town12_Rep0_136_3_route0_01_09_08_58_29,40,R4,U-E4,R-E4|U-E4,R-E4,U-E4,U-E4,R1,R4,3,0.75,24,0,12,unusual_still_active,unusual_event_interrupted_by_intersection_rs
CrossingBicycleFlow,Town12_Rep0_136_3_route0_01_09_08_58_29,41,R4,U-E4,R-E4|U-E4,R-E4,U-E4,U-E4,R1,R4,4,1.0,24,0,12,unusual_still_active,unusual_event_interrupted_by_intersection_rs
CrossingBicycleFlow,Town12_Rep0_136_3_route0_01_09_08_58_29,42,R4,U-E4,R-E4|U-E4,R-E4,U-E4,U-E4,R1,R4,5,1.25,24,0,12,unusual_still_active,unusual_event_interrupted_by_intersection_rs
CrossingBicycleFlow,Town12_Rep0_136_3_route0_01_09_08_58_29,43,R4,U-E4,R-E4|U-E4,R-E4,U-E4,U-E4,R1,R4,6,1.5,24,0,12,unusual_still_active,unusual_event_interrupted_by_intersection_rs
CrossingBicycleFlow,Town12_Rep0_136_3_route0_01_09_08_58_29,44,R4,U-E4,R-E4|U-E4,R-E4,U-E4,U-E4,R1,R4,7,1.75,24,0,12,unusual_still_active,unusual_event_interrupted_by_intersection_rs
CrossingBicycleFlow,Town12_Rep0_136_3_route0_01_09_08_58_29,45,R4,U-E4,R-E4|U-E4,R-E4,U-E4,U-E4,R1,R4,8,2.0,24,0,12,unusual_still_active,unusual_event_interrupted_by_intersection_rs
CrossingBicycleFlow,Town12_Rep0_136_3_route0_01_09_08_58_29,46,R4,U-E4,R-E4|U-E4,R-E4,U-E4,U-E4,R1,R4,9,2.25,24,0,12,unusual_still_active,unusual_event_interrupted_by_intersection_rs
CrossingBicycleFlow,Town12_Rep0_136_3_route0_01_09_08_58_29,47,R4,U-E4,R-E4|U-E4,R-E4,U-E4,U-E4,R1,R4,10,2.5,24,0,12,unusual_still_active,unusual_event_interrupted_by_intersection_rs
CrossingBicycleFlow,Town12_Rep0_136_3_route0_01_09_08_58_29,48,R4,U-E4,R-E4|U-E4,R-E4,U-E4,U-E4,R1,R4,11,2.75,24,0,12,unusual_still_active,unusual_event_interrupted_by_intersection_rs
CrossingBicycleFlow,Town12_Rep0_136_3_route0_01_09_08_58_29,49,R4,U-E4,R-E4|U-E4,R-E4,U-E4,U-E4,R1,R4,12,3.0,24,0,12,unusual_still_active,unusual_event_interrupted_by_intersection_rs
CrossingBicycleFlow,Town12_Rep0_136_3_route0_01_09_08_58_29,50,R4,U-E4,R-E4|U-E4,R-E4,U-E4,U-E4,R1,R4,13,3.25,24,0,12,unusual_still_active,unusual_event_interrupted_by_intersection_rs
CrossingBicycleFlow,Town12_Rep0_136_3_route0_01_09_08_58_29,51,R4,U-E4,R-E4|U-E4,R-E4,U-E4,U-E4,R1,R4,14,3.5,24,0,12,unusual_still_active,unusual_event_interrupted_by_intersection_rs
CrossingBicycleFlow,Town12_Rep0_136_3_route0_01_09_08_58_29,52,R4,U-E4,R-E4|U-E4,R-E4,U-E4,U-E4,R1,R4,15,3.75,24,0,12,unusual_still_active,unusual_event_interrupted_by_intersection_rs
CrossingBicycleFlow,Town12_Rep0_136_3_route0_01_09_08_58_29,53,R4,U-E4,R-E4|U-E4,R-E4,U-E4,U-E4,R1,R4,16,4.0,24,0,12,unusual_still_active,unusual_event_interrupted_by_intersection_rs
CrossingBicycleFlow,Town12_Rep0_136_3_route0_01_09_08_58_29,54,R4,U-E4,R-E4|U-E4,R-E4,U-E4,U-E4,R1,R4,17,4.25,24,0,12,unusual_still_active,unusual_event_interrupted_by_intersection_rs
CrossingBicycleFlow,Town12_Rep0_136_3_route0_01_09_08_58_29,55,R4,U-E4,R-E4|U-E4,R-E4,U-E4,U-E4,R1,R4,18,4.5,24,0,12,unusual_still_active,unusual_event_interrupted_by_intersection_rs
CrossingBicycleFlow,Town12_Rep0_136_3_route0_01_09_08_58_29,56,R4,U-E4,R-E4|U-E4,R-E4,U-E4,U-E4,R1,R4,19,4.75,24,0,12,unusual_still_active,unusual_event_interrupted_by_intersection_rs
CrossingBicycleFlow,Town12_Rep0_136_3_route0_01_09_08_58_29,57,R4,U-E4,R-E4|U-E4,R-E4,U-E4,U-E4,R1,R4,20,5.0,24,0,12,unusual_still_active,unusual_event_interrupted_by_intersection_rs
CrossingBicycleFlow,Town12_Rep0_136_3_route0_01_09_08_58_29,58,R4,U-E4,R-E4|U-E4,R-E4,U-E4,U-E4,R1,R4,21,5.25,24,0,12,unusual_still_active,unusual_event_interrupted_by_intersection_rs
CrossingBicycleFlow,Town12_Rep0_136_3_route0_01_09_08_58_29,59,R4,U-E4,R-E4|U-E4,R-E4,U-E4,U-E4,R1,R4,22,5.5,24,0,12,unusual_still_active,unusual_event_interrupted_by_intersection_rs
CrossingBicycleFlow,Town12_Rep0_136_3_route0_01_09_08_58_29,60,R4,U-E4,R-E4|U-E4,R-E4,U-E4,U-E4,R1,R4,23,5.75,24,0,12,unusual_still_active,unusual_event_interrupted_by_intersection_rs
CrossingBicycleFlow,Town12_Rep0_136_3_route0_01_09_08_58_29,61,R4,U-E4,R-E4|U-E4,R-E4,U-E4,U-E4,R1,R4,24,6.0,24,0,12,unusual_still_active,unusual_event_interrupted_by_intersection_rs
CrossingBicycleFlow,Town12_Rep0_3985_0_route0_01_11_05_09_02,39,R4,U-E4,R-E4|U-E4,R-E4,U-E4,U-E4,R1,R4,1,0.25,24,0,12,unusual_still_active,unusual_event_interrupted_by_intersection_rs
CrossingBicycleFlow,Town12_Rep0_3985_0_route0_01_11_05_09_02,40,R4,U-E4,R-E4|U-E4,R-E4,U-E4,U-E4,R1,R4,2,0.5,24,0,12,unusual_still_active,unusual_event_interrupted_by_intersection_rs
CrossingBicycleFlow,Town12_Rep0_3985_0_route0_01_11_05_09_02,41,R4,U-E4,R-E4|U-E4,R-E4,U-E4,U-E4,R1,R4,3,0.75,24,0,12,unusual_still_active,unusual_event_interrupted_by_intersection_rs
CrossingBicycleFlow,Town12_Rep0_3985_0_route0_01_11_05_09_02,42,R4,U-E4,R-E4|U-E4,R-E4,U-E4,U-E4,R1,R4,4,1.0,24,0,12,unusual_still_active,unusual_event_interrupted_by_intersection_rs
CrossingBicycleFlow,Town12_Rep0_3985_0_route0_01_11_05_09_02,43,R4,U-E4,R-E4|U-E4,R-E4,U-E4,U-E4,R1,R4,5,1.25,24,0,12,unusual_still_active,unusual_event_interrupted_by_intersection_rs
CrossingBicycleFlow,Town12_Rep0_3985_0_route0_01_11_05_09_02,44,R4,U-E4,R-E4|U-E4,R-E4,U-E4,U-E4,R1,R4,6,1.5,24,0,12,unusual_still_active,unusual_event_interrupted_by_intersection_rs
CrossingBicycleFlow,Town12_Rep0_3985_0_route0_01_11_05_09_02,45,R4,U-E4,R-E4|U-E4,R-E4,U-E4,U-E4,R1,R4,7,1.75,24,0,12,unusual_still_active,unusual_event_interrupted_by_intersection_rs
CrossingBicycleFlow,Town12_Rep0_3985_0_route0_01_11_05_09_02,46,R4,U-E4,R-E4|U-E4,R-E4,U-E4,U-E4,R1,R4,8,2.0,24,0,12,unusual_still_active,unusual_event_interrupted_by_intersection_rs
CrossingBicycleFlow,Town12_Rep0_3985_0_route0_01_11_05_09_02,47,R4,U-E4,R-E4|U-E4,R-E4,U-E4,U-E4,R1,R4,9,2.25,24,0,12,unusual_still_active,unusual_event_interrupted_by_intersection_rs
CrossingBicycleFlow,Town12_Rep0_3985_0_route0_01_11_05_09_02,48,R4,U-E4,R-E4|U-E4,R-E4,U-E4,U-E4,R1,R4,10,2.5,24,0,12,unusual_still_active,unusual_event_interrupted_by_intersection_rs
CrossingBicycleFlow,Town12_Rep0_3985_0_route0_01_11_05_09_02,49,R4,U-E4,R-E4|U-E4,R-E4,U-E4,U-E4,R1,R4,11,2.75,24,0,12,unusual_still_active,unusual_event_interrupted_by_intersection_rs
CrossingBicycleFlow,Town12_Rep0_3985_0_route0_01_11_05_09_02,50,R4,U-E4,R-E4|U-E4,R-E4,U-E4,U-E4,R1,R4,12,3.0,24,0,12,unusual_still_active,unusual_event_interrupted_by_intersection_rs
CrossingBicycleFlow,Town12_Rep0_3985_0_route0_01_11_05_09_02,51,R4,U-E4,R-E4|U-E4,R-E4,U-E4,U-E4,R1,R4,13,3.25,24,0,12,unusual_still_active,unusual_event_interrupted_by_intersection_rs
CrossingBicycleFlow,Town12_Rep0_3985_0_route0_01_11_05_09_02,52,R4,U-E4,R-E4|U-E4,R-E4,U-E4,U-E4,R1,R4,14,3.5,24,0,12,unusual_still_active,unusual_event_interrupted_by_intersection_rs
CrossingBicycleFlow,Town12_Rep0_3985_0_route0_01_11_05_09_02,53,R4,U-E4,R-E4|U-E4,R-E4,U-E4,U-E4,R1,R4,15,3.75,24,0,12,unusual_still_active,unusual_event_interrupted_by_intersection_rs
CrossingBicycleFlow,Town12_Rep0_3985_0_route0_01_11_05_09_02,54,R4,U-E4,R-E4|U-E4,R-E4,U-E4,U-E4,R1,R4,16,4.0,24,0,12,unusual_still_active,unusual_event_interrupted_by_intersection_rs
CrossingBicycleFlow,Town12_Rep0_3985_0_route0_01_11_05_09_02,55,R4,U-E4,R-E4|U-E4,R-E4,U-E4,U-E4,R1,R4,17,4.25,24,0,12,unusual_still_active,unusual_event_interrupted_by_intersection_rs
CrossingBicycleFlow,Town12_Rep0_3985_0_route0_01_11_05_09_02,56,R4,U-E4,R-E4|U-E4,R-E4,U-E4,U-E4,R1,R4,18,4.5,24,0,12,unusual_still_active,unusual_event_interrupted_by_intersection_rs
CrossingBicycleFlow,Town12_Rep0_3985_0_route0_01_11_05_09_02,57,R4,U-E4,R-E4|U-E4,R-E4,U-E4,U-E4,R1,R4,19,4.75,24,0,12,unusual_still_active,unusual_event_interrupted_by_intersection_rs
CrossingBicycleFlow,Town12_Rep0_3985_0_route0_01_11_05_09_02,58,R4,U-E4,R-E4|U-E4,R-E4,U-E4,U-E4,R1,R4,20,5.0,24,0,12,unusual_still_active,unusual_event_interrupted_by_intersection_rs
CrossingBicycleFlow,Town12_Rep0_3985_0_route0_01_11_05_09_02,59,R4,U-E4,R-E4|U-E4,R-E4,U-E4,U-E4,R1,R4,21,5.25,24,0,12,unusual_still_active,unusual_event_interrupted_by_intersection_rs
CrossingBicycleFlow,Town12_Rep0_3985_0_route0_01_11_05_09_02,60,R4,U-E4,R-E4|U-E4,R-E4,U-E4,U-E4,R1,R4,22,5.5,24,0,12,unusual_still_active,unusual_event_interrupted_by_intersection_rs
CrossingBicycleFlow,Town12_Rep0_3985_0_route0_01_11_05_09_02,61,R4,U-E4,R-E4|U-E4,R-E4,U-E4,U-E4,R1,R4,23,5.75,24,0,12,unusual_still_active,unusual_event_interrupted_by_intersection_rs
CrossingBicycleFlow,Town12_Rep0_3985_0_route0_01_11_05_09_02,62,R4,U-E4,R-E4|U-E4,R-E4,U-E4,U-E4,R1,R4,24,6.0,24,0,12,unusual_still_active,unusual_event_interrupted_by_intersection_rs
CrossingBicycleFlow,Town12_Rep0_3985_1_route0_01_07_21_28_47,27,R4,U-E4,R-E4|U-E4,R-E4,U-E4,U-E4,R1,R4,1,0.25,24,0,12,unusual_still_active,unusual_event_interrupted_by_intersection_rs
CrossingBicycleFlow,Town12_Rep0_3985_1_route0_01_07_21_28_47,28,R4,U-E4,R-E4|U-E4,R-E4,U-E4,U-E4,R1,R4,2,0.5,24,0,12,unusual_still_active,unusual_event_interrupted_by_intersection_rs
CrossingBicycleFlow,Town12_Rep0_3985_1_route0_01_07_21_28_47,29,R4,U-E4,R-E4|U-E4,R-E4,U-E4,U-E4,R1,R4,3,0.75,24,0,12,unusual_still_active,unusual_event_interrupted_by_intersection_rs
CrossingBicycleFlow,Town12_Rep0_3985_1_route0_01_07_21_28_47,30,R4,U-E4,R-E4|U-E4,R-E4,U-E4,U-E4,R1,R4,4,1.0,24,0,12,unusual_still_active,unusual_event_interrupted_by_intersection_rs
CrossingBicycleFlow,Town12_Rep0_3985_1_route0_01_07_21_28_47,31,R4,U-E4,R-E4|U-E4,R-E4,U-E4,U-E4,R1,R4,5,1.25,24,0,12,unusual_still_active,unusual_event_interrupted_by_intersection_rs
CrossingBicycleFlow,Town12_Rep0_3985_1_route0_01_07_21_28_47,32,R4,U-E4,R-E4|U-E4,R-E4,U-E4,U-E4,R1,R4,6,1.5,24,0,12,unusual_still_active,unusual_event_interrupted_by_intersection_rs
CrossingBicycleFlow,Town12_Rep0_3985_1_route0_01_07_21_28_47,33,R4,U-E4,R-E4|U-E4,R-E4,U-E4,U-E4,R1,R4,7,1.75,24,0,12,unusual_still_active,unusual_event_interrupted_by_intersection_rs
CrossingBicycleFlow,Town12_Rep0_3985_1_route0_01_07_21_28_47,34,R4,U-E4,R-E4|U-E4,R-E4,U-E4,U-E4,R1,R4,8,2.0,24,0,12,unusual_still_active,unusual_event_interrupted_by_intersection_rs
CrossingBicycleFlow,Town12_Rep0_3985_1_route0_01_07_21_28_47,35,R4,U-E4,R-E4|U-E4,R-E4,U-E4,U-E4,R1,R4,9,2.25,24,0,12,unusual_still_active,unusual_event_interrupted_by_intersection_rs
CrossingBicycleFlow,Town12_Rep0_3985_1_route0_01_07_21_28_47,36,R4,U-E4,R-E4|U-E4,R-E4,U-E4,U-E4,R1,R4,10,2.5,24,0,12,unusual_still_active,unusual_event_interrupted_by_intersection_rs
CrossingBicycleFlow,Town12_Rep0_3985_1_route0_01_07_21_28_47,37,R4,U-E4,R-E4|U-E4,R-E4,U-E4,U-E4,R1,R4,11,2.75,24,0,12,unusual_still_active,unusual_event_interrupted_by_intersection_rs
CrossingBicycleFlow,Town12_Rep0_3985_1_route0_01_07_21_28_47,38,R4,U-E4,R-E4|U-E4,R-E4,U-E4,U-E4,R1,R4,12,3.0,24,0,12,unusual_still_active,unusual_event_interrupted_by_intersection_rs
CrossingBicycleFlow,Town12_Rep0_3985_1_route0_01_07_21_28_47,39,R4,U-E4,R-E4|U-E4,R-E4,U-E4,U-E4,R1,R4,13,3.25,24,0,12,unusual_still_active,unusual_event_interrupted_by_intersection_rs
CrossingBicycleFlow,Town12_Rep0_3985_1_route0_01_07_21_28_47,40,R4,U-E4,R-E4|U-E4,R-E4,U-E4,U-E4,R1,R4,14,3.5,24,0,12,unusual_still_active,unusual_event_interrupted_by_intersection_rs
CrossingBicycleFlow,Town12_Rep0_3985_1_route0_01_07_21_28_47,41,R4,U-E4,R-E4|U-E4,R-E4,U-E4,U-E4,R1,R4,15,3.75,24,0,12,unusual_still_active,unusual_event_interrupted_by_intersection_rs
CrossingBicycleFlow,Town12_Rep0_3985_1_route0_01_07_21_28_47,42,R4,U-E4,R-E4|U-E4,R-E4,U-E4,U-E4,R1,R4,16,4.0,24,0,12,unusual_still_active,unusual_event_interrupted_by_intersection_rs
CrossingBicycleFlow,Town12_Rep0_3985_1_route0_01_07_21_28_47,43,R4,U-E4,R-E4|U-E4,R-E4,U-E4,U-E4,R1,R4,17,4.25,24,0,12,unusual_still_active,unusual_event_interrupted_by_intersection_rs
CrossingBicycleFlow,Town12_Rep0_3985_1_route0_01_07_21_28_47,44,R4,U-E4,R-E4|U-E4,R-E4,U-E4,U-E4,R1,R4,18,4.5,24,0,12,unusual_still_active,unusual_event_interrupted_by_intersection_rs
CrossingBicycleFlow,Town12_Rep0_3985_1_route0_01_07_21_28_47,45,R4,U-E4,R-E4|U-E4,R-E4,U-E4,U-E4,R1,R4,19,4.75,24,0,12,unusual_still_active,unusual_event_interrupted_by_intersection_rs
CrossingBicycleFlow,Town12_Rep0_3985_1_route0_01_07_21_28_47,46,R4,U-E4,R-E4|U-E4,R-E4,U-E4,U-E4,R1,R4,20,5.0,24,0,12,unusual_still_active,unusual_event_interrupted_by_intersection_rs
CrossingBicycleFlow,Town12_Rep0_3985_1_route0_01_07_21_28_47,47,R4,U-E4,R-E4|U-E4,R-E4,U-E4,U-E4,R1,R4,21,5.25,24,0,12,unusual_still_active,unusual_event_interrupted_by_intersection_rs
CrossingBicycleFlow,Town12_Rep0_3985_1_route0_01_07_21_28_47,48,R4,U-E4,R-E4|U-E4,R-E4,U-E4,U-E4,R1,R4,22,5.5,24,0,12,unusual_still_active,unusual_event_interrupted_by_intersection_rs
CrossingBicycleFlow,Town12_Rep0_3985_1_route0_01_07_21_28_47,49,R4,U-E4,R-E4|U-E4,R-E4,U-E4,U-E4,R1,R4,23,5.75,24,0,12,unusual_still_active,unusual_event_interrupted_by_intersection_rs
CrossingBicycleFlow,Town12_Rep0_3985_1_route0_01_07_21_28_47,50,R4,U-E4,R-E4|U-E4,R-E4,U-E4,U-E4,R1,R4,24,6.0,24,0,12,unusual_still_active,unusual_event_interrupted_by_intersection_rs
CrossingBicycleFlow,Town12_Rep0_684_0_route0_01_11_09_15_07,40,R4,U-E4,R-E4|U-E4,R-E4,U-E4,U-E4,R1,R4,1,0.25,24,0,12,unusual_still_active,unusual_event_interrupted_by_intersection_rs
CrossingBicycleFlow,Town12_Rep0_684_0_route0_01_11_09_15_07,41,R4,U-E4,R-E4|U-E4,R-E4,U-E4,U-E4,R1,R4,2,0.5,24,0,12,unusual_still_active,unusual_event_interrupted_by_intersection_rs
CrossingBicycleFlow,Town12_Rep0_684_0_route0_01_11_09_15_07,42,R4,U-E4,R-E4|U-E4,R-E4,U-E4,U-E4,R1,R4,3,0.75,24,0,12,unusual_still_active,unusual_event_interrupted_by_intersection_rs
CrossingBicycleFlow,Town12_Rep0_684_0_route0_01_11_09_15_07,43,R4,U-E4,R-E4|U-E4,R-E4,U-E4,U-E4,R1,R4,4,1.0,24,0,12,unusual_still_active,unusual_event_interrupted_by_intersection_rs
CrossingBicycleFlow,Town12_Rep0_684_0_route0_01_11_09_15_07,44,R4,U-E4,R-E4|U-E4,R-E4,U-E4,U-E4,R1,R4,5,1.25,24,0,12,unusual_still_active,unusual_event_interrupted_by_intersection_rs
CrossingBicycleFlow,Town12_Rep0_684_0_route0_01_11_09_15_07,45,R4,U-E4,R-E4|U-E4,R-E4,U-E4,U-E4,R1,R4,6,1.5,24,0,12,unusual_still_active,unusual_event_interrupted_by_intersection_rs
CrossingBicycleFlow,Town12_Rep0_684_0_route0_01_11_09_15_07,46,R4,U-E4,R-E4|U-E4,R-E4,U-E4,U-E4,R1,R4,7,1.75,24,0,12,unusual_still_active,unusual_event_interrupted_by_intersection_rs
CrossingBicycleFlow,Town12_Rep0_684_0_route0_01_11_09_15_07,47,R4,U-E4,R-E4|U-E4,R-E4,U-E4,U-E4,R1,R4,8,2.0,24,0,12,unusual_still_active,unusual_event_interrupted_by_intersection_rs
CrossingBicycleFlow,Town12_Rep0_684_0_route0_01_11_09_15_07,48,R4,U-E4,R-E4|U-E4,R-E4,U-E4,U-E4,R1,R4,9,2.25,24,0,12,unusual_still_active,unusual_event_interrupted_by_intersection_rs
CrossingBicycleFlow,Town12_Rep0_684_0_route0_01_11_09_15_07,49,R4,U-E4,R-E4|U-E4,R-E4,U-E4,U-E4,R1,R4,10,2.5,24,0,12,unusual_still_active,unusual_event_interrupted_by_intersection_rs
CrossingBicycleFlow,Town12_Rep0_684_0_route0_01_11_09_15_07,50,R4,U-E4,R-E4|U-E4,R-E4,U-E4,U-E4,R1,R4,11,2.75,24,0,12,unusual_still_active,unusual_event_interrupted_by_intersection_rs
CrossingBicycleFlow,Town12_Rep0_684_0_route0_01_11_09_15_07,51,R4,U-E4,R-E4|U-E4,R-E4,U-E4,U-E4,R1,R4,12,3.0,24,0,12,unusual_still_active,unusual_event_interrupted_by_intersection_rs
CrossingBicycleFlow,Town12_Rep0_684_0_route0_01_11_09_15_07,52,R4,U-E4,R-E4|U-E4,R-E4,U-E4,U-E4,R1,R4,13,3.25,24,0,12,unusual_still_active,unusual_event_interrupted_by_intersection_rs
CrossingBicycleFlow,Town12_Rep0_684_0_route0_01_11_09_15_07,53,R4,U-E4,R-E4|U-E4,R-E4,U-E4,U-E4,R1,R4,14,3.5,24,0,12,unusual_still_active,unusual_event_interrupted_by_intersection_rs
CrossingBicycleFlow,Town12_Rep0_684_0_route0_01_11_09_15_07,54,R4,U-E4,R-E4|U-E4,R-E4,U-E4,U-E4,R1,R4,15,3.75,24,0,12,unusual_still_active,unusual_event_interrupted_by_intersection_rs
CrossingBicycleFlow,Town12_Rep0_684_0_route0_01_11_09_15_07,55,R4,U-E4,R-E4|U-E4,R-E4,U-E4,U-E4,R1,R4,16,4.0,24,0,12,unusual_still_active,unusual_event_interrupted_by_intersection_rs
CrossingBicycleFlow,Town12_Rep0_684_0_route0_01_11_09_15_07,56,R4,U-E4,R-E4|U-E4,R-E4,U-E4,U-E4,R1,R4,17,4.25,24,0,12,unusual_still_active,unusual_event_interrupted_by_intersection_rs
CrossingBicycleFlow,Town12_Rep0_684_0_route0_01_11_09_15_07,57,R4,U-E4,R-E4|U-E4,R-E4,U-E4,U-E4,R1,R4,18,4.5,24,0,12,unusual_still_active,unusual_event_interrupted_by_intersection_rs
CrossingBicycleFlow,Town12_Rep0_684_0_route0_01_11_09_15_07,58,R4,U-E4,R-E4|U-E4,R-E4,U-E4,U-E4,R1,R4,19,4.75,24,0,12,unusual_still_active,unusual_event_interrupted_by_intersection_rs
CrossingBicycleFlow,Town12_Rep0_684_0_route0_01_11_09_15_07,59,R4,U-E4,R-E4|U-E4,R-E4,U-E4,U-E4,R1,R4,20,5.0,24,0,12,unusual_still_active,unusual_event_interrupted_by_intersection_rs
CrossingBicycleFlow,Town12_Rep0_684_0_route0_01_11_09_15_07,60,R4,U-E4,R-E4|U-E4,R-E4,U-E4,U-E4,R1,R4,21,5.25,24,0,12,unusual_still_active,unusual_event_interrupted_by_intersection_rs
CrossingBicycleFlow,Town12_Rep0_684_0_route0_01_11_09_15_07,61,R4,U-E4,R-E4|U-E4,R-E4,U-E4,U-E4,R1,R4,22,5.5,24,0,12,unusual_still_active,unusual_event_interrupted_by_intersection_rs
CrossingBicycleFlow,Town12_Rep0_684_0_route0_01_11_09_15_07,62,R4,U-E4,R-E4|U-E4,R-E4,U-E4,U-E4,R1,R4,23,5.75,24,0,12,unusual_still_active,unusual_event_interrupted_by_intersection_rs
CrossingBicycleFlow,Town12_Rep0_684_0_route0_01_11_09_15_07,63,R4,U-E4,R-E4|U-E4,R-E4,U-E4,U-E4,R1,R4,24,6.0,24,0,12,unusual_still_active,unusual_event_interrupted_by_intersection_rs
CrossingBicycleFlow,Town12_Rep0_684_1_route0_01_10_04_08_46,35,R4,U-E4,R-E4|U-E4,R-E4,U-E4,U-E4,R1,R4,1,0.25,24,0,12,unusual_still_active,unusual_event_interrupted_by_intersection_rs
CrossingBicycleFlow,Town12_Rep0_684_1_route0_01_10_04_08_46,36,R4,U-E4,R-E4|U-E4,R-E4,U-E4,U-E4,R1,R4,2,0.5,24,0,12,unusual_still_active,unusual_event_interrupted_by_intersection_rs
CrossingBicycleFlow,Town12_Rep0_684_1_route0_01_10_04_08_46,37,R4,U-E4,R-E4|U-E4,R-E4,U-E4,U-E4,R1,R4,3,0.75,24,0,12,unusual_still_active,unusual_event_interrupted_by_intersection_rs
CrossingBicycleFlow,Town12_Rep0_684_1_route0_01_10_04_08_46,38,R4,U-E4,R-E4|U-E4,R-E4,U-E4,U-E4,R1,R4,4,1.0,24,0,12,unusual_still_active,unusual_event_interrupted_by_intersection_rs
CrossingBicycleFlow,Town12_Rep0_684_1_route0_01_10_04_08_46,39,R4,U-E4,R-E4|U-E4,R-E4,U-E4,U-E4,R1,R4,5,1.25,24,0,12,unusual_still_active,unusual_event_interrupted_by_intersection_rs
CrossingBicycleFlow,Town12_Rep0_684_1_route0_01_10_04_08_46,40,R4,U-E4,R-E4|U-E4,R-E4,U-E4,U-E4,R1,R4,6,1.5,24,0,12,unusual_still_active,unusual_event_interrupted_by_intersection_rs
CrossingBicycleFlow,Town12_Rep0_684_1_route0_01_10_04_08_46,41,R4,U-E4,R-E4|U-E4,R-E4,U-E4,U-E4,R1,R4,7,1.75,24,0,12,unusual_still_active,unusual_event_interrupted_by_intersection_rs
CrossingBicycleFlow,Town12_Rep0_684_1_route0_01_10_04_08_46,42,R4,U-E4,R-E4|U-E4,R-E4,U-E4,U-E4,R1,R4,8,2.0,24,0,12,unusual_still_active,unusual_event_interrupted_by_intersection_rs
CrossingBicycleFlow,Town12_Rep0_684_1_route0_01_10_04_08_46,43,R4,U-E4,R-E4|U-E4,R-E4,U-E4,U-E4,R1,R4,9,2.25,24,0,12,unusual_still_active,unusual_event_interrupted_by_intersection_rs
CrossingBicycleFlow,Town12_Rep0_684_1_route0_01_10_04_08_46,44,R4,U-E4,R-E4|U-E4,R-E4,U-E4,U-E4,R1,R4,10,2.5,24,0,12,unusual_still_active,unusual_event_interrupted_by_intersection_rs
CrossingBicycleFlow,Town12_Rep0_684_1_route0_01_10_04_08_46,45,R4,U-E4,R-E4|U-E4,R-E4,U-E4,U-E4,R1,R4,11,2.75,24,0,12,unusual_still_active,unusual_event_interrupted_by_intersection_rs
CrossingBicycleFlow,Town12_Rep0_684_1_route0_01_10_04_08_46,46,R4,U-E4,R-E4|U-E4,R-E4,U-E4,U-E4,R1,R4,12,3.0,24,0,12,unusual_still_active,unusual_event_interrupted_by_intersection_rs
CrossingBicycleFlow,Town12_Rep0_684_1_route0_01_10_04_08_46,47,R4,U-E4,R-E4|U-E4,R-E4,U-E4,U-E4,R1,R4,13,3.25,24,0,12,unusual_still_active,unusual_event_interrupted_by_intersection_rs
CrossingBicycleFlow,Town12_Rep0_684_1_route0_01_10_04_08_46,48,R4,U-E4,R-E4|U-E4,R-E4,U-E4,U-E4,R1,R4,14,3.5,24,0,12,unusual_still_active,unusual_event_interrupted_by_intersection_rs
CrossingBicycleFlow,Town12_Rep0_684_1_route0_01_10_04_08_46,49,R4,U-E4,R-E4|U-E4,R-E4,U-E4,U-E4,R1,R4,15,3.75,24,0,12,unusual_still_active,unusual_event_interrupted_by_intersection_rs
CrossingBicycleFlow,Town12_Rep0_684_1_route0_01_10_04_08_46,50,R4,U-E4,R-E4|U-E4,R-E4,U-E4,U-E4,R1,R4,16,4.0,24,0,12,unusual_still_active,unusual_event_interrupted_by_intersection_rs
CrossingBicycleFlow,Town12_Rep0_684_1_route0_01_10_04_08_46,51,R4,U-E4,R-E4|U-E4,R-E4,U-E4,U-E4,R1,R4,17,4.25,24,0,12,unusual_still_active,unusual_event_interrupted_by_intersection_rs
CrossingBicycleFlow,Town12_Rep0_684_1_route0_01_10_04_08_46,52,R4,U-E4,R-E4|U-E4,R-E4,U-E4,U-E4,R1,R4,18,4.5,24,0,12,unusual_still_active,unusual_event_interrupted_by_intersection_rs
CrossingBicycleFlow,Town12_Rep0_684_1_route0_01_10_04_08_46,53,R4,U-E4,R-E4|U-E4,R-E4,U-E4,U-E4,R1,R4,19,4.75,24,0,12,unusual_still_active,unusual_event_interrupted_by_intersection_rs
CrossingBicycleFlow,Town12_Rep0_684_1_route0_01_10_04_08_46,54,R4,U-E4,R-E4|U-E4,R-E4,U-E4,U-E4,R1,R4,20,5.0,24,0,12,unusual_still_active,unusual_event_interrupted_by_intersection_rs
CrossingBicycleFlow,Town12_Rep0_684_1_route0_01_10_04_08_46,55,R4,U-E4,R-E4|U-E4,R-E4,U-E4,U-E4,R1,R4,21,5.25,24,0,12,unusual_still_active,unusual_event_interrupted_by_intersection_rs
CrossingBicycleFlow,Town12_Rep0_684_1_route0_01_10_04_08_46,56,R4,U-E4,R-E4|U-E4,R-E4,U-E4,U-E4,R1,R4,22,5.5,24,0,12,unusual_still_active,unusual_event_interrupted_by_intersection_rs
CrossingBicycleFlow,Town12_Rep0_684_1_route0_01_10_04_08_46,57,R4,U-E4,R-E4|U-E4,R-E4,U-E4,U-E4,R1,R4,23,5.75,24,0,12,unusual_still_active,unusual_event_interrupted_by_intersection_rs
CrossingBicycleFlow,Town12_Rep0_684_1_route0_01_10_04_08_46,58,R4,U-E4,R-E4|U-E4,R-E4,U-E4,U-E4,R1,R4,24,6.0,24,0,12,unusual_still_active,unusual_event_interrupted_by_intersection_rs
CrossingBicycleFlow,Town12_Rep0_684_2_route0_01_09_23_50_11,43,R4,U-E4,R-E4|U-E4,R-E4,U-E4,U-E4,R1,R4,1,0.25,24,0,12,unusual_still_active,unusual_event_interrupted_by_intersection_rs
CrossingBicycleFlow,Town12_Rep0_684_2_route0_01_09_23_50_11,44,R4,U-E4,R-E4|U-E4,R-E4,U-E4,U-E4,R1,R4,2,0.5,24,0,12,unusual_still_active,unusual_event_interrupted_by_intersection_rs
CrossingBicycleFlow,Town12_Rep0_684_2_route0_01_09_23_50_11,45,R4,U-E4,R-E4|U-E4,R-E4,U-E4,U-E4,R1,R4,3,0.75,24,0,12,unusual_still_active,unusual_event_interrupted_by_intersection_rs
CrossingBicycleFlow,Town12_Rep0_684_2_route0_01_09_23_50_11,46,R4,U-E4,R-E4|U-E4,R-E4,U-E4,U-E4,R1,R4,4,1.0,24,0,12,unusual_still_active,unusual_event_interrupted_by_intersection_rs
CrossingBicycleFlow,Town12_Rep0_684_2_route0_01_09_23_50_11,47,R4,U-E4,R-E4|U-E4,R-E4,U-E4,U-E4,R1,R4,5,1.25,24,0,12,unusual_still_active,unusual_event_interrupted_by_intersection_rs
CrossingBicycleFlow,Town12_Rep0_684_2_route0_01_09_23_50_11,48,R4,U-E4,R-E4|U-E4,R-E4,U-E4,U-E4,R1,R4,6,1.5,24,0,12,unusual_still_active,unusual_event_interrupted_by_intersection_rs
CrossingBicycleFlow,Town12_Rep0_684_2_route0_01_09_23_50_11,49,R4,U-E4,R-E4|U-E4,R-E4,U-E4,U-E4,R1,R4,7,1.75,24,0,12,unusual_still_active,unusual_event_interrupted_by_intersection_rs
CrossingBicycleFlow,Town12_Rep0_684_2_route0_01_09_23_50_11,50,R4,U-E4,R-E4|U-E4,R-E4,U-E4,U-E4,R1,R4,8,2.0,24,0,12,unusual_still_active,unusual_event_interrupted_by_intersection_rs
CrossingBicycleFlow,Town12_Rep0_684_2_route0_01_09_23_50_11,51,R4,U-E4,R-E4|U-E4,R-E4,U-E4,U-E4,R1,R4,9,2.25,24,0,12,unusual_still_active,unusual_event_interrupted_by_intersection_rs
CrossingBicycleFlow,Town12_Rep0_684_2_route0_01_09_23_50_11,52,R4,U-E4,R-E4|U-E4,R-E4,U-E4,U-E4,R1,R4,10,2.5,24,0,12,unusual_still_active,unusual_event_interrupted_by_intersection_rs
CrossingBicycleFlow,Town12_Rep0_684_2_route0_01_09_23_50_11,53,R4,U-E4,R-E4|U-E4,R-E4,U-E4,U-E4,R1,R4,11,2.75,24,0,12,unusual_still_active,unusual_event_interrupted_by_intersection_rs
CrossingBicycleFlow,Town12_Rep0_684_2_route0_01_09_23_50_11,54,R4,U-E4,R-E4|U-E4,R-E4,U-E4,U-E4,R1,R4,12,3.0,24,0,12,unusual_still_active,unusual_event_interrupted_by_intersection_rs
CrossingBicycleFlow,Town12_Rep0_684_2_route0_01_09_23_50_11,55,R4,U-E4,R-E4|U-E4,R-E4,U-E4,U-E4,R1,R4,13,3.25,24,0,12,unusual_still_active,unusual_event_interrupted_by_intersection_rs
CrossingBicycleFlow,Town12_Rep0_684_2_route0_01_09_23_50_11,56,R4,U-E4,R-E4|U-E4,R-E4,U-E4,U-E4,R1,R4,14,3.5,24,0,12,unusual_still_active,unusual_event_interrupted_by_intersection_rs
CrossingBicycleFlow,Town12_Rep0_684_2_route0_01_09_23_50_11,57,R4,U-E4,R-E4|U-E4,R-E4,U-E4,U-E4,R1,R4,15,3.75,24,0,12,unusual_still_active,unusual_event_interrupted_by_intersection_rs
CrossingBicycleFlow,Town12_Rep0_684_2_route0_01_09_23_50_11,58,R4,U-E4,R-E4|U-E4,R-E4,U-E4,U-E4,R1,R4,16,4.0,24,0,12,unusual_still_active,unusual_event_interrupted_by_intersection_rs
CrossingBicycleFlow,Town12_Rep0_684_2_route0_01_09_23_50_11,59,R4,U-E4,R-E4|U-E4,R-E4,U-E4,U-E4,R1,R4,17,4.25,24,0,12,unusual_still_active,unusual_event_interrupted_by_intersection_rs
CrossingBicycleFlow,Town12_Rep0_684_2_route0_01_09_23_50_11,60,R4,U-E4,R-E4|U-E4,R-E4,U-E4,U-E4,R1,R4,18,4.5,24,0,12,unusual_still_active,unusual_event_interrupted_by_intersection_rs
CrossingBicycleFlow,Town12_Rep0_684_2_route0_01_09_23_50_11,61,R4,U-E4,R-E4|U-E4,R-E4,U-E4,U-E4,R1,R4,19,4.75,24,0,12,unusual_still_active,unusual_event_interrupted_by_intersection_rs
CrossingBicycleFlow,Town12_Rep0_684_2_route0_01_09_23_50_11,62,R4,U-E4,R-E4|U-E4,R-E4,U-E4,U-E4,R1,R4,20,5.0,24,0,12,unusual_still_active,unusual_event_interrupted_by_intersection_rs
CrossingBicycleFlow,Town12_Rep0_684_2_route0_01_09_23_50_11,63,R4,U-E4,R-E4|U-E4,R-E4,U-E4,U-E4,R1,R4,21,5.25,24,0,12,unusual_still_active,unusual_event_interrupted_by_intersection_rs
CrossingBicycleFlow,Town12_Rep0_684_2_route0_01_09_23_50_11,64,R4,U-E4,R-E4|U-E4,R-E4,U-E4,U-E4,R1,R4,22,5.5,24,0,12,unusual_still_active,unusual_event_interrupted_by_intersection_rs
CrossingBicycleFlow,Town12_Rep0_684_2_route0_01_09_23_50_11,65,R4,U-E4,R-E4|U-E4,R-E4,U-E4,U-E4,R1,R4,23,5.75,24,0,12,unusual_still_active,unusual_event_interrupted_by_intersection_rs
CrossingBicycleFlow,Town12_Rep0_684_2_route0_01_09_23_50_11,66,R4,U-E4,R-E4|U-E4,R-E4,U-E4,U-E4,R1,R4,24,6.0,24,0,12,unusual_still_active,unusual_event_interrupted_by_intersection_rs
CrossingBicycleFlow,Town12_Rep0_684_3_route0_01_08_12_31_17,22,R4,U-E4,R-E4|U-E4,R-E4,U-E4,U-E4,R1,R4,1,0.25,24,0,12,unusual_still_active,unusual_event_interrupted_by_intersection_rs
CrossingBicycleFlow,Town12_Rep0_684_3_route0_01_08_12_31_17,23,R4,U-E4,R-E4|U-E4,R-E4,U-E4,U-E4,R1,R4,2,0.5,24,0,12,unusual_still_active,unusual_event_interrupted_by_intersection_rs
CrossingBicycleFlow,Town12_Rep0_684_3_route0_01_08_12_31_17,24,R4,U-E4,R-E4|U-E4,R-E4,U-E4,U-E4,R1,R4,3,0.75,24,0,12,unusual_still_active,unusual_event_interrupted_by_intersection_rs
CrossingBicycleFlow,Town12_Rep0_684_3_route0_01_08_12_31_17,25,R4,U-E4,R-E4|U-E4,R-E4,U-E4,U-E4,R1,R4,4,1.0,24,0,12,unusual_still_active,unusual_event_interrupted_by_intersection_rs
CrossingBicycleFlow,Town12_Rep0_684_3_route0_01_08_12_31_17,26,R4,U-E4,R-E4|U-E4,R-E4,U-E4,U-E4,R1,R4,5,1.25,24,0,12,unusual_still_active,unusual_event_interrupted_by_intersection_rs
CrossingBicycleFlow,Town12_Rep0_684_3_route0_01_08_12_31_17,27,R4,U-E4,R-E4|U-E4,R-E4,U-E4,U-E4,R1,R4,6,1.5,24,0,12,unusual_still_active,unusual_event_interrupted_by_intersection_rs
CrossingBicycleFlow,Town12_Rep0_684_3_route0_01_08_12_31_17,28,R4,U-E4,R-E4|U-E4,R-E4,U-E4,U-E4,R1,R4,7,1.75,24,0,12,unusual_still_active,unusual_event_interrupted_by_intersection_rs
CrossingBicycleFlow,Town12_Rep0_684_3_route0_01_08_12_31_17,29,R4,U-E4,R-E4|U-E4,R-E4,U-E4,U-E4,R1,R4,8,2.0,24,0,12,unusual_still_active,unusual_event_interrupted_by_intersection_rs
CrossingBicycleFlow,Town12_Rep0_684_3_route0_01_08_12_31_17,30,R4,U-E4,R-E4|U-E4,R-E4,U-E4,U-E4,R1,R4,9,2.25,24,0,12,unusual_still_active,unusual_event_interrupted_by_intersection_rs
CrossingBicycleFlow,Town12_Rep0_684_3_route0_01_08_12_31_17,31,R4,U-E4,R-E4|U-E4,R-E4,U-E4,U-E4,R1,R4,10,2.5,24,0,12,unusual_still_active,unusual_event_interrupted_by_intersection_rs
CrossingBicycleFlow,Town12_Rep0_684_3_route0_01_08_12_31_17,32,R4,U-E4,R-E4|U-E4,R-E4,U-E4,U-E4,R1,R4,11,2.75,24,0,12,unusual_still_active,unusual_event_interrupted_by_intersection_rs
CrossingBicycleFlow,Town12_Rep0_684_3_route0_01_08_12_31_17,33,R4,U-E4,R-E4|U-E4,R-E4,U-E4,U-E4,R1,R4,12,3.0,24,0,12,unusual_still_active,unusual_event_interrupted_by_intersection_rs
CrossingBicycleFlow,Town12_Rep0_684_3_route0_01_08_12_31_17,34,R4,U-E4,R-E4|U-E4,R-E4,U-E4,U-E4,R1,R4,13,3.25,24,0,12,unusual_still_active,unusual_event_interrupted_by_intersection_rs
CrossingBicycleFlow,Town12_Rep0_684_3_route0_01_08_12_31_17,35,R4,U-E4,R-E4|U-E4,R-E4,U-E4,U-E4,R1,R4,14,3.5,24,0,12,unusual_still_active,unusual_event_interrupted_by_intersection_rs
CrossingBicycleFlow,Town12_Rep0_684_3_route0_01_08_12_31_17,36,R4,U-E4,R-E4|U-E4,R-E4,U-E4,U-E4,R1,R4,15,3.75,24,0,12,unusual_still_active,unusual_event_interrupted_by_intersection_rs
CrossingBicycleFlow,Town12_Rep0_684_3_route0_01_08_12_31_17,37,R4,U-E4,R-E4|U-E4,R-E4,U-E4,U-E4,R1,R4,16,4.0,24,0,12,unusual_still_active,unusual_event_interrupted_by_intersection_rs
CrossingBicycleFlow,Town12_Rep0_684_3_route0_01_08_12_31_17,38,R4,U-E4,R-E4|U-E4,R-E4,U-E4,U-E4,R1,R4,17,4.25,24,0,12,unusual_still_active,unusual_event_interrupted_by_intersection_rs
CrossingBicycleFlow,Town12_Rep0_684_3_route0_01_08_12_31_17,39,R4,U-E4,R-E4|U-E4,R-E4,U-E4,U-E4,R1,R4,18,4.5,24,0,12,unusual_still_active,unusual_event_interrupted_by_intersection_rs
CrossingBicycleFlow,Town12_Rep0_684_3_route0_01_08_12_31_17,40,R4,U-E4,R-E4|U-E4,R-E4,U-E4,U-E4,R1,R4,19,4.75,24,0,12,unusual_still_active,unusual_event_interrupted_by_intersection_rs
CrossingBicycleFlow,Town12_Rep0_684_3_route0_01_08_12_31_17,41,R4,U-E4,R-E4|U-E4,R-E4,U-E4,U-E4,R1,R4,20,5.0,24,0,12,unusual_still_active,unusual_event_interrupted_by_intersection_rs
CrossingBicycleFlow,Town12_Rep0_684_3_route0_01_08_12_31_17,42,R4,U-E4,R-E4|U-E4,R-E4,U-E4,U-E4,R1,R4,21,5.25,24,0,12,unusual_still_active,unusual_event_interrupted_by_intersection_rs
CrossingBicycleFlow,Town12_Rep0_684_3_route0_01_08_12_31_17,43,R4,U-E4,R-E4|U-E4,R-E4,U-E4,U-E4,R1,R4,22,5.5,24,0,12,unusual_still_active,unusual_event_interrupted_by_intersection_rs
CrossingBicycleFlow,Town12_Rep0_684_3_route0_01_08_12_31_17,44,R4,U-E4,R-E4|U-E4,R-E4,U-E4,U-E4,R1,R4,23,5.75,24,0,12,unusual_still_active,unusual_event_interrupted_by_intersection_rs
CrossingBicycleFlow,Town12_Rep0_684_3_route0_01_08_12_31_17,45,R4,U-E4,R-E4|U-E4,R-E4,U-E4,U-E4,R1,R4,24,6.0,24,0,12,unusual_still_active,unusual_event_interrupted_by_intersection_rs
CrossingBicycleFlow,Town12_Rep0_823_0_route0_01_10_16_07_44,42,R4,U-E4,R-E4|U-E4,R-E4,U-E4,U-E4,R1,R4,1,0.25,24,0,12,unusual_still_active,unusual_event_interrupted_by_intersection_rs
CrossingBicycleFlow,Town12_Rep0_823_0_route0_01_10_16_07_44,43,R4,U-E4,R-E4|U-E4,R-E4,U-E4,U-E4,R1,R4,2,0.5,24,0,12,unusual_still_active,unusual_event_interrupted_by_intersection_rs
CrossingBicycleFlow,Town12_Rep0_823_0_route0_01_10_16_07_44,44,R4,U-E4,R-E4|U-E4,R-E4,U-E4,U-E4,R1,R4,3,0.75,24,0,12,unusual_still_active,unusual_event_interrupted_by_intersection_rs
CrossingBicycleFlow,Town12_Rep0_823_0_route0_01_10_16_07_44,45,R4,U-E4,R-E4|U-E4,R-E4,U-E4,U-E4,R1,R4,4,1.0,24,0,12,unusual_still_active,unusual_event_interrupted_by_intersection_rs
CrossingBicycleFlow,Town12_Rep0_823_0_route0_01_10_16_07_44,46,R4,U-E4,R-E4|U-E4,R-E4,U-E4,U-E4,R1,R4,5,1.25,24,0,12,unusual_still_active,unusual_event_interrupted_by_intersection_rs
CrossingBicycleFlow,Town12_Rep0_823_0_route0_01_10_16_07_44,47,R4,U-E4,R-E4|U-E4,R-E4,U-E4,U-E4,R1,R4,6,1.5,24,0,12,unusual_still_active,unusual_event_interrupted_by_intersection_rs
CrossingBicycleFlow,Town12_Rep0_823_0_route0_01_10_16_07_44,48,R4,U-E4,R-E4|U-E4,R-E4,U-E4,U-E4,R1,R4,7,1.75,24,0,12,unusual_still_active,unusual_event_interrupted_by_intersection_rs
CrossingBicycleFlow,Town12_Rep0_823_0_route0_01_10_16_07_44,49,R4,U-E4,R-E4|U-E4,R-E4,U-E4,U-E4,R1,R4,8,2.0,24,0,12,unusual_still_active,unusual_event_interrupted_by_intersection_rs
CrossingBicycleFlow,Town12_Rep0_823_0_route0_01_10_16_07_44,50,R4,U-E4,R-E4|U-E4,R-E4,U-E4,U-E4,R1,R4,9,2.25,24,0,12,unusual_still_active,unusual_event_interrupted_by_intersection_rs
CrossingBicycleFlow,Town12_Rep0_823_0_route0_01_10_16_07_44,51,R4,U-E4,R-E4|U-E4,R-E4,U-E4,U-E4,R1,R4,10,2.5,24,0,12,unusual_still_active,unusual_event_interrupted_by_intersection_rs
CrossingBicycleFlow,Town12_Rep0_823_0_route0_01_10_16_07_44,52,R4,U-E4,R-E4|U-E4,R-E4,U-E4,U-E4,R1,R4,11,2.75,24,0,12,unusual_still_active,unusual_event_interrupted_by_intersection_rs
CrossingBicycleFlow,Town12_Rep0_823_0_route0_01_10_16_07_44,53,R4,U-E4,R-E4|U-E4,R-E4,U-E4,U-E4,R1,R4,12,3.0,24,0,12,unusual_still_active,unusual_event_interrupted_by_intersection_rs
CrossingBicycleFlow,Town12_Rep0_823_0_route0_01_10_16_07_44,54,R4,U-E4,R-E4|U-E4,R-E4,U-E4,U-E4,R1,R4,13,3.25,24,0,12,unusual_still_active,unusual_event_interrupted_by_intersection_rs
CrossingBicycleFlow,Town12_Rep0_823_0_route0_01_10_16_07_44,55,R4,U-E4,R-E4|U-E4,R-E4,U-E4,U-E4,R1,R4,14,3.5,24,0,12,unusual_still_active,unusual_event_interrupted_by_intersection_rs
CrossingBicycleFlow,Town12_Rep0_823_0_route0_01_10_16_07_44,56,R4,U-E4,R-E4|U-E4,R-E4,U-E4,U-E4,R1,R4,15,3.75,24,0,12,unusual_still_active,unusual_event_interrupted_by_intersection_rs
CrossingBicycleFlow,Town12_Rep0_823_0_route0_01_10_16_07_44,57,R4,U-E4,R-E4|U-E4,R-E4,U-E4,U-E4,R1,R4,16,4.0,24,0,12,unusual_still_active,unusual_event_interrupted_by_intersection_rs
CrossingBicycleFlow,Town12_Rep0_823_0_route0_01_10_16_07_44,58,R4,U-E4,R-E4|U-E4,R-E4,U-E4,U-E4,R1,R4,17,4.25,24,0,12,unusual_still_active,unusual_event_interrupted_by_intersection_rs
CrossingBicycleFlow,Town12_Rep0_823_0_route0_01_10_16_07_44,59,R4,U-E4,R-E4|U-E4,R-E4,U-E4,U-E4,R1,R4,18,4.5,24,0,12,unusual_still_active,unusual_event_interrupted_by_intersection_rs
CrossingBicycleFlow,Town12_Rep0_823_0_route0_01_10_16_07_44,60,R4,U-E4,R-E4|U-E4,R-E4,U-E4,U-E4,R1,R4,19,4.75,24,0,12,unusual_still_active,unusual_event_interrupted_by_intersection_rs
CrossingBicycleFlow,Town12_Rep0_823_0_route0_01_10_16_07_44,61,R4,U-E4,R-E4|U-E4,R-E4,U-E4,U-E4,R1,R4,20,5.0,24,0,12,unusual_still_active,unusual_event_interrupted_by_intersection_rs
CrossingBicycleFlow,Town12_Rep0_823_0_route0_01_10_16_07_44,62,R4,U-E4,R-E4|U-E4,R-E4,U-E4,U-E4,R1,R4,21,5.25,24,0,12,unusual_still_active,unusual_event_interrupted_by_intersection_rs
CrossingBicycleFlow,Town12_Rep0_823_0_route0_01_10_16_07_44,63,R4,U-E4,R-E4|U-E4,R-E4,U-E4,U-E4,R1,R4,22,5.5,24,0,12,unusual_still_active,unusual_event_interrupted_by_intersection_rs
CrossingBicycleFlow,Town12_Rep0_823_0_route0_01_10_16_07_44,64,R4,U-E4,R-E4|U-E4,R-E4,U-E4,U-E4,R1,R4,23,5.75,24,0,12,unusual_still_active,unusual_event_interrupted_by_intersection_rs
CrossingBicycleFlow,Town12_Rep0_823_1_route0_01_11_03_18_57,27,R4,U-E4,R-E4|U-E4,R-E4,U-E4,U-E4,R1,R4,1,0.25,24,0,12,unusual_still_active,unusual_event_interrupted_by_intersection_rs
CrossingBicycleFlow,Town12_Rep0_823_1_route0_01_11_03_18_57,28,R4,U-E4,R-E4|U-E4,R-E4,U-E4,U-E4,R1,R4,2,0.5,24,0,12,unusual_still_active,unusual_event_interrupted_by_intersection_rs
CrossingBicycleFlow,Town12_Rep0_823_1_route0_01_11_03_18_57,29,R4,U-E4,R-E4|U-E4,R-E4,U-E4,U-E4,R1,R4,3,0.75,24,0,12,unusual_still_active,unusual_event_interrupted_by_intersection_rs
CrossingBicycleFlow,Town12_Rep0_823_1_route0_01_11_03_18_57,30,R4,U-E4,R-E4|U-E4,R-E4,U-E4,U-E4,R1,R4,4,1.0,24,0,12,unusual_still_active,unusual_event_interrupted_by_intersection_rs
CrossingBicycleFlow,Town12_Rep0_823_1_route0_01_11_03_18_57,31,R4,U-E4,R-E4|U-E4,R-E4,U-E4,U-E4,R1,R4,5,1.25,24,0,12,unusual_still_active,unusual_event_interrupted_by_intersection_rs
CrossingBicycleFlow,Town12_Rep0_823_1_route0_01_11_03_18_57,32,R4,U-E4,R-E4|U-E4,R-E4,U-E4,U-E4,R1,R4,6,1.5,24,0,12,unusual_still_active,unusual_event_interrupted_by_intersection_rs
CrossingBicycleFlow,Town12_Rep0_823_1_route0_01_11_03_18_57,33,R4,U-E4,R-E4|U-E4,R-E4,U-E4,U-E4,R1,R4,7,1.75,24,0,12,unusual_still_active,unusual_event_interrupted_by_intersection_rs
CrossingBicycleFlow,Town12_Rep0_823_1_route0_01_11_03_18_57,34,R4,U-E4,R-E4|U-E4,R-E4,U-E4,U-E4,R1,R4,8,2.0,24,0,12,unusual_still_active,unusual_event_interrupted_by_intersection_rs
CrossingBicycleFlow,Town12_Rep0_823_1_route0_01_11_03_18_57,35,R4,U-E4,R-E4|U-E4,R-E4,U-E4,U-E4,R1,R4,9,2.25,24,0,12,unusual_still_active,unusual_event_interrupted_by_intersection_rs
CrossingBicycleFlow,Town12_Rep0_823_1_route0_01_11_03_18_57,36,R4,U-E4,R-E4|U-E4,R-E4,U-E4,U-E4,R1,R4,10,2.5,24,0,12,unusual_still_active,unusual_event_interrupted_by_intersection_rs
CrossingBicycleFlow,Town12_Rep0_823_1_route0_01_11_03_18_57,37,R4,U-E4,R-E4|U-E4,R-E4,U-E4,U-E4,R1,R4,11,2.75,24,0,12,unusual_still_active,unusual_event_interrupted_by_intersection_rs
CrossingBicycleFlow,Town12_Rep0_823_1_route0_01_11_03_18_57,38,R4,U-E4,R-E4|U-E4,R-E4,U-E4,U-E4,R1,R4,12,3.0,24,0,12,unusual_still_active,unusual_event_interrupted_by_intersection_rs
CrossingBicycleFlow,Town12_Rep0_823_1_route0_01_11_03_18_57,39,R4,U-E4,R-E4|U-E4,R-E4,U-E4,U-E4,R1,R4,13,3.25,24,0,12,unusual_still_active,unusual_event_interrupted_by_intersection_rs
CrossingBicycleFlow,Town12_Rep0_823_1_route0_01_11_03_18_57,40,R4,U-E4,R-E4|U-E4,R-E4,U-E4,U-E4,R1,R4,14,3.5,24,0,12,unusual_still_active,unusual_event_interrupted_by_intersection_rs
CrossingBicycleFlow,Town12_Rep0_823_1_route0_01_11_03_18_57,41,R4,U-E4,R-E4|U-E4,R-E4,U-E4,U-E4,R1,R4,15,3.75,24,0,12,unusual_still_active,unusual_event_interrupted_by_intersection_rs
CrossingBicycleFlow,Town12_Rep0_823_1_route0_01_11_03_18_57,42,R4,U-E4,R-E4|U-E4,R-E4,U-E4,U-E4,R1,R4,16,4.0,24,0,12,unusual_still_active,unusual_event_interrupted_by_intersection_rs
CrossingBicycleFlow,Town12_Rep0_823_1_route0_01_11_03_18_57,43,R4,U-E4,R-E4|U-E4,R-E4,U-E4,U-E4,R1,R4,17,4.25,24,0,12,unusual_still_active,unusual_event_interrupted_by_intersection_rs
CrossingBicycleFlow,Town12_Rep0_823_1_route0_01_11_03_18_57,44,R4,U-E4,R-E4|U-E4,R-E4,U-E4,U-E4,R1,R4,18,4.5,24,0,12,unusual_still_active,unusual_event_interrupted_by_intersection_rs
CrossingBicycleFlow,Town12_Rep0_823_1_route0_01_11_03_18_57,45,R4,U-E4,R-E4|U-E4,R-E4,U-E4,U-E4,R1,R4,19,4.75,24,0,12,unusual_still_active,unusual_event_interrupted_by_intersection_rs
CrossingBicycleFlow,Town12_Rep0_823_1_route0_01_11_03_18_57,46,R4,U-E4,R-E4|U-E4,R-E4,U-E4,U-E4,R1,R4,20,5.0,24,0,12,unusual_still_active,unusual_event_interrupted_by_intersection_rs
CrossingBicycleFlow,Town12_Rep0_823_1_route0_01_11_03_18_57,47,R4,U-E4,R-E4|U-E4,R-E4,U-E4,U-E4,R1,R4,21,5.25,24,0,12,unusual_still_active,unusual_event_interrupted_by_intersection_rs
CrossingBicycleFlow,Town12_Rep0_823_1_route0_01_11_03_18_57,48,R4,U-E4,R-E4|U-E4,R-E4,U-E4,U-E4,R1,R4,22,5.5,24,0,12,unusual_still_active,unusual_event_interrupted_by_intersection_rs
CrossingBicycleFlow,Town12_Rep0_823_1_route0_01_11_03_18_57,49,R4,U-E4,R-E4|U-E4,R-E4,U-E4,U-E4,R1,R4,23,5.75,24,0,12,unusual_still_active,unusual_event_interrupted_by_intersection_rs
CrossingBicycleFlow,Town12_Rep0_823_1_route0_01_11_03_18_57,50,R4,U-E4,R-E4|U-E4,R-E4,U-E4,U-E4,R1,R4,24,6.0,24,0,12,unusual_still_active,unusual_event_interrupted_by_intersection_rs
CrossingBicycleFlow,Town12_Rep0_823_2_route0_01_09_02_16_19,25,R4,U-E4,R-E4|U-E4,R-E4,U-E4,U-E4,R1,R4,1,0.25,24,0,12,unusual_still_active,unusual_event_interrupted_by_intersection_rs
CrossingBicycleFlow,Town12_Rep0_823_2_route0_01_09_02_16_19,26,R4,U-E4,R-E4|U-E4,R-E4,U-E4,U-E4,R1,R4,2,0.5,24,0,12,unusual_still_active,unusual_event_interrupted_by_intersection_rs
CrossingBicycleFlow,Town12_Rep0_823_2_route0_01_09_02_16_19,27,R4,U-E4,R-E4|U-E4,R-E4,U-E4,U-E4,R1,R4,3,0.75,24,0,12,unusual_still_active,unusual_event_interrupted_by_intersection_rs
CrossingBicycleFlow,Town12_Rep0_823_2_route0_01_09_02_16_19,28,R4,U-E4,R-E4|U-E4,R-E4,U-E4,U-E4,R1,R4,4,1.0,24,0,12,unusual_still_active,unusual_event_interrupted_by_intersection_rs
CrossingBicycleFlow,Town12_Rep0_823_2_route0_01_09_02_16_19,29,R4,U-E4,R-E4|U-E4,R-E4,U-E4,U-E4,R1,R4,5,1.25,24,0,12,unusual_still_active,unusual_event_interrupted_by_intersection_rs
CrossingBicycleFlow,Town12_Rep0_823_2_route0_01_09_02_16_19,30,R4,U-E4,R-E4|U-E4,R-E4,U-E4,U-E4,R1,R4,6,1.5,24,0,12,unusual_still_active,unusual_event_interrupted_by_intersection_rs
CrossingBicycleFlow,Town12_Rep0_823_2_route0_01_09_02_16_19,31,R4,U-E4,R-E4|U-E4,R-E4,U-E4,U-E4,R1,R4,7,1.75,24,0,12,unusual_still_active,unusual_event_interrupted_by_intersection_rs
CrossingBicycleFlow,Town12_Rep0_823_2_route0_01_09_02_16_19,32,R4,U-E4,R-E4|U-E4,R-E4,U-E4,U-E4,R1,R4,8,2.0,24,0,12,unusual_still_active,unusual_event_interrupted_by_intersection_rs
CrossingBicycleFlow,Town12_Rep0_823_2_route0_01_09_02_16_19,33,R4,U-E4,R-E4|U-E4,R-E4,U-E4,U-E4,R1,R4,9,2.25,24,0,12,unusual_still_active,unusual_event_interrupted_by_intersection_rs
CrossingBicycleFlow,Town12_Rep0_823_2_route0_01_09_02_16_19,34,R4,U-E4,R-E4|U-E4,R-E4,U-E4,U-E4,R1,R4,10,2.5,24,0,12,unusual_still_active,unusual_event_interrupted_by_intersection_rs
CrossingBicycleFlow,Town12_Rep0_823_2_route0_01_09_02_16_19,35,R4,U-E4,R-E4|U-E4,R-E4,U-E4,U-E4,R1,R4,11,2.75,24,0,12,unusual_still_active,unusual_event_interrupted_by_intersection_rs
CrossingBicycleFlow,Town12_Rep0_823_2_route0_01_09_02_16_19,36,R4,U-E4,R-E4|U-E4,R-E4,U-E4,U-E4,R1,R4,12,3.0,24,0,12,unusual_still_active,unusual_event_interrupted_by_intersection_rs
CrossingBicycleFlow,Town12_Rep0_823_2_route0_01_09_02_16_19,37,R4,U-E4,R-E4|U-E4,R-E4,U-E4,U-E4,R1,R4,13,3.25,24,0,12,unusual_still_active,unusual_event_interrupted_by_intersection_rs
CrossingBicycleFlow,Town12_Rep0_823_2_route0_01_09_02_16_19,38,R4,U-E4,R-E4|U-E4,R-E4,U-E4,U-E4,R1,R4,14,3.5,24,0,12,unusual_still_active,unusual_event_interrupted_by_intersection_rs
CrossingBicycleFlow,Town12_Rep0_823_2_route0_01_09_02_16_19,39,R4,U-E4,R-E4|U-E4,R-E4,U-E4,U-E4,R1,R4,15,3.75,24,0,12,unusual_still_active,unusual_event_interrupted_by_intersection_rs
CrossingBicycleFlow,Town12_Rep0_823_2_route0_01_09_02_16_19,40,R4,U-E4,R-E4|U-E4,R-E4,U-E4,U-E4,R1,R4,16,4.0,24,0,12,unusual_still_active,unusual_event_interrupted_by_intersection_rs
CrossingBicycleFlow,Town12_Rep0_823_2_route0_01_09_02_16_19,41,R4,U-E4,R-E4|U-E4,R-E4,U-E4,U-E4,R1,R4,17,4.25,24,0,12,unusual_still_active,unusual_event_interrupted_by_intersection_rs
CrossingBicycleFlow,Town12_Rep0_823_2_route0_01_09_02_16_19,42,R4,U-E4,R-E4|U-E4,R-E4,U-E4,U-E4,R1,R4,18,4.5,24,0,12,unusual_still_active,unusual_event_interrupted_by_intersection_rs
CrossingBicycleFlow,Town12_Rep0_823_2_route0_01_09_02_16_19,43,R4,U-E4,R-E4|U-E4,R-E4,U-E4,U-E4,R1,R4,19,4.75,24,0,12,unusual_still_active,unusual_event_interrupted_by_intersection_rs
CrossingBicycleFlow,Town12_Rep0_823_2_route0_01_09_02_16_19,44,R4,U-E4,R-E4|U-E4,R-E4,U-E4,U-E4,R1,R4,20,5.0,24,0,12,unusual_still_active,unusual_event_interrupted_by_intersection_rs
CrossingBicycleFlow,Town12_Rep0_823_2_route0_01_09_02_16_19,45,R4,U-E4,R-E4|U-E4,R-E4,U-E4,U-E4,R1,R4,21,5.25,24,0,12,unusual_still_active,unusual_event_interrupted_by_intersection_rs
CrossingBicycleFlow,Town12_Rep0_823_2_route0_01_09_02_16_19,46,R4,U-E4,R-E4|U-E4,R-E4,U-E4,U-E4,R1,R4,22,5.5,24,0,12,unusual_still_active,unusual_event_interrupted_by_intersection_rs
CrossingBicycleFlow,Town12_Rep0_823_2_route0_01_09_02_16_19,47,R4,U-E4,R-E4|U-E4,R-E4,U-E4,U-E4,R1,R4,23,5.75,24,0,12,unusual_still_active,unusual_event_interrupted_by_intersection_rs
CrossingBicycleFlow,Town12_Rep0_823_2_route0_01_09_02_16_19,48,R4,U-E4,R-E4|U-E4,R-E4,U-E4,U-E4,R1,R4,24,6.0,24,0,12,unusual_still_active,unusual_event_interrupted_by_intersection_rs
CrossingBicycleFlow,Town12_Rep0_823_3_route0_01_11_02_09_27,42,R4,U-E4,R-E4|U-E4,R-E4,U-E4,U-E4,R1,R4,1,0.25,24,0,12,unusual_still_active,unusual_event_interrupted_by_intersection_rs
CrossingBicycleFlow,Town12_Rep0_823_3_route0_01_11_02_09_27,43,R4,U-E4,R-E4|U-E4,R-E4,U-E4,U-E4,R1,R4,2,0.5,24,0,12,unusual_still_active,unusual_event_interrupted_by_intersection_rs
CrossingBicycleFlow,Town12_Rep0_823_3_route0_01_11_02_09_27,44,R4,U-E4,R-E4|U-E4,R-E4,U-E4,U-E4,R1,R4,3,0.75,24,0,12,unusual_still_active,unusual_event_interrupted_by_intersection_rs
CrossingBicycleFlow,Town12_Rep0_823_3_route0_01_11_02_09_27,45,R4,U-E4,R-E4|U-E4,R-E4,U-E4,U-E4,R1,R4,4,1.0,24,0,12,unusual_still_active,unusual_event_interrupted_by_intersection_rs
CrossingBicycleFlow,Town12_Rep0_823_3_route0_01_11_02_09_27,46,R4,U-E4,R-E4|U-E4,R-E4,U-E4,U-E4,R1,R4,5,1.25,24,0,12,unusual_still_active,unusual_event_interrupted_by_intersection_rs
CrossingBicycleFlow,Town12_Rep0_823_3_route0_01_11_02_09_27,47,R4,U-E4,R-E4|U-E4,R-E4,U-E4,U-E4,R1,R4,6,1.5,24,0,12,unusual_still_active,unusual_event_interrupted_by_intersection_rs
CrossingBicycleFlow,Town12_Rep0_823_3_route0_01_11_02_09_27,48,R4,U-E4,R-E4|U-E4,R-E4,U-E4,U-E4,R1,R4,7,1.75,24,0,12,unusual_still_active,unusual_event_interrupted_by_intersection_rs
CrossingBicycleFlow,Town12_Rep0_823_3_route0_01_11_02_09_27,49,R4,U-E4,R-E4|U-E4,R-E4,U-E4,U-E4,R1,R4,8,2.0,24,0,12,unusual_still_active,unusual_event_interrupted_by_intersection_rs
CrossingBicycleFlow,Town12_Rep0_823_3_route0_01_11_02_09_27,50,R4,U-E4,R-E4|U-E4,R-E4,U-E4,U-E4,R1,R4,9,2.25,24,0,12,unusual_still_active,unusual_event_interrupted_by_intersection_rs
CrossingBicycleFlow,Town12_Rep0_823_3_route0_01_11_02_09_27,51,R4,U-E4,R-E4|U-E4,R-E4,U-E4,U-E4,R1,R4,10,2.5,24,0,12,unusual_still_active,unusual_event_interrupted_by_intersection_rs
CrossingBicycleFlow,Town12_Rep0_823_3_route0_01_11_02_09_27,52,R4,U-E4,R-E4|U-E4,R-E4,U-E4,U-E4,R1,R4,11,2.75,24,0,12,unusual_still_active,unusual_event_interrupted_by_intersection_rs
CrossingBicycleFlow,Town12_Rep0_823_3_route0_01_11_02_09_27,53,R4,U-E4,R-E4|U-E4,R-E4,U-E4,U-E4,R1,R4,12,3.0,24,0,12,unusual_still_active,unusual_event_interrupted_by_intersection_rs
CrossingBicycleFlow,Town12_Rep0_823_3_route0_01_11_02_09_27,54,R4,U-E4,R-E4|U-E4,R-E4,U-E4,U-E4,R1,R4,13,3.25,24,0,12,unusual_still_active,unusual_event_interrupted_by_intersection_rs
CrossingBicycleFlow,Town12_Rep0_823_3_route0_01_11_02_09_27,55,R4,U-E4,R-E4|U-E4,R-E4,U-E4,U-E4,R1,R4,14,3.5,24,0,12,unusual_still_active,unusual_event_interrupted_by_intersection_rs
CrossingBicycleFlow,Town12_Rep0_823_3_route0_01_11_02_09_27,56,R4,U-E4,R-E4|U-E4,R-E4,U-E4,U-E4,R1,R4,15,3.75,24,0,12,unusual_still_active,unusual_event_interrupted_by_intersection_rs
CrossingBicycleFlow,Town12_Rep0_823_3_route0_01_11_02_09_27,57,R4,U-E4,R-E4|U-E4,R-E4,U-E4,U-E4,R1,R4,16,4.0,24,0,12,unusual_still_active,unusual_event_interrupted_by_intersection_rs
CrossingBicycleFlow,Town12_Rep0_823_3_route0_01_11_02_09_27,58,R4,U-E4,R-E4|U-E4,R-E4,U-E4,U-E4,R1,R4,17,4.25,24,0,12,unusual_still_active,unusual_event_interrupted_by_intersection_rs
CrossingBicycleFlow,Town12_Rep0_823_3_route0_01_11_02_09_27,59,R4,U-E4,R-E4|U-E4,R-E4,U-E4,U-E4,R1,R4,18,4.5,24,0,12,unusual_still_active,unusual_event_interrupted_by_intersection_rs
CrossingBicycleFlow,Town12_Rep0_823_3_route0_01_11_02_09_27,60,R4,U-E4,R-E4|U-E4,R-E4,U-E4,U-E4,R1,R4,19,4.75,24,0,12,unusual_still_active,unusual_event_interrupted_by_intersection_rs
CrossingBicycleFlow,Town12_Rep0_823_3_route0_01_11_02_09_27,61,R4,U-E4,R-E4|U-E4,R-E4,U-E4,U-E4,R1,R4,20,5.0,24,0,12,unusual_still_active,unusual_event_interrupted_by_intersection_rs
CrossingBicycleFlow,Town12_Rep0_823_3_route0_01_11_02_09_27,62,R4,U-E4,R-E4|U-E4,R-E4,U-E4,U-E4,R1,R4,21,5.25,24,0,12,unusual_still_active,unusual_event_interrupted_by_intersection_rs
CrossingBicycleFlow,Town12_Rep0_823_3_route0_01_11_02_09_27,63,R4,U-E4,R-E4|U-E4,R-E4,U-E4,U-E4,R1,R4,22,5.5,24,0,12,unusual_still_active,unusual_event_interrupted_by_intersection_rs
DynamicObjectCrossing,Town06_Rep0_Town06_Scenario3_4_route0_01_09_04_18_32,137,R4,U-E3,R-E4|U-E3,R-E4,U-E3,U-E3,R1,R4,1,0.25,24,0,12,unusual_still_active,unusual_event_interrupted_by_intersection_rs
DynamicObjectCrossing,Town06_Rep0_Town06_Scenario3_4_route0_01_09_04_18_32,138,R4,U-E3,R-E4|U-E3,R-E4,U-E3,U-E3,R1,R4,2,0.5,24,0,12,unusual_still_active,unusual_event_interrupted_by_intersection_rs
DynamicObjectCrossing,Town12_Rep0_4346_0_route0_01_10_10_04_31,99,R4,U-E4,R-E4|U-E4,R-E4,U-E4,U-E4,R1,R4,1,0.25,24,0,12,unusual_still_active,unusual_event_interrupted_by_intersection_rs
DynamicObjectCrossing,Town12_Rep0_4346_0_route0_01_10_10_04_31,100,R4,U-E4,R-E4|U-E4,R-E4,U-E4,U-E4,R1,R4,2,0.5,24,0,12,unusual_still_active,unusual_event_interrupted_by_intersection_rs
DynamicObjectCrossing,Town12_Rep0_4346_0_route0_01_10_10_04_31,101,R4,U-E4,R-E4|U-E4,R-E4,U-E4,U-E4,R1,R4,3,0.75,24,0,12,unusual_still_active,unusual_event_interrupted_by_intersection_rs
DynamicObjectCrossing,Town12_Rep0_4346_0_route0_01_10_10_04_31,102,R4,U-E4,R-E4|U-E4,R-E4,U-E4,U-E4,R1,R4,4,1.0,24,0,12,unusual_still_active,unusual_event_interrupted_by_intersection_rs
DynamicObjectCrossing,Town12_Rep0_4346_0_route0_01_10_10_04_31,103,R4,U-E4,R-E4|U-E4,R-E4,U-E4,U-E4,R1,R4,5,1.25,24,0,12,unusual_still_active,unusual_event_interrupted_by_intersection_rs
DynamicObjectCrossing,Town12_Rep0_4346_0_route0_01_10_10_04_31,104,R4,U-E4,R-E4|U-E4,R-E4,U-E4,U-E4,R1,R4,6,1.5,24,0,12,unusual_still_active,unusual_event_interrupted_by_intersection_rs
DynamicObjectCrossing,Town12_Rep0_4346_0_route0_01_10_10_04_31,105,R4,U-E4,R-E4|U-E4,R-E4,U-E4,U-E4,R1,R4,7,1.75,24,0,12,unusual_still_active,unusual_event_interrupted_by_intersection_rs
DynamicObjectCrossing,Town12_Rep0_4346_0_route0_01_10_10_04_31,106,R4,U-E4,R-E4|U-E4,R-E4,U-E4,U-E4,R1,R4,8,2.0,24,0,12,unusual_still_active,unusual_event_interrupted_by_intersection_rs
DynamicObjectCrossing,Town12_Rep0_4346_0_route0_01_10_10_04_31,107,R4,U-E4,R-E4|U-E4,R-E4,U-E4,U-E4,R1,R4,9,2.25,24,0,12,unusual_still_active,unusual_event_interrupted_by_intersection_rs
DynamicObjectCrossing,Town12_Rep0_4346_0_route0_01_10_10_04_31,108,R4,U-E4,R-E4|U-E4,R-E4,U-E4,U-E4,R1,R4,10,2.5,24,0,12,unusual_still_active,unusual_event_interrupted_by_intersection_rs
HardBreakRoute,Town12_Rep0_1669_0_route0_01_10_21_58_25,14,R5,U-E1,R-E5|U-E1,R-E5,U-E1,U-E1,R1,R5,1,0.25,24,0,12,unusual_still_active,unusual_event_interrupted_by_intersection_rs
HardBreakRoute,Town12_Rep0_1669_0_route0_01_10_21_58_25,15,R5,U-E1,R-E5|U-E1,R-E5,U-E1,U-E1,R1,R5,2,0.5,24,0,12,unusual_still_active,unusual_event_interrupted_by_intersection_rs
HardBreakRoute,Town12_Rep0_1669_0_route0_01_10_21_58_25,16,R5,U-E1,R-E5|U-E1,R-E5,U-E1,U-E1,R1,R5,3,0.75,24,0,12,unusual_still_active,unusual_event_interrupted_by_intersection_rs
HardBreakRoute,Town12_Rep0_1669_0_route0_01_10_21_58_25,17,R5,U-E1,R-E5|U-E1,R-E5,U-E1,U-E1,R1,R5,4,1.0,24,0,12,unusual_still_active,unusual_event_interrupted_by_intersection_rs
HardBreakRoute,Town12_Rep0_1669_0_route0_01_10_21_58_25,18,R5,U-E1,R-E5|U-E1,R-E5,U-E1,U-E1,R1,R5,5,1.25,24,0,12,unusual_still_active,unusual_event_interrupted_by_intersection_rs
HardBreakRoute,Town12_Rep0_1669_0_route0_01_10_21_58_25,19,R5,U-E1,R-E5|U-E1,R-E5,U-E1,U-E1,R1,R5,6,1.5,24,0,12,unusual_still_active,unusual_event_interrupted_by_intersection_rs
HardBreakRoute,Town12_Rep0_1669_0_route0_01_10_21_58_25,20,R5,U-E1,R-E5|U-E1,R-E5,U-E1,U-E1,R1,R5,7,1.75,24,0,12,unusual_still_active,unusual_event_interrupted_by_intersection_rs
HardBreakRoute,Town12_Rep0_1669_0_route0_01_10_21_58_25,21,R5,U-E1,R-E5|U-E1,R-E5,U-E1,U-E1,R1,R5,8,2.0,24,0,12,unusual_still_active,unusual_event_interrupted_by_intersection_rs
HardBreakRoute,Town12_Rep0_1669_0_route0_01_10_21_58_25,22,R5,U-E1,R-E5|U-E1,R-E5,U-E1,U-E1,R1,R5,9,2.25,24,0,12,unusual_still_active,unusual_event_interrupted_by_intersection_rs
HardBreakRoute,Town12_Rep0_1669_0_route0_01_10_21_58_25,23,R5,U-E1,R-E5|U-E1,R-E5,U-E1,U-E1,R1,R5,10,2.5,24,0,12,unusual_still_active,unusual_event_interrupted_by_intersection_rs
HardBreakRoute,Town13_Rep0_1134_0_route0_01_11_06_57_07,15,R5,U-E1,R-E5|U-E1,R-E5,U-E1,U-E1,R1,R5,1,0.25,24,0,12,unusual_still_active,unusual_event_interrupted_by_intersection_rs
HardBreakRoute,Town13_Rep0_1134_0_route0_01_11_06_57_07,16,R5,U-E1,R-E5|U-E1,R-E5,U-E1,U-E1,R1,R5,2,0.5,24,0,12,unusual_still_active,unusual_event_interrupted_by_intersection_rs
HardBreakRoute,Town13_Rep0_1134_0_route0_01_11_06_57_07,17,R5,U-E1,R-E5|U-E1,R-E5,U-E1,U-E1,R1,R5,3,0.75,24,0,12,unusual_still_active,unusual_event_interrupted_by_intersection_rs
HardBreakRoute,Town13_Rep0_1134_0_route0_01_11_06_57_07,18,R5,U-E1,R-E5|U-E1,R-E5,U-E1,U-E1,R1,R5,4,1.0,24,0,12,unusual_still_active,unusual_event_interrupted_by_intersection_rs
HardBreakRoute,Town13_Rep0_1134_0_route0_01_11_06_57_07,19,R5,U-E1,R-E5|U-E1,R-E5,U-E1,U-E1,R1,R5,5,1.25,24,0,12,unusual_still_active,unusual_event_interrupted_by_intersection_rs
HardBreakRoute,Town13_Rep0_1134_0_route0_01_11_06_57_07,20,R5,U-E1,R-E5|U-E1,R-E5,U-E1,U-E1,R1,R5,6,1.5,24,0,12,unusual_still_active,unusual_event_interrupted_by_intersection_rs
HardBreakRoute,Town13_Rep0_1134_0_route0_01_11_06_57_07,21,R5,U-E1,R-E5|U-E1,R-E5,U-E1,U-E1,R1,R5,7,1.75,24,0,12,unusual_still_active,unusual_event_interrupted_by_intersection_rs
HardBreakRoute,Town13_Rep0_1134_0_route0_01_11_06_57_07,22,R5,U-E1,R-E5|U-E1,R-E5,U-E1,U-E1,R1,R5,8,2.0,24,0,12,unusual_still_active,unusual_event_interrupted_by_intersection_rs
ParkedObstacle,Town03_Rep0_route_001889_route0_01_10_17_16_11,14,R5,U-E2,R-E5|U-E2,R-E5,U-E2,U-E2,R1,R5,1,0.25,24,0,12,unusual_still_active,unusual_event_interrupted_by_intersection_rs
ParkedObstacle,Town03_Rep0_route_001889_route0_01_10_17_16_11,15,R5,R-E2,R-E2|R-E5,R-E5,R-E2,U-E2,R1,R5,2,0.5,24,1,12,recovery_to_target_lane,unusual_event_interrupted_by_intersection_rs
ParkedObstacle,Town03_Rep0_route_001889_route0_01_10_17_16_11,16,R5,U-E2,R-E5|U-E2,R-E5,U-E2,U-E2,R1,R5,3,0.75,24,0,12,unusual_still_active,unusual_event_interrupted_by_intersection_rs
ParkedObstacle,Town03_Rep0_route_001889_route0_01_10_17_16_11,17,R5,U-E2,R-E5|U-E2,R-E5,U-E2,U-E2,R1,R5,4,1.0,24,0,12,unusual_still_active,unusual_event_interrupted_by_intersection_rs
ParkedObstacle,Town03_Rep0_route_001889_route0_01_10_17_16_11,18,R5,R-E2,R-E2|R-E5,R-E5,R-E2,U-E2,R1,R5,5,1.25,24,1,12,recovery_to_target_lane,unusual_event_interrupted_by_intersection_rs
ParkedObstacle,Town03_Rep0_route_001889_route0_01_10_17_16_11,19,R5,R-E2,R-E2|R-E5,R-E5,R-E2,U-E2,R1,R5,6,1.5,24,2,12,recovery_to_target_lane,unusual_event_interrupted_by_intersection_rs
ParkedObstacle,Town03_Rep0_route_001889_route0_01_10_17_16_11,20,R5,R-E2,R-E2|R-E5,R-E5,R-E2,U-E2,R1,R5,7,1.75,24,3,12,recovery_to_target_lane,unusual_event_interrupted_by_intersection_rs
ParkedObstacle,Town03_Rep0_route_001889_route0_01_10_17_16_11,21,R5,R-E2,R-E2|R-E5,R-E5,R-E2,U-E2,R1,R5,8,2.0,24,4,12,recovery_to_target_lane,unusual_event_interrupted_by_intersection_rs
ParkedObstacle,Town03_Rep0_route_001889_route0_01_10_17_16_11,22,R5,R-E2,R-E2|R-E5,R-E5,R-E2,U-E2,R1,R5,9,2.25,24,5,12,recovery_to_target_lane,unusual_event_interrupted_by_intersection_rs
ParkedObstacle,Town03_Rep0_route_001889_route0_01_10_17_16_11,23,R5,R-E2,R-E2|R-E5,R-E5,R-E2,U-E2,R1,R5,10,2.5,24,6,12,recovery_to_target_lane,unusual_event_interrupted_by_intersection_rs
ParkedObstacle,Town03_Rep0_route_001889_route0_01_10_17_16_11,24,R5,R-E2,R-E2|R-E5,R-E5,R-E2,U-E2,R1,R5,11,2.75,24,7,12,recovery_to_target_lane,unusual_event_interrupted_by_intersection_rs
ParkedObstacle,Town03_Rep0_route_001889_route0_01_10_17_16_11,25,R5,R-E2,R-E2|R-E5,R-E5,R-E2,U-E2,R1,R5,12,3.0,24,8,12,recovery_to_target_lane,unusual_event_interrupted_by_intersection_rs
ParkedObstacle,Town03_Rep0_route_001889_route0_01_10_17_16_11,26,R5,R-E2,R-E2|R-E5,R-E5,R-E2,U-E2,R1,R5,13,3.25,24,9,12,recovery_to_target_lane,unusual_event_interrupted_by_intersection_rs
ParkedObstacle,Town03_Rep0_route_001889_route0_01_10_17_16_11,27,R5,R-E2,R-E2|R-E5,R-E5,R-E2,U-E2,R1,R5,14,3.5,24,10,12,recovery_to_target_lane,unusual_event_interrupted_by_intersection_rs
ParkedObstacle,Town03_Rep0_route_001889_route0_01_10_17_16_11,28,R5,R-E2,R-E2|R-E5,R-E5,R-E2,U-E2,R1,R5,15,3.75,24,11,12,recovery_to_target_lane,unusual_event_interrupted_by_intersection_rs
ParkedObstacle,Town03_Rep0_route_001889_route0_01_10_17_16_11,29,R5,R-E2,R-E2|R-E5,R-E5,R-E2,U-E2,R1,R5,16,4.0,24,12,12,recovery_to_target_lane,unusual_event_interrupted_by_intersection_rs
ParkedObstacle,Town06_Rep0_route_001930_route0_01_09_05_33_11,68,R4,R-E2,R-E2|R-E4,R-E4,R-E2,U-E2,R1,R4,1,0.25,24,1,12,recovery_to_target_lane,unusual_event_interrupted_by_intersection_rs
ParkedObstacle,Town06_Rep0_route_001930_route0_01_09_05_33_11,69,R4,R-E2,R-E2|R-E4,R-E4,R-E2,U-E2,R1,R4,2,0.5,24,2,12,recovery_to_target_lane,unusual_event_interrupted_by_intersection_rs
ParkedObstacle,Town06_Rep0_route_001930_route0_01_09_05_33_11,70,R4,R-E2,R-E2|R-E4,R-E4,R-E2,U-E2,R1,R4,3,0.75,24,3,12,recovery_to_target_lane,unusual_event_interrupted_by_intersection_rs
ParkedObstacle,Town06_Rep0_route_001930_route0_01_09_05_33_11,71,R4,R-E2,R-E2|R-E4,R-E4,R-E2,U-E2,R1,R4,4,1.0,24,4,12,recovery_to_target_lane,unusual_event_interrupted_by_intersection_rs
ParkedObstacle,Town06_Rep0_route_001930_route0_01_09_05_33_11,72,R4,R-E2,R-E2|R-E4,R-E4,R-E2,U-E2,R1,R4,5,1.25,24,5,12,recovery_to_target_lane,unusual_event_interrupted_by_intersection_rs
ParkedObstacle,Town06_Rep0_route_001930_route0_01_09_05_33_11,73,R4,R-E2,R-E2|R-E4,R-E4,R-E2,U-E2,R1,R4,6,1.5,24,6,12,recovery_to_target_lane,unusual_event_interrupted_by_intersection_rs
ParkedObstacle,Town06_Rep0_route_001930_route0_01_09_05_33_11,74,R4,U-E2,R-E4|U-E2,R-E4,U-E2,U-E2,R1,R4,7,1.75,24,0,12,unusual_still_active,unusual_event_interrupted_by_intersection_rs
ParkedObstacle,Town06_Rep0_route_001930_route0_01_09_05_33_11,75,R4,U-E2,R-E4|U-E2,R-E4,U-E2,U-E2,R1,R4,8,2.0,24,0,12,unusual_still_active,unusual_event_interrupted_by_intersection_rs
ParkedObstacle,Town06_Rep0_route_001930_route0_01_09_05_33_11,76,R4,U-E2,R-E4|U-E2,R-E4,U-E2,U-E2,R1,R4,9,2.25,24,0,12,unusual_still_active,unusual_event_interrupted_by_intersection_rs
ParkedObstacle,Town06_Rep0_route_001930_route0_01_09_05_33_11,77,R4,U-E2,R-E4|U-E2,R-E4,U-E2,U-E2,R1,R4,10,2.5,24,0,12,unusual_still_active,unusual_event_interrupted_by_intersection_rs
ParkedObstacle,Town06_Rep0_route_001930_route0_01_09_05_33_11,78,R4,U-E2,R-E4|U-E2,R-E4,U-E2,U-E2,R1,R4,11,2.75,24,0,12,unusual_still_active,unusual_event_interrupted_by_intersection_rs
ParkedObstacle,Town06_Rep0_route_001930_route0_01_09_05_33_11,79,R4,U-E2,R-E4|U-E2,R-E4,U-E2,U-E2,R1,R4,12,3.0,24,0,12,unusual_still_active,unusual_event_interrupted_by_intersection_rs
ParkedObstacle,Town06_Rep0_route_001930_route0_01_09_05_33_11,80,R4,U-E2,R-E4|U-E2,R-E4,U-E2,U-E2,R1,R4,13,3.25,24,0,12,unusual_still_active,unusual_event_interrupted_by_intersection_rs
ParkedObstacle,Town06_Rep0_route_001930_route0_01_09_05_33_11,81,R4,U-E2,R-E4|U-E2,R-E4,U-E2,U-E2,R1,R4,14,3.5,24,0,12,unusual_still_active,unusual_event_interrupted_by_intersection_rs
ParkedObstacle,Town06_Rep0_route_001930_route0_01_09_05_33_11,82,R4,U-E2,R-E4|U-E2,R-E4,U-E2,U-E2,R1,R4,15,3.75,24,0,12,unusual_still_active,unusual_event_interrupted_by_intersection_rs
ParkedObstacle,Town06_Rep0_route_001930_route0_01_09_05_33_11,83,R4,U-E2,R-E4|U-E2,R-E4,U-E2,U-E2,R1,R4,16,4.0,24,0,12,unusual_still_active,unusual_event_interrupted_by_intersection_rs
ParkedObstacle,Town06_Rep0_route_001930_route0_01_09_05_33_11,84,R4,U-E2,R-E4|U-E2,R-E4,U-E2,U-E2,R1,R4,17,4.25,24,0,12,unusual_still_active,unusual_event_interrupted_by_intersection_rs
ParkedObstacle,Town06_Rep0_route_001930_route0_01_09_05_33_11,85,R4,U-E2,R-E4|U-E2,R-E4,U-E2,U-E2,R1,R4,18,4.5,24,0,12,unusual_still_active,unusual_event_interrupted_by_intersection_rs
ParkedObstacle,Town06_Rep0_route_001930_route0_01_09_05_33_11,86,R4,U-E2,R-E4|U-E2,R-E4,U-E2,U-E2,R1,R4,19,4.75,24,0,12,unusual_still_active,unusual_event_interrupted_by_intersection_rs
ParkedObstacle,Town06_Rep0_route_001930_route0_01_09_05_33_11,87,R4,U-E2,R-E4|U-E2,R-E4,U-E2,U-E2,R1,R4,20,5.0,24,0,12,unusual_still_active,unusual_event_interrupted_by_intersection_rs
ParkedObstacle,Town06_Rep0_route_001930_route0_01_09_05_33_11,88,R4,U-E2,R-E4|U-E2,R-E4,U-E2,U-E2,R1,R4,21,5.25,24,0,12,unusual_still_active,unusual_event_interrupted_by_intersection_rs
ParkedObstacle,Town06_Rep0_route_001930_route0_01_09_05_33_11,89,R4,U-E2,R-E4|U-E2,R-E4,U-E2,U-E2,R1,R4,22,5.5,24,0,12,unusual_still_active,unusual_event_interrupted_by_intersection_rs
ParkedObstacle,Town06_Rep0_route_001930_route0_01_09_05_33_11,90,R4,U-E2,R-E4|U-E2,R-E4,U-E2,U-E2,R1,R4,23,5.75,24,0,12,unusual_still_active,unusual_event_interrupted_by_intersection_rs
ParkedObstacle,Town06_Rep0_route_001930_route0_01_09_05_33_11,91,R4,U-E2,R-E4|U-E2,R-E4,U-E2,U-E2,R1,R4,24,6.0,24,0,12,unusual_still_active,unusual_event_interrupted_by_intersection_rs
ParkedObstacle,Town06_Rep0_route_001938_route0_01_08_23_03_46,23,R5,U-E2,R-E5|U-E2,R-E5,U-E2,U-E2,R1,R5,1,0.25,24,0,12,unusual_still_active,unusual_event_interrupted_by_intersection_rs
ParkedObstacle,Town06_Rep0_route_001938_route0_01_08_23_03_46,24,R5,U-E2,R-E5|U-E2,R-E5,U-E2,U-E2,R1,R5,2,0.5,24,0,12,unusual_still_active,unusual_event_interrupted_by_intersection_rs
ParkedObstacle,Town06_Rep0_route_001938_route0_01_08_23_03_46,25,R5,R-E2,R-E2|R-E5,R-E5,R-E2,U-E2,R1,R5,3,0.75,24,1,12,recovery_to_target_lane,unusual_event_interrupted_by_intersection_rs
ParkedObstacle,Town06_Rep0_route_001938_route0_01_08_23_03_46,26,R5,U-E2,R-E5|U-E2,R-E5,U-E2,U-E2,R1,R5,4,1.0,24,0,12,unusual_still_active,unusual_event_interrupted_by_intersection_rs
ParkedObstacle,Town06_Rep0_route_001938_route0_01_08_23_03_46,27,R5,R-E2,R-E2|R-E5,R-E5,R-E2,U-E2,R1,R5,5,1.25,24,1,12,recovery_to_target_lane,unusual_event_interrupted_by_intersection_rs
ParkedObstacle,Town06_Rep0_route_001938_route0_01_08_23_03_46,28,R5,R-E2,R-E2|R-E5,R-E5,R-E2,U-E2,R1,R5,6,1.5,24,2,12,recovery_to_target_lane,unusual_event_interrupted_by_intersection_rs
ParkedObstacle,Town06_Rep0_route_001938_route0_01_08_23_03_46,29,R5,R-E2,R-E2|R-E5,R-E5,R-E2,U-E2,R1,R5,7,1.75,24,3,12,recovery_to_target_lane,unusual_event_interrupted_by_intersection_rs
ParkedObstacle,Town06_Rep0_route_001938_route0_01_08_23_03_46,30,R5,R-E2,R-E2|R-E5,R-E5,R-E2,U-E2,R1,R5,8,2.0,24,4,12,recovery_to_target_lane,unusual_event_interrupted_by_intersection_rs
ParkedObstacle,Town06_Rep0_route_001938_route0_01_08_23_03_46,31,R5,R-E2,R-E2|R-E5,R-E5,R-E2,U-E2,R1,R5,9,2.25,24,5,12,recovery_to_target_lane,unusual_event_interrupted_by_intersection_rs
ParkedObstacle,Town06_Rep0_route_001938_route0_01_08_23_03_46,32,R5,R-E2,R-E2|R-E5,R-E5,R-E2,U-E2,R1,R5,10,2.5,24,6,12,recovery_to_target_lane,unusual_event_interrupted_by_intersection_rs
ParkedObstacle,Town06_Rep0_route_001938_route0_01_08_23_03_46,33,R5,R-E2,R-E2|R-E5,R-E5,R-E2,U-E2,R1,R5,11,2.75,24,7,12,recovery_to_target_lane,unusual_event_interrupted_by_intersection_rs
ParkedObstacle,Town06_Rep0_route_001939_route0_01_09_16_27_48,37,R5,U-E2,R-E5|U-E2,R-E5,U-E2,U-E2,R1,R5,1,0.25,24,0,12,unusual_still_active,unusual_event_interrupted_by_intersection_rs
ParkedObstacle,Town06_Rep0_route_001939_route0_01_09_16_27_48,38,R5,U-E2,R-E5|U-E2,R-E5,U-E2,U-E2,R1,R5,2,0.5,24,0,12,unusual_still_active,unusual_event_interrupted_by_intersection_rs
ParkedObstacle,Town06_Rep0_route_001939_route0_01_09_16_27_48,39,R5,R-E2,R-E2|R-E5,R-E5,R-E2,U-E2,R1,R5,3,0.75,24,1,12,recovery_to_target_lane,unusual_event_interrupted_by_intersection_rs
ParkedObstacle,Town06_Rep0_route_001939_route0_01_09_16_27_48,40,R5,R-E2,R-E2|R-E5,R-E5,R-E2,U-E2,R1,R5,4,1.0,24,2,12,recovery_to_target_lane,unusual_event_interrupted_by_intersection_rs
ParkedObstacle,Town06_Rep0_route_001939_route0_01_09_16_27_48,41,R5,R-E2,R-E2|R-E5,R-E5,R-E2,U-E2,R1,R5,5,1.25,24,3,12,recovery_to_target_lane,unusual_event_interrupted_by_intersection_rs
ParkedObstacle,Town06_Rep0_route_001939_route0_01_09_16_27_48,42,R5,R-E2,R-E2|R-E5,R-E5,R-E2,U-E2,R1,R5,6,1.5,24,4,12,recovery_to_target_lane,unusual_event_interrupted_by_intersection_rs
ParkedObstacle,Town06_Rep0_route_001939_route0_01_09_16_27_48,43,R5,R-E2,R-E2|R-E5,R-E5,R-E2,U-E2,R1,R5,7,1.75,24,5,12,recovery_to_target_lane,unusual_event_interrupted_by_intersection_rs
ParkedObstacle,Town06_Rep0_route_001939_route0_01_09_16_27_48,44,R5,R-E2,R-E2|R-E5,R-E5,R-E2,U-E2,R1,R5,8,2.0,24,6,12,recovery_to_target_lane,unusual_event_interrupted_by_intersection_rs
ParkedObstacle,Town06_Rep0_route_001939_route0_01_09_16_27_48,45,R5,R-E2,R-E2|R-E5,R-E5,R-E2,U-E2,R1,R5,9,2.25,24,7,12,recovery_to_target_lane,unusual_event_interrupted_by_intersection_rs
ParkedObstacle,Town13_Rep0_17_0_route0_01_09_10_12_35,32,R5,U-E2,R-E5|U-E2,R-E5,U-E2,U-E2,R1,R5,1,0.25,24,0,12,unusual_still_active,unusual_event_interrupted_by_intersection_rs
ParkedObstacle,Town13_Rep0_17_0_route0_01_09_10_12_35,33,R5,U-E2,R-E5|U-E2,R-E5,U-E2,U-E2,R1,R5,2,0.5,24,0,12,unusual_still_active,unusual_event_interrupted_by_intersection_rs
ParkedObstacle,Town13_Rep0_17_0_route0_01_09_10_12_35,34,R5,U-E2,R-E5|U-E2,R-E5,U-E2,U-E2,R1,R5,3,0.75,24,0,12,unusual_still_active,unusual_event_interrupted_by_intersection_rs
ParkedObstacle,Town13_Rep0_17_0_route0_01_09_10_12_35,35,R5,R-E2,R-E2|R-E5,R-E5,R-E2,U-E2,R1,R5,4,1.0,24,1,12,recovery_to_target_lane,unusual_event_interrupted_by_intersection_rs
ParkedObstacle,Town13_Rep0_17_0_route0_01_09_10_12_35,36,R5,R-E2,R-E2|R-E5,R-E5,R-E2,U-E2,R1,R5,5,1.25,24,2,12,recovery_to_target_lane,unusual_event_interrupted_by_intersection_rs
ParkedObstacle,Town13_Rep0_17_0_route0_01_09_10_12_35,37,R5,R-E2,R-E2|R-E5,R-E5,R-E2,U-E2,R1,R5,6,1.5,24,3,12,recovery_to_target_lane,unusual_event_interrupted_by_intersection_rs
ParkedObstacle,Town13_Rep0_17_0_route0_01_09_10_12_35,38,R5,R-E2,R-E2|R-E5,R-E5,R-E2,U-E2,R1,R5,7,1.75,24,4,12,recovery_to_target_lane,unusual_event_interrupted_by_intersection_rs
ParkedObstacle,Town13_Rep0_17_0_route0_01_09_10_12_35,39,R5,R-E2,R-E2|R-E5,R-E5,R-E2,U-E2,R1,R5,8,2.0,24,5,12,recovery_to_target_lane,unusual_event_interrupted_by_intersection_rs
ParkedObstacle,Town13_Rep0_17_0_route0_01_09_10_12_35,40,R5,R-E2,R-E2|R-E5,R-E5,R-E2,U-E2,R1,R5,9,2.25,24,6,12,recovery_to_target_lane,unusual_event_interrupted_by_intersection_rs
ParkedObstacle,Town13_Rep0_17_1_route0_01_09_15_17_03,38,R5,U-E2,R-E5|U-E2,R-E5,U-E2,U-E2,R1,R5,1,0.25,24,0,12,unusual_still_active,unusual_event_interrupted_by_intersection_rs
ParkedObstacle,Town13_Rep0_17_1_route0_01_09_15_17_03,39,R5,R-E2,R-E2|R-E5,R-E5,R-E2,U-E2,R1,R5,2,0.5,24,1,12,recovery_to_target_lane,unusual_event_interrupted_by_intersection_rs
ParkedObstacle,Town13_Rep0_17_1_route0_01_09_15_17_03,40,R5,U-E2,R-E5|U-E2,R-E5,U-E2,U-E2,R1,R5,3,0.75,24,0,12,unusual_still_active,unusual_event_interrupted_by_intersection_rs
ParkedObstacle,Town13_Rep0_17_1_route0_01_09_15_17_03,41,R5,U-E2,R-E5|U-E2,R-E5,U-E2,U-E2,R1,R5,4,1.0,24,0,12,unusual_still_active,unusual_event_interrupted_by_intersection_rs
ParkedObstacle,Town13_Rep0_17_1_route0_01_09_15_17_03,42,R5,U-E2,R-E5|U-E2,R-E5,U-E2,U-E2,R1,R5,5,1.25,24,0,12,unusual_still_active,unusual_event_interrupted_by_intersection_rs
ParkedObstacle,Town13_Rep0_17_1_route0_01_09_15_17_03,43,R5,U-E2,R-E5|U-E2,R-E5,U-E2,U-E2,R1,R5,6,1.5,24,0,12,unusual_still_active,unusual_event_interrupted_by_intersection_rs
ParkedObstacle,Town13_Rep0_17_1_route0_01_09_15_17_03,44,R5,R-E2,R-E2|R-E5,R-E5,R-E2,U-E2,R1,R5,7,1.75,24,1,12,recovery_to_target_lane,unusual_event_interrupted_by_intersection_rs
ParkedObstacle,Town13_Rep0_17_1_route0_01_09_15_17_03,45,R5,R-E2,R-E2|R-E5,R-E5,R-E2,U-E2,R1,R5,8,2.0,24,2,12,recovery_to_target_lane,unusual_event_interrupted_by_intersection_rs
ParkedObstacle,Town13_Rep0_17_1_route0_01_09_15_17_03,46,R5,U-E2,R-E5|U-E2,R-E5,U-E2,U-E2,R1,R5,9,2.25,24,0,12,unusual_still_active,unusual_event_interrupted_by_intersection_rs
ParkedObstacle,Town13_Rep0_17_1_route0_01_09_15_17_03,47,R5,U-E2,R-E5|U-E2,R-E5,U-E2,U-E2,R1,R5,10,2.5,24,0,12,unusual_still_active,unusual_event_interrupted_by_intersection_rs
ParkedObstacle,Town13_Rep0_17_1_route0_01_09_15_17_03,48,R5,U-E2,R-E5|U-E2,R-E5,U-E2,U-E2,R1,R5,11,2.75,24,0,12,unusual_still_active,unusual_event_interrupted_by_intersection_rs
ParkedObstacle,Town13_Rep0_17_1_route0_01_09_15_17_03,49,R5,U-E2,R-E5|U-E2,R-E5,U-E2,U-E2,R1,R5,12,3.0,24,0,12,unusual_still_active,unusual_event_interrupted_by_intersection_rs
ParkedObstacle,Town13_Rep0_17_2_route0_01_10_17_18_39,34,R5,U-E2,R-E5|U-E2,R-E5,U-E2,U-E2,R1,R5,1,0.25,24,0,12,unusual_still_active,unusual_event_interrupted_by_intersection_rs
ParkedObstacle,Town13_Rep0_17_2_route0_01_10_17_18_39,35,R5,U-E2,R-E5|U-E2,R-E5,U-E2,U-E2,R1,R5,2,0.5,24,0,12,unusual_still_active,unusual_event_interrupted_by_intersection_rs
ParkedObstacle,Town13_Rep0_17_2_route0_01_10_17_18_39,36,R5,U-E2,R-E5|U-E2,R-E5,U-E2,U-E2,R1,R5,3,0.75,24,0,12,unusual_still_active,unusual_event_interrupted_by_intersection_rs
ParkedObstacle,Town13_Rep0_17_2_route0_01_10_17_18_39,37,R5,R-E2,R-E2|R-E5,R-E5,R-E2,U-E2,R1,R5,4,1.0,24,1,12,recovery_to_target_lane,unusual_event_interrupted_by_intersection_rs
ParkedObstacle,Town13_Rep0_17_2_route0_01_10_17_18_39,38,R5,R-E2,R-E2|R-E5,R-E5,R-E2,U-E2,R1,R5,5,1.25,24,2,12,recovery_to_target_lane,unusual_event_interrupted_by_intersection_rs
ParkedObstacle,Town13_Rep0_17_2_route0_01_10_17_18_39,39,R5,R-E2,R-E2|R-E5,R-E5,R-E2,U-E2,R1,R5,6,1.5,24,3,12,recovery_to_target_lane,unusual_event_interrupted_by_intersection_rs
ParkedObstacle,Town13_Rep0_17_2_route0_01_10_17_18_39,40,R5,R-E2,R-E2|R-E5,R-E5,R-E2,U-E2,R1,R5,7,1.75,24,4,12,recovery_to_target_lane,unusual_event_interrupted_by_intersection_rs
ParkedObstacle,Town13_Rep0_17_2_route0_01_10_17_18_39,41,R5,U-E2,R-E5|U-E2,R-E5,U-E2,U-E2,R1,R5,8,2.0,24,0,12,unusual_still_active,unusual_event_interrupted_by_intersection_rs
ParkedObstacle,Town13_Rep0_17_2_route0_01_10_17_18_39,42,R5,U-E2,R-E5|U-E2,R-E5,U-E2,U-E2,R1,R5,9,2.25,24,0,12,unusual_still_active,unusual_event_interrupted_by_intersection_rs
ParkedObstacle,Town13_Rep0_17_2_route0_01_10_17_18_39,43,R5,U-E2,R-E5|U-E2,R-E5,U-E2,U-E2,R1,R5,10,2.5,24,0,12,unusual_still_active,unusual_event_interrupted_by_intersection_rs
ParkedObstacle,Town13_Rep0_17_3_route0_01_10_11_45_16,38,R5,U-E2,R-E5|U-E2,R-E5,U-E2,U-E2,R1,R5,1,0.25,24,0,12,unusual_still_active,unusual_event_interrupted_by_intersection_rs
ParkedObstacle,Town13_Rep0_17_3_route0_01_10_11_45_16,39,R5,R-E2,R-E2|R-E5,R-E5,R-E2,U-E2,R1,R5,2,0.5,24,1,12,recovery_to_target_lane,unusual_event_interrupted_by_intersection_rs
ParkedObstacle,Town13_Rep0_17_3_route0_01_10_11_45_16,40,R5,U-E2,R-E5|U-E2,R-E5,U-E2,U-E2,R1,R5,3,0.75,24,0,12,unusual_still_active,unusual_event_interrupted_by_intersection_rs
ParkedObstacle,Town13_Rep0_17_3_route0_01_10_11_45_16,41,R5,U-E2,R-E5|U-E2,R-E5,U-E2,U-E2,R1,R5,4,1.0,24,0,12,unusual_still_active,unusual_event_interrupted_by_intersection_rs
ParkedObstacle,Town13_Rep0_17_3_route0_01_10_11_45_16,42,R5,U-E2,R-E5|U-E2,R-E5,U-E2,U-E2,R1,R5,5,1.25,24,0,12,unusual_still_active,unusual_event_interrupted_by_intersection_rs
ParkedObstacle,Town13_Rep0_17_3_route0_01_10_11_45_16,43,R5,U-E2,R-E5|U-E2,R-E5,U-E2,U-E2,R1,R5,6,1.5,24,0,12,unusual_still_active,unusual_event_interrupted_by_intersection_rs
ParkedObstacle,Town13_Rep0_17_3_route0_01_10_11_45_16,44,R5,U-E2,R-E5|U-E2,R-E5,U-E2,U-E2,R1,R5,7,1.75,24,0,12,unusual_still_active,unusual_event_interrupted_by_intersection_rs
ParkedObstacle,Town13_Rep0_17_3_route0_01_10_11_45_16,45,R5,U-E2,R-E5|U-E2,R-E5,U-E2,U-E2,R1,R5,8,2.0,24,0,12,unusual_still_active,unusual_event_interrupted_by_intersection_rs
ParkedObstacle,Town13_Rep0_17_3_route0_01_10_11_45_16,46,R5,R-E2,R-E2|R-E5,R-E5,R-E2,U-E2,R1,R5,9,2.25,24,1,12,recovery_to_target_lane,unusual_event_interrupted_by_intersection_rs
ParkedObstacle,Town13_Rep0_17_3_route0_01_10_11_45_16,47,R5,R-E2,R-E2|R-E5,R-E5,R-E2,U-E2,R1,R5,10,2.5,24,2,12,recovery_to_target_lane,unusual_event_interrupted_by_intersection_rs
ParkedObstacle,Town13_Rep0_17_3_route0_01_10_11_45_16,48,R5,U-E2,R-E5|U-E2,R-E5,U-E2,U-E2,R1,R5,11,2.75,24,0,12,unusual_still_active,unusual_event_interrupted_by_intersection_rs
ParkedObstacle,Town13_Rep0_17_3_route0_01_10_11_45_16,49,R5,U-E2,R-E5|U-E2,R-E5,U-E2,U-E2,R1,R5,12,3.0,24,0,12,unusual_still_active,unusual_event_interrupted_by_intersection_rs
ParkedObstacle,Town13_Rep0_17_3_route0_01_10_11_45_16,50,R5,U-E2,R-E5|U-E2,R-E5,U-E2,U-E2,R1,R5,13,3.25,24,0,12,unusual_still_active,unusual_event_interrupted_by_intersection_rs
ParkedObstacle,Town13_Rep0_17_3_route0_01_10_11_45_16,51,R5,R-E2,R-E2|R-E5,R-E5,R-E2,U-E2,R1,R5,14,3.5,24,1,12,recovery_to_target_lane,unusual_event_interrupted_by_intersection_rs
ParkedObstacle,Town13_Rep0_17_5_route0_01_10_22_08_06,36,R5,U-E2,R-E5|U-E2,R-E5,U-E2,U-E2,R1,R5,1,0.25,24,0,12,unusual_still_active,unusual_event_interrupted_by_intersection_rs
ParkedObstacle,Town13_Rep0_17_5_route0_01_10_22_08_06,37,R5,U-E2,R-E5|U-E2,R-E5,U-E2,U-E2,R1,R5,2,0.5,24,0,12,unusual_still_active,unusual_event_interrupted_by_intersection_rs
ParkedObstacle,Town13_Rep0_17_5_route0_01_10_22_08_06,38,R5,U-E2,R-E5|U-E2,R-E5,U-E2,U-E2,R1,R5,3,0.75,24,0,12,unusual_still_active,unusual_event_interrupted_by_intersection_rs
ParkedObstacle,Town13_Rep0_17_5_route0_01_10_22_08_06,39,R5,R-E2,R-E2|R-E5,R-E5,R-E2,U-E2,R1,R5,4,1.0,24,1,12,recovery_to_target_lane,unusual_event_interrupted_by_intersection_rs
ParkedObstacle,Town13_Rep0_17_5_route0_01_10_22_08_06,40,R5,R-E2,R-E2|R-E5,R-E5,R-E2,U-E2,R1,R5,5,1.25,24,2,12,recovery_to_target_lane,unusual_event_interrupted_by_intersection_rs
ParkedObstacle,Town13_Rep0_17_5_route0_01_10_22_08_06,41,R5,R-E2,R-E2|R-E5,R-E5,R-E2,U-E2,R1,R5,6,1.5,24,3,12,recovery_to_target_lane,unusual_event_interrupted_by_intersection_rs
ParkedObstacle,Town13_Rep0_17_5_route0_01_10_22_08_06,42,R5,R-E2,R-E2|R-E5,R-E5,R-E2,U-E2,R1,R5,7,1.75,24,4,12,recovery_to_target_lane,unusual_event_interrupted_by_intersection_rs
ParkedObstacle,Town13_Rep0_17_5_route0_01_10_22_08_06,43,R5,U-E2,R-E5|U-E2,R-E5,U-E2,U-E2,R1,R5,8,2.0,24,0,12,unusual_still_active,unusual_event_interrupted_by_intersection_rs
ParkedObstacle,Town13_Rep0_17_5_route0_01_10_22_08_06,44,R5,U-E2,R-E5|U-E2,R-E5,U-E2,U-E2,R1,R5,9,2.25,24,0,12,unusual_still_active,unusual_event_interrupted_by_intersection_rs
ParkedObstacle,Town13_Rep0_17_5_route0_01_10_22_08_06,45,R5,U-E2,R-E5|U-E2,R-E5,U-E2,U-E2,R1,R5,10,2.5,24,0,12,unusual_still_active,unusual_event_interrupted_by_intersection_rs
ParkedObstacle,Town13_Rep0_17_5_route0_01_10_22_08_06,46,R5,U-E2,R-E5|U-E2,R-E5,U-E2,U-E2,R1,R5,11,2.75,24,0,12,unusual_still_active,unusual_event_interrupted_by_intersection_rs
ParkedObstacle,Town13_Rep0_17_5_route0_01_10_22_08_06,47,R5,U-E2,R-E5|U-E2,R-E5,U-E2,U-E2,R1,R5,12,3.0,24,0,12,unusual_still_active,unusual_event_interrupted_by_intersection_rs
ParkedObstacle,Town13_Rep0_17_5_route0_01_10_22_08_06,48,R5,U-E2,R-E5|U-E2,R-E5,U-E2,U-E2,R1,R5,13,3.25,24,0,12,unusual_still_active,unusual_event_interrupted_by_intersection_rs
ParkedObstacle,Town13_Rep0_17_6_route0_01_08_17_19_46,37,R5,U-E2,R-E5|U-E2,R-E5,U-E2,U-E2,R1,R5,1,0.25,24,0,12,unusual_still_active,unusual_event_interrupted_by_intersection_rs
ParkedObstacle,Town13_Rep0_17_6_route0_01_08_17_19_46,38,R5,U-E2,R-E5|U-E2,R-E5,U-E2,U-E2,R1,R5,2,0.5,24,0,12,unusual_still_active,unusual_event_interrupted_by_intersection_rs
ParkedObstacle,Town13_Rep0_17_6_route0_01_08_17_19_46,39,R5,U-E2,R-E5|U-E2,R-E5,U-E2,U-E2,R1,R5,3,0.75,24,0,12,unusual_still_active,unusual_event_interrupted_by_intersection_rs
ParkedObstacle,Town13_Rep0_17_6_route0_01_08_17_19_46,40,R5,R-E2,R-E2|R-E5,R-E5,R-E2,U-E2,R1,R5,4,1.0,24,1,12,recovery_to_target_lane,unusual_event_interrupted_by_intersection_rs
ParkedObstacle,Town13_Rep0_17_6_route0_01_08_17_19_46,41,R5,R-E2,R-E2|R-E5,R-E5,R-E2,U-E2,R1,R5,5,1.25,24,2,12,recovery_to_target_lane,unusual_event_interrupted_by_intersection_rs
ParkedObstacle,Town13_Rep0_17_6_route0_01_08_17_19_46,42,R5,U-E2,R-E5|U-E2,R-E5,U-E2,U-E2,R1,R5,6,1.5,24,0,12,unusual_still_active,unusual_event_interrupted_by_intersection_rs
ParkedObstacle,Town13_Rep0_17_6_route0_01_08_17_19_46,43,R5,U-E2,R-E5|U-E2,R-E5,U-E2,U-E2,R1,R5,7,1.75,24,0,12,unusual_still_active,unusual_event_interrupted_by_intersection_rs
ParkedObstacle,Town13_Rep0_17_6_route0_01_08_17_19_46,44,R5,U-E2,R-E5|U-E2,R-E5,U-E2,U-E2,R1,R5,8,2.0,24,0,12,unusual_still_active,unusual_event_interrupted_by_intersection_rs
ParkedObstacle,Town13_Rep0_17_6_route0_01_08_17_19_46,45,R5,U-E2,R-E5|U-E2,R-E5,U-E2,U-E2,R1,R5,9,2.25,24,0,12,unusual_still_active,unusual_event_interrupted_by_intersection_rs
ParkedObstacle,Town13_Rep0_17_6_route0_01_08_17_19_46,46,R5,R-E2,R-E2|R-E5,R-E5,R-E2,U-E2,R1,R5,10,2.5,24,1,12,recovery_to_target_lane,unusual_event_interrupted_by_intersection_rs
ParkedObstacle,Town13_Rep0_17_7_route0_01_09_12_55_01,35,R5,U-E2,R-E5|U-E2,R-E5,U-E2,U-E2,R1,R5,1,0.25,24,0,12,unusual_still_active,unusual_event_interrupted_by_intersection_rs
ParkedObstacle,Town13_Rep0_17_7_route0_01_09_12_55_01,36,R5,R-E2,R-E2|R-E5,R-E5,R-E2,U-E2,R1,R5,2,0.5,24,1,12,recovery_to_target_lane,unusual_event_interrupted_by_intersection_rs
ParkedObstacle,Town13_Rep0_17_7_route0_01_09_12_55_01,37,R5,U-E2,R-E5|U-E2,R-E5,U-E2,U-E2,R1,R5,3,0.75,24,0,12,unusual_still_active,unusual_event_interrupted_by_intersection_rs
ParkedObstacle,Town13_Rep0_17_7_route0_01_09_12_55_01,38,R5,U-E2,R-E5|U-E2,R-E5,U-E2,U-E2,R1,R5,4,1.0,24,0,12,unusual_still_active,unusual_event_interrupted_by_intersection_rs
ParkedObstacle,Town13_Rep0_17_7_route0_01_09_12_55_01,39,R5,U-E2,R-E5|U-E2,R-E5,U-E2,U-E2,R1,R5,5,1.25,24,0,12,unusual_still_active,unusual_event_interrupted_by_intersection_rs
ParkedObstacle,Town13_Rep0_17_7_route0_01_09_12_55_01,40,R5,U-E2,R-E5|U-E2,R-E5,U-E2,U-E2,R1,R5,6,1.5,24,0,12,unusual_still_active,unusual_event_interrupted_by_intersection_rs
ParkedObstacle,Town13_Rep0_17_7_route0_01_09_12_55_01,41,R5,R-E2,R-E2|R-E5,R-E5,R-E2,U-E2,R1,R5,7,1.75,24,1,12,recovery_to_target_lane,unusual_event_interrupted_by_intersection_rs
ParkedObstacle,Town13_Rep0_17_7_route0_01_09_12_55_01,42,R5,R-E2,R-E2|R-E5,R-E5,R-E2,U-E2,R1,R5,8,2.0,24,2,12,recovery_to_target_lane,unusual_event_interrupted_by_intersection_rs
ParkedObstacle,Town13_Rep0_17_7_route0_01_09_12_55_01,43,R5,R-E2,R-E2|R-E5,R-E5,R-E2,U-E2,R1,R5,9,2.25,24,3,12,recovery_to_target_lane,unusual_event_interrupted_by_intersection_rs
ParkedObstacle,Town13_Rep0_17_7_route0_01_09_12_55_01,44,R5,R-E2,R-E2|R-E5,R-E5,R-E2,U-E2,R1,R5,10,2.5,24,4,12,recovery_to_target_lane,unusual_event_interrupted_by_intersection_rs
ParkedObstacle,Town13_Rep0_17_7_route0_01_09_12_55_01,45,R5,R-E2,R-E2|R-E5,R-E5,R-E2,U-E2,R1,R5,11,2.75,24,5,12,recovery_to_target_lane,unusual_event_interrupted_by_intersection_rs
ParkedObstacle,Town13_Rep0_17_7_route0_01_09_12_55_01,46,R5,R-E2,R-E2|R-E5,R-E5,R-E2,U-E2,R1,R5,12,3.0,24,6,12,recovery_to_target_lane,unusual_event_interrupted_by_intersection_rs
ParkedObstacle,Town13_Rep0_17_8_route0_01_11_00_50_25,35,R5,U-E2,R-E5|U-E2,R-E5,U-E2,U-E2,R1,R5,1,0.25,24,0,12,unusual_still_active,unusual_event_interrupted_by_intersection_rs
ParkedObstacle,Town13_Rep0_17_8_route0_01_11_00_50_25,36,R5,U-E2,R-E5|U-E2,R-E5,U-E2,U-E2,R1,R5,2,0.5,24,0,12,unusual_still_active,unusual_event_interrupted_by_intersection_rs
ParkedObstacle,Town13_Rep0_17_8_route0_01_11_00_50_25,37,R5,U-E2,R-E5|U-E2,R-E5,U-E2,U-E2,R1,R5,3,0.75,24,0,12,unusual_still_active,unusual_event_interrupted_by_intersection_rs
ParkedObstacle,Town13_Rep0_17_8_route0_01_11_00_50_25,38,R5,R-E2,R-E2|R-E5,R-E5,R-E2,U-E2,R1,R5,4,1.0,24,1,12,recovery_to_target_lane,unusual_event_interrupted_by_intersection_rs
ParkedObstacle,Town13_Rep0_17_8_route0_01_11_00_50_25,39,R5,U-E2,R-E5|U-E2,R-E5,U-E2,U-E2,R1,R5,5,1.25,24,0,12,unusual_still_active,unusual_event_interrupted_by_intersection_rs
ParkedObstacle,Town13_Rep0_17_8_route0_01_11_00_50_25,40,R5,U-E2,R-E5|U-E2,R-E5,U-E2,U-E2,R1,R5,6,1.5,24,0,12,unusual_still_active,unusual_event_interrupted_by_intersection_rs
ParkedObstacle,Town13_Rep0_17_8_route0_01_11_00_50_25,41,R5,U-E2,R-E5|U-E2,R-E5,U-E2,U-E2,R1,R5,7,1.75,24,0,12,unusual_still_active,unusual_event_interrupted_by_intersection_rs
ParkedObstacle,Town13_Rep0_17_8_route0_01_11_00_50_25,42,R5,U-E2,R-E5|U-E2,R-E5,U-E2,U-E2,R1,R5,8,2.0,24,0,12,unusual_still_active,unusual_event_interrupted_by_intersection_rs
ParkedObstacle,Town13_Rep0_17_8_route0_01_11_00_50_25,43,R5,U-E2,R-E5|U-E2,R-E5,U-E2,U-E2,R1,R5,9,2.25,24,0,12,unusual_still_active,unusual_event_interrupted_by_intersection_rs
ParkedObstacle,Town13_Rep0_17_8_route0_01_11_00_50_25,44,R5,R-E2,R-E2|R-E5,R-E5,R-E2,U-E2,R1,R5,10,2.5,24,1,12,recovery_to_target_lane,unusual_event_interrupted_by_intersection_rs
ParkedObstacle,Town13_Rep0_17_8_route0_01_11_00_50_25,45,R5,R-E2,R-E2|R-E5,R-E5,R-E2,U-E2,R1,R5,11,2.75,24,2,12,recovery_to_target_lane,unusual_event_interrupted_by_intersection_rs
ParkingCrossingPedestrian,Town12_Rep0_178_0_route0_01_10_13_19_39,25,R4,U-E4,R-E4|U-E4,R-E4,U-E4,U-E4,R1,R4,1,0.25,24,0,12,unusual_still_active,unusual_event_interrupted_by_intersection_rs
ParkingCrossingPedestrian,Town12_Rep0_178_0_route0_01_10_13_19_39,26,R4,U-E4,R-E4|U-E4,R-E4,U-E4,U-E4,R1,R4,2,0.5,24,0,12,unusual_still_active,unusual_event_interrupted_by_intersection_rs
ParkingCrossingPedestrian,Town12_Rep0_178_0_route0_01_10_13_19_39,27,R4,U-E4,R-E4|U-E4,R-E4,U-E4,U-E4,R1,R4,3,0.75,24,0,12,unusual_still_active,unusual_event_interrupted_by_intersection_rs
ParkingCrossingPedestrian,Town12_Rep0_178_0_route0_01_10_13_19_39,28,R4,U-E4,R-E4|U-E4,R-E4,U-E4,U-E4,R1,R4,4,1.0,24,0,12,unusual_still_active,unusual_event_interrupted_by_intersection_rs
ParkingCrossingPedestrian,Town12_Rep0_178_0_route0_01_10_13_19_39,29,R4,U-E4,R-E4|U-E4,R-E4,U-E4,U-E4,R1,R4,5,1.25,24,0,12,unusual_still_active,unusual_event_interrupted_by_intersection_rs
ParkingCrossingPedestrian,Town12_Rep0_178_0_route0_01_10_13_19_39,30,R4,U-E4,R-E4|U-E4,R-E4,U-E4,U-E4,R1,R4,6,1.5,24,0,12,unusual_still_active,unusual_event_interrupted_by_intersection_rs
ParkingCrossingPedestrian,Town12_Rep0_178_0_route0_01_10_13_19_39,31,R4,U-E4,R-E4|U-E4,R-E4,U-E4,U-E4,R1,R4,7,1.75,24,0,12,unusual_still_active,unusual_event_interrupted_by_intersection_rs
ParkingCrossingPedestrian,Town12_Rep0_178_0_route0_01_10_13_19_39,32,R4,U-E4,R-E4|U-E4,R-E4,U-E4,U-E4,R1,R4,8,2.0,24,0,12,unusual_still_active,unusual_event_interrupted_by_intersection_rs
ParkingCrossingPedestrian,Town12_Rep0_178_0_route0_01_10_13_19_39,33,R4,U-E4,R-E4|U-E4,R-E4,U-E4,U-E4,R1,R4,9,2.25,24,0,12,unusual_still_active,unusual_event_interrupted_by_intersection_rs
ParkingCrossingPedestrian,Town12_Rep0_178_0_route0_01_10_13_19_39,34,R4,U-E4,R-E4|U-E4,R-E4,U-E4,U-E4,R1,R4,10,2.5,24,0,12,unusual_still_active,unusual_event_interrupted_by_intersection_rs
ParkingCrossingPedestrian,Town12_Rep0_178_0_route0_01_10_13_19_39,35,R4,U-E4,R-E4|U-E4,R-E4,U-E4,U-E4,R1,R4,11,2.75,24,0,12,unusual_still_active,unusual_event_interrupted_by_intersection_rs
ParkingCrossingPedestrian,Town12_Rep0_178_0_route0_01_10_13_19_39,36,R4,U-E4,R-E4|U-E4,R-E4,U-E4,U-E4,R1,R4,12,3.0,24,0,12,unusual_still_active,unusual_event_interrupted_by_intersection_rs
ParkingCrossingPedestrian,Town12_Rep0_178_0_route0_01_10_13_19_39,37,R4,U-E4,R-E4|U-E4,R-E4,U-E4,U-E4,R1,R4,13,3.25,24,0,12,unusual_still_active,unusual_event_interrupted_by_intersection_rs
ParkingCrossingPedestrian,Town12_Rep0_178_0_route0_01_10_13_19_39,38,R4,U-E4,R-E4|U-E4,R-E4,U-E4,U-E4,R1,R4,14,3.5,24,0,12,unusual_still_active,unusual_event_interrupted_by_intersection_rs
ParkingCrossingPedestrian,Town12_Rep0_178_0_route0_01_10_13_19_39,39,R4,U-E4,R-E4|U-E4,R-E4,U-E4,U-E4,R1,R4,15,3.75,24,0,12,unusual_still_active,unusual_event_interrupted_by_intersection_rs
ParkingCrossingPedestrian,Town12_Rep0_178_0_route0_01_10_13_19_39,40,R4,U-E4,R-E4|U-E4,R-E4,U-E4,U-E4,R1,R4,16,4.0,24,0,12,unusual_still_active,unusual_event_interrupted_by_intersection_rs
ParkingCrossingPedestrian,Town12_Rep0_178_0_route0_01_10_13_19_39,41,R4,U-E4,R-E4|U-E4,R-E4,U-E4,U-E4,R1,R4,17,4.25,24,0,12,unusual_still_active,unusual_event_interrupted_by_intersection_rs
ParkingCrossingPedestrian,Town12_Rep0_178_0_route0_01_10_13_19_39,42,R4,U-E4,R-E4|U-E4,R-E4,U-E4,U-E4,R1,R4,18,4.5,24,0,12,unusual_still_active,unusual_event_interrupted_by_intersection_rs
ParkingCrossingPedestrian,Town12_Rep0_254_0_route0_01_09_18_50_59,28,R4,U-E4,R-E4|U-E4,R-E4,U-E4,U-E4,R1,R4,1,0.25,24,0,12,unusual_still_active,unusual_event_interrupted_by_intersection_rs
ParkingCrossingPedestrian,Town12_Rep0_254_0_route0_01_09_18_50_59,29,R4,U-E4,R-E4|U-E4,R-E4,U-E4,U-E4,R1,R4,2,0.5,24,0,12,unusual_still_active,unusual_event_interrupted_by_intersection_rs
ParkingCrossingPedestrian,Town12_Rep0_254_0_route0_01_09_18_50_59,30,R4,U-E4,R-E4|U-E4,R-E4,U-E4,U-E4,R1,R4,3,0.75,24,0,12,unusual_still_active,unusual_event_interrupted_by_intersection_rs
ParkingCrossingPedestrian,Town12_Rep0_254_0_route0_01_09_18_50_59,31,R4,U-E4,R-E4|U-E4,R-E4,U-E4,U-E4,R1,R4,4,1.0,24,0,12,unusual_still_active,unusual_event_interrupted_by_intersection_rs
ParkingCrossingPedestrian,Town12_Rep0_254_0_route0_01_09_18_50_59,32,R4,U-E4,R-E4|U-E4,R-E4,U-E4,U-E4,R1,R4,5,1.25,24,0,12,unusual_still_active,unusual_event_interrupted_by_intersection_rs
ParkingCrossingPedestrian,Town12_Rep0_254_0_route0_01_09_18_50_59,33,R4,U-E4,R-E4|U-E4,R-E4,U-E4,U-E4,R1,R4,6,1.5,24,0,12,unusual_still_active,unusual_event_interrupted_by_intersection_rs
ParkingCrossingPedestrian,Town12_Rep0_254_0_route0_01_09_18_50_59,34,R4,U-E4,R-E4|U-E4,R-E4,U-E4,U-E4,R1,R4,7,1.75,24,0,12,unusual_still_active,unusual_event_interrupted_by_intersection_rs
ParkingCrossingPedestrian,Town12_Rep0_254_0_route0_01_09_18_50_59,35,R4,U-E4,R-E4|U-E4,R-E4,U-E4,U-E4,R1,R4,8,2.0,24,0,12,unusual_still_active,unusual_event_interrupted_by_intersection_rs
ParkingCrossingPedestrian,Town12_Rep0_254_0_route0_01_09_18_50_59,36,R4,U-E4,R-E4|U-E4,R-E4,U-E4,U-E4,R1,R4,9,2.25,24,0,12,unusual_still_active,unusual_event_interrupted_by_intersection_rs
ParkingCrossingPedestrian,Town12_Rep0_254_0_route0_01_09_18_50_59,37,R4,U-E4,R-E4|U-E4,R-E4,U-E4,U-E4,R1,R4,10,2.5,24,0,12,unusual_still_active,unusual_event_interrupted_by_intersection_rs
ParkingCrossingPedestrian,Town12_Rep0_254_0_route0_01_09_18_50_59,38,R4,U-E4,R-E4|U-E4,R-E4,U-E4,U-E4,R1,R4,11,2.75,24,0,12,unusual_still_active,unusual_event_interrupted_by_intersection_rs
ParkingCrossingPedestrian,Town12_Rep0_254_0_route0_01_09_18_50_59,39,R4,U-E4,R-E4|U-E4,R-E4,U-E4,U-E4,R1,R4,12,3.0,24,0,12,unusual_still_active,unusual_event_interrupted_by_intersection_rs
ParkingCrossingPedestrian,Town12_Rep0_254_0_route0_01_09_18_50_59,40,R4,U-E4,R-E4|U-E4,R-E4,U-E4,U-E4,R1,R4,13,3.25,24,0,12,unusual_still_active,unusual_event_interrupted_by_intersection_rs
ParkingCrossingPedestrian,Town12_Rep0_254_0_route0_01_09_18_50_59,41,R4,U-E4,R-E4|U-E4,R-E4,U-E4,U-E4,R1,R4,14,3.5,24,0,12,unusual_still_active,unusual_event_interrupted_by_intersection_rs
ParkingCrossingPedestrian,Town12_Rep0_254_0_route0_01_09_18_50_59,42,R4,U-E4,R-E4|U-E4,R-E4,U-E4,U-E4,R1,R4,15,3.75,24,0,12,unusual_still_active,unusual_event_interrupted_by_intersection_rs
ParkingCrossingPedestrian,Town12_Rep0_254_0_route0_01_09_18_50_59,43,R4,U-E4,R-E4|U-E4,R-E4,U-E4,U-E4,R1,R4,16,4.0,24,0,12,unusual_still_active,unusual_event_interrupted_by_intersection_rs
ParkingCrossingPedestrian,Town12_Rep0_254_0_route0_01_09_18_50_59,44,R4,U-E4,R-E4|U-E4,R-E4,U-E4,U-E4,R1,R4,17,4.25,24,0,12,unusual_still_active,unusual_event_interrupted_by_intersection_rs
ParkingCrossingPedestrian,Town12_Rep0_254_0_route0_01_09_18_50_59,45,R4,U-E4,R-E4|U-E4,R-E4,U-E4,U-E4,R1,R4,18,4.5,24,0,12,unusual_still_active,unusual_event_interrupted_by_intersection_rs
ParkingCrossingPedestrian,Town12_Rep0_254_1_route0_01_10_02_32_26,28,R4,U-E4,R-E4|U-E4,R-E4,U-E4,U-E4,R1,R4,1,0.25,24,0,12,unusual_still_active,unusual_event_interrupted_by_intersection_rs
ParkingCrossingPedestrian,Town12_Rep0_254_1_route0_01_10_02_32_26,29,R4,U-E4,R-E4|U-E4,R-E4,U-E4,U-E4,R1,R4,2,0.5,24,0,12,unusual_still_active,unusual_event_interrupted_by_intersection_rs
ParkingCrossingPedestrian,Town12_Rep0_254_1_route0_01_10_02_32_26,30,R4,U-E4,R-E4|U-E4,R-E4,U-E4,U-E4,R1,R4,3,0.75,24,0,12,unusual_still_active,unusual_event_interrupted_by_intersection_rs
ParkingCrossingPedestrian,Town12_Rep0_254_1_route0_01_10_02_32_26,31,R4,U-E4,R-E4|U-E4,R-E4,U-E4,U-E4,R1,R4,4,1.0,24,0,12,unusual_still_active,unusual_event_interrupted_by_intersection_rs
ParkingCrossingPedestrian,Town12_Rep0_254_1_route0_01_10_02_32_26,32,R4,U-E4,R-E4|U-E4,R-E4,U-E4,U-E4,R1,R4,5,1.25,24,0,12,unusual_still_active,unusual_event_interrupted_by_intersection_rs
ParkingCrossingPedestrian,Town12_Rep0_254_1_route0_01_10_02_32_26,33,R4,U-E4,R-E4|U-E4,R-E4,U-E4,U-E4,R1,R4,6,1.5,24,0,12,unusual_still_active,unusual_event_interrupted_by_intersection_rs
ParkingCrossingPedestrian,Town12_Rep0_254_1_route0_01_10_02_32_26,34,R4,U-E4,R-E4|U-E4,R-E4,U-E4,U-E4,R1,R4,7,1.75,24,0,12,unusual_still_active,unusual_event_interrupted_by_intersection_rs
ParkingCrossingPedestrian,Town12_Rep0_254_1_route0_01_10_02_32_26,35,R4,U-E4,R-E4|U-E4,R-E4,U-E4,U-E4,R1,R4,8,2.0,24,0,12,unusual_still_active,unusual_event_interrupted_by_intersection_rs
ParkingCrossingPedestrian,Town12_Rep0_254_1_route0_01_10_02_32_26,36,R4,U-E4,R-E4|U-E4,R-E4,U-E4,U-E4,R1,R4,9,2.25,24,0,12,unusual_still_active,unusual_event_interrupted_by_intersection_rs
ParkingCrossingPedestrian,Town12_Rep0_254_1_route0_01_10_02_32_26,37,R4,U-E4,R-E4|U-E4,R-E4,U-E4,U-E4,R1,R4,10,2.5,24,0,12,unusual_still_active,unusual_event_interrupted_by_intersection_rs
ParkingCrossingPedestrian,Town12_Rep0_254_1_route0_01_10_02_32_26,38,R4,U-E4,R-E4|U-E4,R-E4,U-E4,U-E4,R1,R4,11,2.75,24,0,12,unusual_still_active,unusual_event_interrupted_by_intersection_rs
ParkingCrossingPedestrian,Town12_Rep0_254_1_route0_01_10_02_32_26,39,R4,U-E4,R-E4|U-E4,R-E4,U-E4,U-E4,R1,R4,12,3.0,24,0,12,unusual_still_active,unusual_event_interrupted_by_intersection_rs
ParkingCrossingPedestrian,Town12_Rep0_254_1_route0_01_10_02_32_26,40,R4,U-E4,R-E4|U-E4,R-E4,U-E4,U-E4,R1,R4,13,3.25,24,0,12,unusual_still_active,unusual_event_interrupted_by_intersection_rs
ParkingCrossingPedestrian,Town12_Rep0_254_1_route0_01_10_02_32_26,41,R4,U-E4,R-E4|U-E4,R-E4,U-E4,U-E4,R1,R4,14,3.5,24,0,12,unusual_still_active,unusual_event_interrupted_by_intersection_rs
ParkingCrossingPedestrian,Town12_Rep0_254_1_route0_01_10_02_32_26,42,R4,U-E4,R-E4|U-E4,R-E4,U-E4,U-E4,R1,R4,15,3.75,24,0,12,unusual_still_active,unusual_event_interrupted_by_intersection_rs
ParkingCrossingPedestrian,Town12_Rep0_254_1_route0_01_10_02_32_26,43,R4,U-E4,R-E4|U-E4,R-E4,U-E4,U-E4,R1,R4,16,4.0,24,0,12,unusual_still_active,unusual_event_interrupted_by_intersection_rs
ParkingCrossingPedestrian,Town12_Rep0_254_1_route0_01_10_02_32_26,44,R4,U-E4,R-E4|U-E4,R-E4,U-E4,U-E4,R1,R4,17,4.25,24,0,12,unusual_still_active,unusual_event_interrupted_by_intersection_rs
ParkingCrossingPedestrian,Town12_Rep0_254_1_route0_01_10_02_32_26,45,R4,U-E4,R-E4|U-E4,R-E4,U-E4,U-E4,R1,R4,18,4.5,24,0,12,unusual_still_active,unusual_event_interrupted_by_intersection_rs
ParkingCrossingPedestrian,Town12_Rep0_254_1_route0_01_10_02_32_26,46,R4,U-E4,R-E4|U-E4,R-E4,U-E4,U-E4,R1,R4,19,4.75,24,0,12,unusual_still_active,unusual_event_interrupted_by_intersection_rs
ParkingCrossingPedestrian,Town12_Rep0_254_1_route0_01_10_02_32_26,47,R4,U-E4,R-E4|U-E4,R-E4,U-E4,U-E4,R1,R4,20,5.0,24,0,12,unusual_still_active,unusual_event_interrupted_by_intersection_rs
ParkingCrossingPedestrian,Town12_Rep0_254_1_route0_01_10_02_32_26,48,R4,U-E4,R-E4|U-E4,R-E4,U-E4,U-E4,R1,R4,21,5.25,24,0,12,unusual_still_active,unusual_event_interrupted_by_intersection_rs
ParkingCrossingPedestrian,Town12_Rep0_3242_0_route0_01_10_04_47_15,32,R4,U-E4,R-E4|U-E4,R-E4,U-E4,U-E4,R1,R4,1,0.25,24,0,12,unusual_still_active,unusual_event_interrupted_by_intersection_rs
ParkingCrossingPedestrian,Town12_Rep0_3242_0_route0_01_10_04_47_15,33,R4,U-E4,R-E4|U-E4,R-E4,U-E4,U-E4,R1,R4,2,0.5,24,0,12,unusual_still_active,unusual_event_interrupted_by_intersection_rs
ParkingCrossingPedestrian,Town12_Rep0_3242_0_route0_01_10_04_47_15,34,R4,U-E4,R-E4|U-E4,R-E4,U-E4,U-E4,R1,R4,3,0.75,24,0,12,unusual_still_active,unusual_event_interrupted_by_intersection_rs
ParkingCrossingPedestrian,Town12_Rep0_3242_0_route0_01_10_04_47_15,35,R4,U-E4,R-E4|U-E4,R-E4,U-E4,U-E4,R1,R4,4,1.0,24,0,12,unusual_still_active,unusual_event_interrupted_by_intersection_rs
ParkingCrossingPedestrian,Town12_Rep0_3242_0_route0_01_10_04_47_15,36,R4,U-E4,R-E4|U-E4,R-E4,U-E4,U-E4,R1,R4,5,1.25,24,0,12,unusual_still_active,unusual_event_interrupted_by_intersection_rs
ParkingCrossingPedestrian,Town12_Rep0_3242_0_route0_01_10_04_47_15,37,R4,U-E4,R-E4|U-E4,R-E4,U-E4,U-E4,R1,R4,6,1.5,24,0,12,unusual_still_active,unusual_event_interrupted_by_intersection_rs
ParkingCrossingPedestrian,Town12_Rep0_3242_0_route0_01_10_04_47_15,38,R4,U-E4,R-E4|U-E4,R-E4,U-E4,U-E4,R1,R4,7,1.75,24,0,12,unusual_still_active,unusual_event_interrupted_by_intersection_rs
ParkingCrossingPedestrian,Town12_Rep0_3242_0_route0_01_10_04_47_15,39,R4,U-E4,R-E4|U-E4,R-E4,U-E4,U-E4,R1,R4,8,2.0,24,0,12,unusual_still_active,unusual_event_interrupted_by_intersection_rs
ParkingCrossingPedestrian,Town12_Rep0_3242_0_route0_01_10_04_47_15,40,R4,U-E4,R-E4|U-E4,R-E4,U-E4,U-E4,R1,R4,9,2.25,24,0,12,unusual_still_active,unusual_event_interrupted_by_intersection_rs
ParkingCrossingPedestrian,Town12_Rep0_3242_0_route0_01_10_04_47_15,41,R4,U-E4,R-E4|U-E4,R-E4,U-E4,U-E4,R1,R4,10,2.5,24,0,12,unusual_still_active,unusual_event_interrupted_by_intersection_rs
ParkingCrossingPedestrian,Town12_Rep0_3242_0_route0_01_10_04_47_15,42,R4,U-E4,R-E4|U-E4,R-E4,U-E4,U-E4,R1,R4,11,2.75,24,0,12,unusual_still_active,unusual_event_interrupted_by_intersection_rs
ParkingCrossingPedestrian,Town12_Rep0_3242_0_route0_01_10_04_47_15,43,R4,U-E4,R-E4|U-E4,R-E4,U-E4,U-E4,R1,R4,12,3.0,24,0,12,unusual_still_active,unusual_event_interrupted_by_intersection_rs
ParkingCrossingPedestrian,Town12_Rep0_3242_0_route0_01_10_04_47_15,44,R4,U-E4,R-E4|U-E4,R-E4,U-E4,U-E4,R1,R4,13,3.25,24,0,12,unusual_still_active,unusual_event_interrupted_by_intersection_rs
ParkingCrossingPedestrian,Town12_Rep0_3242_0_route0_01_10_04_47_15,45,R4,U-E4,R-E4|U-E4,R-E4,U-E4,U-E4,R1,R4,14,3.5,24,0,12,unusual_still_active,unusual_event_interrupted_by_intersection_rs
ParkingCrossingPedestrian,Town12_Rep0_3242_0_route0_01_10_04_47_15,46,R4,U-E4,R-E4|U-E4,R-E4,U-E4,U-E4,R1,R4,15,3.75,24,0,12,unusual_still_active,unusual_event_interrupted_by_intersection_rs
ParkingCrossingPedestrian,Town12_Rep0_3242_0_route0_01_10_04_47_15,47,R4,U-E4,R-E4|U-E4,R-E4,U-E4,U-E4,R1,R4,16,4.0,24,0,12,unusual_still_active,unusual_event_interrupted_by_intersection_rs
ParkingCrossingPedestrian,Town12_Rep0_3654_0_route0_01_09_16_08_28,175,R4,U-E4,R-E4|U-E4,R-E4,U-E4,U-E4,R1,R4,1,0.25,24,0,12,unusual_still_active,unusual_event_interrupted_by_intersection_rs
ParkingCrossingPedestrian,Town12_Rep0_3654_0_route0_01_09_16_08_28,176,R4,U-E4,R-E4|U-E4,R-E4,U-E4,U-E4,R1,R4,2,0.5,24,0,12,unusual_still_active,unusual_event_interrupted_by_intersection_rs
ParkingCrossingPedestrian,Town12_Rep0_3654_0_route0_01_09_16_08_28,177,R4,U-E4,R-E4|U-E4,R-E4,U-E4,U-E4,R1,R4,3,0.75,24,0,12,unusual_still_active,unusual_event_interrupted_by_intersection_rs
ParkingCrossingPedestrian,Town12_Rep0_3654_0_route0_01_09_16_08_28,178,R4,U-E4,R-E4|U-E4,R-E4,U-E4,U-E4,R1,R4,4,1.0,24,0,12,unusual_still_active,unusual_event_interrupted_by_intersection_rs
ParkingCrossingPedestrian,Town12_Rep0_3654_0_route0_01_09_16_08_28,179,R4,U-E4,R-E4|U-E4,R-E4,U-E4,U-E4,R1,R4,5,1.25,24,0,12,unusual_still_active,unusual_event_interrupted_by_intersection_rs
ParkingCrossingPedestrian,Town12_Rep0_3654_0_route0_01_09_16_08_28,180,R4,U-E4,R-E4|U-E4,R-E4,U-E4,U-E4,R1,R4,6,1.5,24,0,12,unusual_still_active,unusual_event_interrupted_by_intersection_rs
ParkingCrossingPedestrian,Town12_Rep0_3654_0_route0_01_09_16_08_28,181,R4,U-E4,R-E4|U-E4,R-E4,U-E4,U-E4,R1,R4,7,1.75,24,0,12,unusual_still_active,unusual_event_interrupted_by_intersection_rs
ParkingCrossingPedestrian,Town12_Rep0_3654_0_route0_01_09_16_08_28,182,R4,U-E4,R-E4|U-E4,R-E4,U-E4,U-E4,R1,R4,8,2.0,24,0,12,unusual_still_active,unusual_event_interrupted_by_intersection_rs
ParkingCrossingPedestrian,Town12_Rep0_3654_0_route0_01_09_16_08_28,183,R4,U-E4,R-E4|U-E4,R-E4,U-E4,U-E4,R1,R4,9,2.25,24,0,12,unusual_still_active,unusual_event_interrupted_by_intersection_rs
ParkingCrossingPedestrian,Town12_Rep0_3654_0_route0_01_09_16_08_28,184,R4,U-E4,R-E4|U-E4,R-E4,U-E4,U-E4,R1,R4,10,2.5,24,0,12,unusual_still_active,unusual_event_interrupted_by_intersection_rs
ParkingCrossingPedestrian,Town12_Rep0_3654_0_route0_01_09_16_08_28,185,R4,U-E4,R-E4|U-E4,R-E4,U-E4,U-E4,R1,R4,11,2.75,24,0,12,unusual_still_active,unusual_event_interrupted_by_intersection_rs
ParkingCrossingPedestrian,Town12_Rep0_3654_0_route0_01_09_16_08_28,186,R4,U-E4,R-E4|U-E4,R-E4,U-E4,U-E4,R1,R4,12,3.0,24,0,12,unusual_still_active,unusual_event_interrupted_by_intersection_rs
ParkingCrossingPedestrian,Town12_Rep0_3654_0_route0_01_09_16_08_28,187,R4,U-E4,R-E4|U-E4,R-E4,U-E4,U-E4,R1,R4,13,3.25,24,0,12,unusual_still_active,unusual_event_interrupted_by_intersection_rs
ParkingCrossingPedestrian,Town12_Rep0_3654_0_route0_01_09_16_08_28,188,R4,U-E4,R-E4|U-E4,R-E4,U-E4,U-E4,R1,R4,14,3.5,24,0,12,unusual_still_active,unusual_event_interrupted_by_intersection_rs
ParkingCrossingPedestrian,Town12_Rep0_3654_0_route0_01_09_16_08_28,189,R4,U-E4,R-E4|U-E4,R-E4,U-E4,U-E4,R1,R4,15,3.75,24,0,12,unusual_still_active,unusual_event_interrupted_by_intersection_rs
ParkingCrossingPedestrian,Town12_Rep0_3654_0_route0_01_09_16_08_28,190,R4,U-E4,R-E4|U-E4,R-E4,U-E4,U-E4,R1,R4,16,4.0,24,0,12,unusual_still_active,unusual_event_interrupted_by_intersection_rs
ParkingCrossingPedestrian,Town12_Rep0_3690_0_route0_01_08_12_06_26,164,R4,U-E4,R-E4|U-E4,R-E4,U-E4,U-E4,R1,R4,1,0.25,24,0,12,unusual_still_active,unusual_event_interrupted_by_intersection_rs
ParkingCrossingPedestrian,Town12_Rep0_3690_0_route0_01_08_12_06_26,165,R4,U-E4,R-E4|U-E4,R-E4,U-E4,U-E4,R1,R4,2,0.5,24,0,12,unusual_still_active,unusual_event_interrupted_by_intersection_rs
ParkingCrossingPedestrian,Town12_Rep0_3690_0_route0_01_08_12_06_26,166,R4,U-E4,R-E4|U-E4,R-E4,U-E4,U-E4,R1,R4,3,0.75,24,0,12,unusual_still_active,unusual_event_interrupted_by_intersection_rs
ParkingCrossingPedestrian,Town12_Rep0_3690_0_route0_01_08_12_06_26,167,R4,U-E4,R-E4|U-E4,R-E4,U-E4,U-E4,R1,R4,4,1.0,24,0,12,unusual_still_active,unusual_event_interrupted_by_intersection_rs
ParkingCrossingPedestrian,Town12_Rep0_3690_0_route0_01_08_12_06_26,168,R4,U-E4,R-E4|U-E4,R-E4,U-E4,U-E4,R1,R4,5,1.25,24,0,12,unusual_still_active,unusual_event_interrupted_by_intersection_rs
ParkingCrossingPedestrian,Town12_Rep0_3690_0_route0_01_08_12_06_26,169,R4,U-E4,R-E4|U-E4,R-E4,U-E4,U-E4,R1,R4,6,1.5,24,0,12,unusual_still_active,unusual_event_interrupted_by_intersection_rs
ParkingCrossingPedestrian,Town12_Rep0_3690_0_route0_01_08_12_06_26,170,R4,U-E4,R-E4|U-E4,R-E4,U-E4,U-E4,R1,R4,7,1.75,24,0,12,unusual_still_active,unusual_event_interrupted_by_intersection_rs
ParkingCrossingPedestrian,Town12_Rep0_3690_0_route0_01_08_12_06_26,171,R4,U-E4,R-E4|U-E4,R-E4,U-E4,U-E4,R1,R4,8,2.0,24,0,12,unusual_still_active,unusual_event_interrupted_by_intersection_rs
ParkingCrossingPedestrian,Town12_Rep0_3690_0_route0_01_08_12_06_26,172,R4,U-E4,R-E4|U-E4,R-E4,U-E4,U-E4,R1,R4,9,2.25,24,0,12,unusual_still_active,unusual_event_interrupted_by_intersection_rs
ParkingCrossingPedestrian,Town12_Rep0_3690_0_route0_01_08_12_06_26,173,R4,U-E4,R-E4|U-E4,R-E4,U-E4,U-E4,R1,R4,10,2.5,24,0,12,unusual_still_active,unusual_event_interrupted_by_intersection_rs
ParkingCrossingPedestrian,Town12_Rep0_3690_0_route0_01_08_12_06_26,174,R4,U-E4,R-E4|U-E4,R-E4,U-E4,U-E4,R1,R4,11,2.75,24,0,12,unusual_still_active,unusual_event_interrupted_by_intersection_rs
ParkingCrossingPedestrian,Town12_Rep0_3690_0_route0_01_08_12_06_26,175,R4,U-E4,R-E4|U-E4,R-E4,U-E4,U-E4,R1,R4,12,3.0,24,0,12,unusual_still_active,unusual_event_interrupted_by_intersection_rs
ParkingCrossingPedestrian,Town13_Rep0_1035_1_route0_01_09_14_35_29,105,R4,U-E4,R-E4|U-E4,R-E4,U-E4,U-E4,R1,R4,1,0.25,24,0,12,unusual_still_active,unusual_event_interrupted_by_intersection_rs
ParkingCrossingPedestrian,Town13_Rep0_1035_1_route0_01_09_14_35_29,106,R4,U-E4,R-E4|U-E4,R-E4,U-E4,U-E4,R1,R4,2,0.5,24,0,12,unusual_still_active,unusual_event_interrupted_by_intersection_rs
ParkingCrossingPedestrian,Town13_Rep0_1035_1_route0_01_09_14_35_29,107,R4,U-E4,R-E4|U-E4,R-E4,U-E4,U-E4,R1,R4,3,0.75,24,0,12,unusual_still_active,unusual_event_interrupted_by_intersection_rs
ParkingCrossingPedestrian,Town13_Rep0_1035_1_route0_01_09_14_35_29,108,R4,U-E4,R-E4|U-E4,R-E4,U-E4,U-E4,R1,R4,4,1.0,24,0,12,unusual_still_active,unusual_event_interrupted_by_intersection_rs
ParkingCrossingPedestrian,Town13_Rep0_1035_1_route0_01_09_14_35_29,109,R4,U-E4,R-E4|U-E4,R-E4,U-E4,U-E4,R1,R4,5,1.25,24,0,12,unusual_still_active,unusual_event_interrupted_by_intersection_rs
ParkingCrossingPedestrian,Town13_Rep0_1035_1_route0_01_09_14_35_29,110,R4,U-E4,R-E4|U-E4,R-E4,U-E4,U-E4,R1,R4,6,1.5,24,0,12,unusual_still_active,unusual_event_interrupted_by_intersection_rs
ParkingCrossingPedestrian,Town13_Rep0_1035_1_route0_01_09_14_35_29,111,R4,U-E4,R-E4|U-E4,R-E4,U-E4,U-E4,R1,R4,7,1.75,24,0,12,unusual_still_active,unusual_event_interrupted_by_intersection_rs
ParkingCrossingPedestrian,Town13_Rep0_1035_1_route0_01_09_14_35_29,112,R4,U-E4,R-E4|U-E4,R-E4,U-E4,U-E4,R1,R4,8,2.0,24,0,12,unusual_still_active,unusual_event_interrupted_by_intersection_rs
ParkingCrossingPedestrian,Town13_Rep0_1035_1_route0_01_09_14_35_29,113,R4,U-E4,R-E4|U-E4,R-E4,U-E4,U-E4,R1,R4,9,2.25,24,0,12,unusual_still_active,unusual_event_interrupted_by_intersection_rs
ParkingCrossingPedestrian,Town13_Rep0_1035_1_route0_01_09_14_35_29,114,R4,U-E4,R-E4|U-E4,R-E4,U-E4,U-E4,R1,R4,10,2.5,24,0,12,unusual_still_active,unusual_event_interrupted_by_intersection_rs
ParkingCrossingPedestrian,Town13_Rep0_1035_1_route0_01_09_14_35_29,115,R4,U-E4,R-E4|U-E4,R-E4,U-E4,U-E4,R1,R4,11,2.75,24,0,12,unusual_still_active,unusual_event_interrupted_by_intersection_rs
ParkingCrossingPedestrian,Town13_Rep0_1035_1_route0_01_09_14_35_29,116,R4,U-E4,R-E4|U-E4,R-E4,U-E4,U-E4,R1,R4,12,3.0,24,0,12,unusual_still_active,unusual_event_interrupted_by_intersection_rs
ParkingCrossingPedestrian,Town13_Rep0_1035_1_route0_01_09_14_35_29,117,R4,U-E4,R-E4|U-E4,R-E4,U-E4,U-E4,R1,R4,13,3.25,24,0,12,unusual_still_active,unusual_event_interrupted_by_intersection_rs
ParkingCrossingPedestrian,Town13_Rep0_1035_1_route0_01_09_14_35_29,118,R4,U-E4,R-E4|U-E4,R-E4,U-E4,U-E4,R1,R4,14,3.5,24,0,12,unusual_still_active,unusual_event_interrupted_by_intersection_rs
ParkingCrossingPedestrian,Town13_Rep0_1035_1_route0_01_09_14_35_29,119,R4,U-E4,R-E4|U-E4,R-E4,U-E4,U-E4,R1,R4,15,3.75,24,0,12,unusual_still_active,unusual_event_interrupted_by_intersection_rs
ParkingCrossingPedestrian,Town13_Rep0_1035_1_route0_01_09_14_35_29,120,R4,U-E4,R-E4|U-E4,R-E4,U-E4,U-E4,R1,R4,16,4.0,24,0,12,unusual_still_active,unusual_event_interrupted_by_intersection_rs
ParkingCrossingPedestrian,Town13_Rep0_1124_0_route0_01_10_10_56_09,39,R4,U-E4,R-E4|U-E4,R-E4,U-E4,U-E4,R1,R4,1,0.25,24,0,12,unusual_still_active,unusual_event_interrupted_by_intersection_rs
ParkingCrossingPedestrian,Town13_Rep0_1124_0_route0_01_10_10_56_09,40,R4,U-E4,R-E4|U-E4,R-E4,U-E4,U-E4,R1,R4,2,0.5,24,0,12,unusual_still_active,unusual_event_interrupted_by_intersection_rs
ParkingCrossingPedestrian,Town13_Rep0_1124_0_route0_01_10_10_56_09,41,R4,U-E4,R-E4|U-E4,R-E4,U-E4,U-E4,R1,R4,3,0.75,24,0,12,unusual_still_active,unusual_event_interrupted_by_intersection_rs
ParkingCrossingPedestrian,Town13_Rep0_1124_0_route0_01_10_10_56_09,42,R4,U-E4,R-E4|U-E4,R-E4,U-E4,U-E4,R1,R4,4,1.0,24,0,12,unusual_still_active,unusual_event_interrupted_by_intersection_rs
ParkingCrossingPedestrian,Town13_Rep0_1124_0_route0_01_10_10_56_09,43,R4,U-E4,R-E4|U-E4,R-E4,U-E4,U-E4,R1,R4,5,1.25,24,0,12,unusual_still_active,unusual_event_interrupted_by_intersection_rs
ParkingCrossingPedestrian,Town13_Rep0_1124_0_route0_01_10_10_56_09,44,R4,U-E4,R-E4|U-E4,R-E4,U-E4,U-E4,R1,R4,6,1.5,24,0,12,unusual_still_active,unusual_event_interrupted_by_intersection_rs
ParkingCrossingPedestrian,Town13_Rep0_1124_0_route0_01_10_10_56_09,45,R4,U-E4,R-E4|U-E4,R-E4,U-E4,U-E4,R1,R4,7,1.75,24,0,12,unusual_still_active,unusual_event_interrupted_by_intersection_rs
ParkingCrossingPedestrian,Town13_Rep0_1124_0_route0_01_10_10_56_09,46,R4,U-E4,R-E4|U-E4,R-E4,U-E4,U-E4,R1,R4,8,2.0,24,0,12,unusual_still_active,unusual_event_interrupted_by_intersection_rs
ParkingCrossingPedestrian,Town13_Rep0_1124_0_route0_01_10_10_56_09,47,R4,U-E4,R-E4|U-E4,R-E4,U-E4,U-E4,R1,R4,9,2.25,24,0,12,unusual_still_active,unusual_event_interrupted_by_intersection_rs
ParkingCrossingPedestrian,Town13_Rep0_1124_0_route0_01_10_10_56_09,48,R4,U-E4,R-E4|U-E4,R-E4,U-E4,U-E4,R1,R4,10,2.5,24,0,12,unusual_still_active,unusual_event_interrupted_by_intersection_rs
ParkingCrossingPedestrian,Town13_Rep0_1124_0_route0_01_10_10_56_09,49,R4,U-E4,R-E4|U-E4,R-E4,U-E4,U-E4,R1,R4,11,2.75,24,0,12,unusual_still_active,unusual_event_interrupted_by_intersection_rs
ParkingCrossingPedestrian,Town13_Rep0_1124_0_route0_01_10_10_56_09,50,R4,U-E4,R-E4|U-E4,R-E4,U-E4,U-E4,R1,R4,12,3.0,24,0,12,unusual_still_active,unusual_event_interrupted_by_intersection_rs
ParkingCrossingPedestrian,Town13_Rep0_1124_0_route0_01_10_10_56_09,51,R4,U-E4,R-E4|U-E4,R-E4,U-E4,U-E4,R1,R4,13,3.25,24,0,12,unusual_still_active,unusual_event_interrupted_by_intersection_rs
ParkingCrossingPedestrian,Town13_Rep0_1124_0_route0_01_10_10_56_09,52,R4,U-E4,R-E4|U-E4,R-E4,U-E4,U-E4,R1,R4,14,3.5,24,0,12,unusual_still_active,unusual_event_interrupted_by_intersection_rs
ParkingCrossingPedestrian,Town13_Rep0_1124_0_route0_01_10_10_56_09,53,R4,U-E4,R-E4|U-E4,R-E4,U-E4,U-E4,R1,R4,15,3.75,24,0,12,unusual_still_active,unusual_event_interrupted_by_intersection_rs
ParkingCrossingPedestrian,Town13_Rep0_1124_0_route0_01_10_10_56_09,54,R4,U-E4,R-E4|U-E4,R-E4,U-E4,U-E4,R1,R4,16,4.0,24,0,12,unusual_still_active,unusual_event_interrupted_by_intersection_rs
ParkingCrossingPedestrian,Town13_Rep0_1124_0_route0_01_10_10_56_09,55,R4,U-E4,R-E4|U-E4,R-E4,U-E4,U-E4,R1,R4,17,4.25,24,0,12,unusual_still_active,unusual_event_interrupted_by_intersection_rs
ParkingCrossingPedestrian,Town13_Rep0_1124_0_route0_01_10_10_56_09,56,R4,U-E4,R-E4|U-E4,R-E4,U-E4,U-E4,R1,R4,18,4.5,24,0,12,unusual_still_active,unusual_event_interrupted_by_intersection_rs
ParkingCrossingPedestrian,Town13_Rep0_1124_0_route0_01_10_10_56_09,57,R4,U-E4,R-E4|U-E4,R-E4,U-E4,U-E4,R1,R4,19,4.75,24,0,12,unusual_still_active,unusual_event_interrupted_by_intersection_rs
ParkingCrossingPedestrian,Town13_Rep0_1124_0_route0_01_10_10_56_09,58,R4,U-E4,R-E4|U-E4,R-E4,U-E4,U-E4,R1,R4,20,5.0,24,0,12,unusual_still_active,unusual_event_interrupted_by_intersection_rs
ParkingCrossingPedestrian,Town13_Rep0_1124_0_route0_01_10_10_56_09,59,R4,U-E4,R-E4|U-E4,R-E4,U-E4,U-E4,R1,R4,21,5.25,24,0,12,unusual_still_active,unusual_event_interrupted_by_intersection_rs
ParkingCrossingPedestrian,Town13_Rep0_1124_0_route0_01_10_10_56_09,60,R4,U-E4,R-E4|U-E4,R-E4,U-E4,U-E4,R1,R4,22,5.5,24,0,12,unusual_still_active,unusual_event_interrupted_by_intersection_rs
ParkingCutIn,Town12_Rep0_1091_0_route0_01_09_13_12_55,28,R4,U-E3,R-E4|U-E3,R-E4,U-E3,U-E3,R1,R4,1,0.25,24,0,12,unusual_still_active,unusual_event_interrupted_by_intersection_rs
ParkingCutIn,Town12_Rep0_1091_0_route0_01_09_13_12_55,29,R4,U-E3,R-E4|U-E3,R-E4,U-E3,U-E3,R1,R4,2,0.5,24,0,12,unusual_still_active,unusual_event_interrupted_by_intersection_rs
ParkingCutIn,Town12_Rep0_1091_0_route0_01_09_13_12_55,30,R4,U-E3,R-E4|U-E3,R-E4,U-E3,U-E3,R1,R4,3,0.75,24,0,12,unusual_still_active,unusual_event_interrupted_by_intersection_rs
ParkingCutIn,Town12_Rep0_1091_0_route0_01_09_13_12_55,31,R4,U-E3,R-E4|U-E3,R-E4,U-E3,U-E3,R1,R4,4,1.0,24,0,12,unusual_still_active,unusual_event_interrupted_by_intersection_rs
ParkingCutIn,Town12_Rep0_1091_0_route0_01_09_13_12_55,32,R4,U-E3,R-E4|U-E3,R-E4,U-E3,U-E3,R1,R4,5,1.25,24,0,12,unusual_still_active,unusual_event_interrupted_by_intersection_rs
ParkingCutIn,Town12_Rep0_1091_0_route0_01_09_13_12_55,33,R4,U-E3,R-E4|U-E3,R-E4,U-E3,U-E3,R1,R4,6,1.5,24,0,12,unusual_still_active,unusual_event_interrupted_by_intersection_rs
ParkingCutIn,Town12_Rep0_1091_0_route0_01_09_13_12_55,34,R4,U-E3,R-E4|U-E3,R-E4,U-E3,U-E3,R1,R4,7,1.75,24,0,12,unusual_still_active,unusual_event_interrupted_by_intersection_rs
ParkingCutIn,Town12_Rep0_1091_0_route0_01_09_13_12_55,35,R4,U-E3,R-E4|U-E3,R-E4,U-E3,U-E3,R1,R4,8,2.0,24,0,12,unusual_still_active,unusual_event_interrupted_by_intersection_rs
ParkingCutIn,Town12_Rep0_1091_0_route0_01_09_13_12_55,36,R4,U-E3,R-E4|U-E3,R-E4,U-E3,U-E3,R1,R4,9,2.25,24,0,12,unusual_still_active,unusual_event_interrupted_by_intersection_rs
ParkingCutIn,Town12_Rep0_1091_0_route0_01_09_13_12_55,37,R4,U-E3,R-E4|U-E3,R-E4,U-E3,U-E3,R1,R4,10,2.5,24,0,12,unusual_still_active,unusual_event_interrupted_by_intersection_rs
ParkingCutIn,Town12_Rep0_1091_0_route0_01_09_13_12_55,38,R4,U-E3,R-E4|U-E3,R-E4,U-E3,U-E3,R1,R4,11,2.75,24,0,12,unusual_still_active,unusual_event_interrupted_by_intersection_rs
ParkingCutIn,Town12_Rep0_1091_0_route0_01_09_13_12_55,39,R4,U-E3,R-E4|U-E3,R-E4,U-E3,U-E3,R1,R4,12,3.0,24,0,12,unusual_still_active,unusual_event_interrupted_by_intersection_rs
ParkingCutIn,Town12_Rep0_1091_0_route0_01_09_13_12_55,40,R4,U-E3,R-E4|U-E3,R-E4,U-E3,U-E3,R1,R4,13,3.25,24,0,12,unusual_still_active,unusual_event_interrupted_by_intersection_rs
ParkingCutIn,Town12_Rep0_1091_0_route0_01_09_13_12_55,41,R4,U-E3,R-E4|U-E3,R-E4,U-E3,U-E3,R1,R4,14,3.5,24,0,12,unusual_still_active,unusual_event_interrupted_by_intersection_rs
ParkingCutIn,Town12_Rep0_1091_0_route0_01_09_13_12_55,42,R4,U-E3,R-E4|U-E3,R-E4,U-E3,U-E3,R1,R4,15,3.75,24,0,12,unusual_still_active,unusual_event_interrupted_by_intersection_rs
ParkingCutIn,Town12_Rep0_1091_0_route0_01_09_13_12_55,43,R4,U-E3,R-E4|U-E3,R-E4,U-E3,U-E3,R1,R4,16,4.0,24,0,12,unusual_still_active,unusual_event_interrupted_by_intersection_rs
ParkingCutIn,Town12_Rep0_1091_0_route0_01_09_13_12_55,44,R4,U-E3,R-E4|U-E3,R-E4,U-E3,U-E3,R1,R4,17,4.25,24,0,12,unusual_still_active,unusual_event_interrupted_by_intersection_rs
ParkingCutIn,Town12_Rep0_1091_0_route0_01_09_13_12_55,45,R4,U-E3,R-E4|U-E3,R-E4,U-E3,U-E3,R1,R4,18,4.5,24,0,12,unusual_still_active,unusual_event_interrupted_by_intersection_rs
ParkingCutIn,Town12_Rep0_1091_0_route0_01_09_13_12_55,46,R4,U-E3,R-E4|U-E3,R-E4,U-E3,U-E3,R1,R4,19,4.75,24,0,12,unusual_still_active,unusual_event_interrupted_by_intersection_rs
ParkingCutIn,Town12_Rep0_1091_0_route0_01_09_13_12_55,47,R4,U-E3,R-E4|U-E3,R-E4,U-E3,U-E3,R1,R4,20,5.0,24,0,12,unusual_still_active,unusual_event_interrupted_by_intersection_rs
ParkingCutIn,Town12_Rep0_1091_0_route0_01_09_13_12_55,48,R4,U-E3,R-E4|U-E3,R-E4,U-E3,U-E3,R1,R4,21,5.25,24,0,12,unusual_still_active,unusual_event_interrupted_by_intersection_rs
ParkingCutIn,Town12_Rep0_1091_0_route0_01_09_13_12_55,49,R4,U-E3,R-E4|U-E3,R-E4,U-E3,U-E3,R1,R4,22,5.5,24,0,12,unusual_still_active,unusual_event_interrupted_by_intersection_rs
ParkingCutIn,Town12_Rep0_1091_0_route0_01_09_13_12_55,50,R4,U-E3,R-E4|U-E3,R-E4,U-E3,U-E3,R1,R4,23,5.75,24,0,12,unusual_still_active,unusual_event_interrupted_by_intersection_rs
ParkingCutIn,Town12_Rep0_1091_0_route0_01_09_13_12_55,51,R4,U-E3,R-E4|U-E3,R-E4,U-E3,U-E3,R1,R4,24,6.0,24,0,12,unusual_still_active,unusual_event_interrupted_by_intersection_rs
ParkingCutIn,Town12_Rep0_1091_1_route0_01_09_05_21_50,30,R4,U-E3,R-E4|U-E3,R-E4,U-E3,U-E3,R1,R4,1,0.25,24,0,12,unusual_still_active,unusual_event_interrupted_by_intersection_rs
ParkingCutIn,Town12_Rep0_1091_1_route0_01_09_05_21_50,31,R4,U-E3,R-E4|U-E3,R-E4,U-E3,U-E3,R1,R4,2,0.5,24,0,12,unusual_still_active,unusual_event_interrupted_by_intersection_rs
ParkingCutIn,Town12_Rep0_1091_1_route0_01_09_05_21_50,32,R4,U-E3,R-E4|U-E3,R-E4,U-E3,U-E3,R1,R4,3,0.75,24,0,12,unusual_still_active,unusual_event_interrupted_by_intersection_rs
ParkingCutIn,Town12_Rep0_1091_1_route0_01_09_05_21_50,33,R4,U-E3,R-E4|U-E3,R-E4,U-E3,U-E3,R1,R4,4,1.0,24,0,12,unusual_still_active,unusual_event_interrupted_by_intersection_rs
ParkingCutIn,Town12_Rep0_1091_1_route0_01_09_05_21_50,34,R4,U-E3,R-E4|U-E3,R-E4,U-E3,U-E3,R1,R4,5,1.25,24,0,12,unusual_still_active,unusual_event_interrupted_by_intersection_rs
ParkingCutIn,Town12_Rep0_1091_1_route0_01_09_05_21_50,35,R4,U-E3,R-E4|U-E3,R-E4,U-E3,U-E3,R1,R4,6,1.5,24,0,12,unusual_still_active,unusual_event_interrupted_by_intersection_rs
ParkingCutIn,Town12_Rep0_1091_1_route0_01_09_05_21_50,36,R4,U-E3,R-E4|U-E3,R-E4,U-E3,U-E3,R1,R4,7,1.75,24,0,12,unusual_still_active,unusual_event_interrupted_by_intersection_rs
ParkingCutIn,Town12_Rep0_1091_1_route0_01_09_05_21_50,37,R4,U-E3,R-E4|U-E3,R-E4,U-E3,U-E3,R1,R4,8,2.0,24,0,12,unusual_still_active,unusual_event_interrupted_by_intersection_rs
ParkingCutIn,Town12_Rep0_1091_1_route0_01_09_05_21_50,38,R4,U-E3,R-E4|U-E3,R-E4,U-E3,U-E3,R1,R4,9,2.25,24,0,12,unusual_still_active,unusual_event_interrupted_by_intersection_rs
ParkingCutIn,Town12_Rep0_1091_1_route0_01_09_05_21_50,39,R4,U-E3,R-E4|U-E3,R-E4,U-E3,U-E3,R1,R4,10,2.5,24,0,12,unusual_still_active,unusual_event_interrupted_by_intersection_rs
ParkingCutIn,Town12_Rep0_1091_1_route0_01_09_05_21_50,40,R4,U-E3,R-E4|U-E3,R-E4,U-E3,U-E3,R1,R4,11,2.75,24,0,12,unusual_still_active,unusual_event_interrupted_by_intersection_rs
ParkingCutIn,Town12_Rep0_1091_1_route0_01_09_05_21_50,41,R4,U-E3,R-E4|U-E3,R-E4,U-E3,U-E3,R1,R4,12,3.0,24,0,12,unusual_still_active,unusual_event_interrupted_by_intersection_rs
ParkingCutIn,Town12_Rep0_1091_1_route0_01_09_05_21_50,42,R4,U-E3,R-E4|U-E3,R-E4,U-E3,U-E3,R1,R4,13,3.25,24,0,12,unusual_still_active,unusual_event_interrupted_by_intersection_rs
ParkingCutIn,Town12_Rep0_1091_1_route0_01_09_05_21_50,43,R4,U-E3,R-E4|U-E3,R-E4,U-E3,U-E3,R1,R4,14,3.5,24,0,12,unusual_still_active,unusual_event_interrupted_by_intersection_rs
ParkingCutIn,Town12_Rep0_1091_1_route0_01_09_05_21_50,44,R4,U-E3,R-E4|U-E3,R-E4,U-E3,U-E3,R1,R4,15,3.75,24,0,12,unusual_still_active,unusual_event_interrupted_by_intersection_rs
ParkingCutIn,Town12_Rep0_1091_1_route0_01_09_05_21_50,45,R4,U-E3,R-E4|U-E3,R-E4,U-E3,U-E3,R1,R4,16,4.0,24,0,12,unusual_still_active,unusual_event_interrupted_by_intersection_rs
ParkingCutIn,Town12_Rep0_1091_1_route0_01_09_05_21_50,46,R4,U-E3,R-E4|U-E3,R-E4,U-E3,U-E3,R1,R4,17,4.25,24,0,12,unusual_still_active,unusual_event_interrupted_by_intersection_rs
ParkingCutIn,Town12_Rep0_1091_1_route0_01_09_05_21_50,47,R4,U-E3,R-E4|U-E3,R-E4,U-E3,U-E3,R1,R4,18,4.5,24,0,12,unusual_still_active,unusual_event_interrupted_by_intersection_rs
ParkingCutIn,Town12_Rep0_1091_1_route0_01_09_05_21_50,48,R4,U-E3,R-E4|U-E3,R-E4,U-E3,U-E3,R1,R4,19,4.75,24,0,12,unusual_still_active,unusual_event_interrupted_by_intersection_rs
ParkingCutIn,Town12_Rep0_1091_1_route0_01_09_05_21_50,49,R4,U-E3,R-E4|U-E3,R-E4,U-E3,U-E3,R1,R4,20,5.0,24,0,12,unusual_still_active,unusual_event_interrupted_by_intersection_rs
ParkingCutIn,Town12_Rep0_1091_1_route0_01_09_05_21_50,50,R4,U-E3,R-E4|U-E3,R-E4,U-E3,U-E3,R1,R4,21,5.25,24,0,12,unusual_still_active,unusual_event_interrupted_by_intersection_rs
ParkingCutIn,Town12_Rep0_1091_1_route0_01_09_05_21_50,51,R4,U-E3,R-E4|U-E3,R-E4,U-E3,U-E3,R1,R4,22,5.5,24,0,12,unusual_still_active,unusual_event_interrupted_by_intersection_rs
ParkingCutIn,Town12_Rep0_1091_1_route0_01_09_05_21_50,52,R4,U-E3,R-E4|U-E3,R-E4,U-E3,U-E3,R1,R4,23,5.75,24,0,12,unusual_still_active,unusual_event_interrupted_by_intersection_rs
ParkingCutIn,Town12_Rep0_1091_1_route0_01_09_05_21_50,53,R4,U-E3,R-E4|U-E3,R-E4,U-E3,U-E3,R1,R4,24,6.0,24,0,12,unusual_still_active,unusual_event_interrupted_by_intersection_rs
ParkingCutIn,Town12_Rep0_157_0_route0_01_09_05_58_26,53,R4,U-E3,R-E4|U-E3,R-E4,U-E3,U-E3,R1,R4,1,0.25,24,0,12,unusual_still_active,unusual_event_interrupted_by_intersection_rs
ParkingCutIn,Town12_Rep0_157_0_route0_01_09_05_58_26,54,R4,U-E3,R-E4|U-E3,R-E4,U-E3,U-E3,R1,R4,2,0.5,24,0,12,unusual_still_active,unusual_event_interrupted_by_intersection_rs
ParkingCutIn,Town12_Rep0_157_0_route0_01_09_05_58_26,55,R4,U-E3,R-E4|U-E3,R-E4,U-E3,U-E3,R1,R4,3,0.75,24,0,12,unusual_still_active,unusual_event_interrupted_by_intersection_rs
ParkingCutIn,Town12_Rep0_157_0_route0_01_09_05_58_26,56,R4,U-E3,R-E4|U-E3,R-E4,U-E3,U-E3,R1,R4,4,1.0,24,0,12,unusual_still_active,unusual_event_interrupted_by_intersection_rs
ParkingCutIn,Town12_Rep0_157_0_route0_01_09_05_58_26,57,R4,U-E3,R-E4|U-E3,R-E4,U-E3,U-E3,R1,R4,5,1.25,24,0,12,unusual_still_active,unusual_event_interrupted_by_intersection_rs
ParkingCutIn,Town12_Rep0_157_0_route0_01_09_05_58_26,58,R4,U-E3,R-E4|U-E3,R-E4,U-E3,U-E3,R1,R4,6,1.5,24,0,12,unusual_still_active,unusual_event_interrupted_by_intersection_rs
ParkingCutIn,Town12_Rep0_157_0_route0_01_09_05_58_26,59,R4,U-E3,R-E4|U-E3,R-E4,U-E3,U-E3,R1,R4,7,1.75,24,0,12,unusual_still_active,unusual_event_interrupted_by_intersection_rs
ParkingCutIn,Town12_Rep0_157_0_route0_01_09_05_58_26,60,R4,U-E3,R-E4|U-E3,R-E4,U-E3,U-E3,R1,R4,8,2.0,24,0,12,unusual_still_active,unusual_event_interrupted_by_intersection_rs
ParkingCutIn,Town12_Rep0_157_0_route0_01_09_05_58_26,61,R4,U-E3,R-E4|U-E3,R-E4,U-E3,U-E3,R1,R4,9,2.25,24,0,12,unusual_still_active,unusual_event_interrupted_by_intersection_rs
ParkingCutIn,Town12_Rep0_157_0_route0_01_09_05_58_26,62,R4,U-E3,R-E4|U-E3,R-E4,U-E3,U-E3,R1,R4,10,2.5,24,0,12,unusual_still_active,unusual_event_interrupted_by_intersection_rs
ParkingCutIn,Town12_Rep0_157_0_route0_01_09_05_58_26,63,R4,U-E3,R-E4|U-E3,R-E4,U-E3,U-E3,R1,R4,11,2.75,24,0,12,unusual_still_active,unusual_event_interrupted_by_intersection_rs
ParkingCutIn,Town12_Rep0_157_0_route0_01_09_05_58_26,64,R4,U-E3,R-E4|U-E3,R-E4,U-E3,U-E3,R1,R4,12,3.0,24,0,12,unusual_still_active,unusual_event_interrupted_by_intersection_rs
ParkingCutIn,Town12_Rep0_157_0_route0_01_09_05_58_26,65,R4,U-E3,R-E4|U-E3,R-E4,U-E3,U-E3,R1,R4,13,3.25,24,0,12,unusual_still_active,unusual_event_interrupted_by_intersection_rs
ParkingCutIn,Town12_Rep0_157_0_route0_01_09_05_58_26,66,R4,U-E3,R-E4|U-E3,R-E4,U-E3,U-E3,R1,R4,14,3.5,24,0,12,unusual_still_active,unusual_event_interrupted_by_intersection_rs
ParkingCutIn,Town12_Rep0_157_0_route0_01_09_05_58_26,67,R4,U-E3,R-E4|U-E3,R-E4,U-E3,U-E3,R1,R4,15,3.75,24,0,12,unusual_still_active,unusual_event_interrupted_by_intersection_rs
ParkingCutIn,Town12_Rep0_157_0_route0_01_09_05_58_26,68,R4,U-E3,R-E4|U-E3,R-E4,U-E3,U-E3,R1,R4,16,4.0,24,0,12,unusual_still_active,unusual_event_interrupted_by_intersection_rs
ParkingCutIn,Town12_Rep0_157_0_route0_01_09_05_58_26,69,R4,U-E3,R-E4|U-E3,R-E4,U-E3,U-E3,R1,R4,17,4.25,24,0,12,unusual_still_active,unusual_event_interrupted_by_intersection_rs
ParkingCutIn,Town12_Rep0_157_0_route0_01_09_05_58_26,70,R4,U-E3,R-E4|U-E3,R-E4,U-E3,U-E3,R1,R4,18,4.5,24,0,12,unusual_still_active,unusual_event_interrupted_by_intersection_rs
ParkingCutIn,Town12_Rep0_157_0_route0_01_09_05_58_26,71,R4,U-E3,R-E4|U-E3,R-E4,U-E3,U-E3,R1,R4,19,4.75,24,0,12,unusual_still_active,unusual_event_interrupted_by_intersection_rs
ParkingCutIn,Town12_Rep0_157_0_route0_01_09_05_58_26,72,R4,U-E3,R-E4|U-E3,R-E4,U-E3,U-E3,R1,R4,20,5.0,24,0,12,unusual_still_active,unusual_event_interrupted_by_intersection_rs
ParkingCutIn,Town12_Rep0_157_0_route0_01_09_05_58_26,73,R4,U-E3,R-E4|U-E3,R-E4,U-E3,U-E3,R1,R4,21,5.25,24,0,12,unusual_still_active,unusual_event_interrupted_by_intersection_rs
ParkingCutIn,Town12_Rep0_157_0_route0_01_09_05_58_26,74,R4,U-E3,R-E4|U-E3,R-E4,U-E3,U-E3,R1,R4,22,5.5,24,0,12,unusual_still_active,unusual_event_interrupted_by_intersection_rs
ParkingCutIn,Town12_Rep0_157_0_route0_01_09_05_58_26,75,R4,U-E3,R-E4|U-E3,R-E4,U-E3,U-E3,R1,R4,23,5.75,24,0,12,unusual_still_active,unusual_event_interrupted_by_intersection_rs
ParkingCutIn,Town12_Rep0_157_0_route0_01_09_05_58_26,76,R4,U-E3,R-E4|U-E3,R-E4,U-E3,U-E3,R1,R4,24,6.0,24,0,12,unusual_still_active,unusual_event_interrupted_by_intersection_rs
ParkingCutIn,Town12_Rep0_1674_0_route0_01_11_02_46_23,25,R4,U-E3,R-E4|U-E3,R-E4,U-E3,U-E3,R1,R4,1,0.25,24,0,12,unusual_still_active,unusual_event_interrupted_by_intersection_rs
ParkingCutIn,Town12_Rep0_1674_0_route0_01_11_02_46_23,26,R4,U-E3,R-E4|U-E3,R-E4,U-E3,U-E3,R1,R4,2,0.5,24,0,12,unusual_still_active,unusual_event_interrupted_by_intersection_rs
ParkingCutIn,Town12_Rep0_1674_0_route0_01_11_02_46_23,27,R4,U-E3,R-E4|U-E3,R-E4,U-E3,U-E3,R1,R4,3,0.75,24,0,12,unusual_still_active,unusual_event_interrupted_by_intersection_rs
ParkingCutIn,Town12_Rep0_1674_0_route0_01_11_02_46_23,28,R4,U-E3,R-E4|U-E3,R-E4,U-E3,U-E3,R1,R4,4,1.0,24,0,12,unusual_still_active,unusual_event_interrupted_by_intersection_rs
ParkingCutIn,Town12_Rep0_1674_0_route0_01_11_02_46_23,29,R4,U-E3,R-E4|U-E3,R-E4,U-E3,U-E3,R1,R4,5,1.25,24,0,12,unusual_still_active,unusual_event_interrupted_by_intersection_rs
ParkingCutIn,Town12_Rep0_1674_0_route0_01_11_02_46_23,30,R4,U-E3,R-E4|U-E3,R-E4,U-E3,U-E3,R1,R4,6,1.5,24,0,12,unusual_still_active,unusual_event_interrupted_by_intersection_rs
ParkingCutIn,Town12_Rep0_1674_0_route0_01_11_02_46_23,31,R4,U-E3,R-E4|U-E3,R-E4,U-E3,U-E3,R1,R4,7,1.75,24,0,12,unusual_still_active,unusual_event_interrupted_by_intersection_rs
ParkingCutIn,Town12_Rep0_1674_0_route0_01_11_02_46_23,32,R4,U-E3,R-E4|U-E3,R-E4,U-E3,U-E3,R1,R4,8,2.0,24,0,12,unusual_still_active,unusual_event_interrupted_by_intersection_rs
ParkingCutIn,Town12_Rep0_1674_0_route0_01_11_02_46_23,33,R4,U-E3,R-E4|U-E3,R-E4,U-E3,U-E3,R1,R4,9,2.25,24,0,12,unusual_still_active,unusual_event_interrupted_by_intersection_rs
ParkingCutIn,Town12_Rep0_1674_0_route0_01_11_02_46_23,34,R4,U-E3,R-E4|U-E3,R-E4,U-E3,U-E3,R1,R4,10,2.5,24,0,12,unusual_still_active,unusual_event_interrupted_by_intersection_rs
ParkingCutIn,Town12_Rep0_1674_0_route0_01_11_02_46_23,35,R4,U-E3,R-E4|U-E3,R-E4,U-E3,U-E3,R1,R4,11,2.75,24,0,12,unusual_still_active,unusual_event_interrupted_by_intersection_rs
ParkingCutIn,Town12_Rep0_1674_0_route0_01_11_02_46_23,36,R4,U-E3,R-E4|U-E3,R-E4,U-E3,U-E3,R1,R4,12,3.0,24,0,12,unusual_still_active,unusual_event_interrupted_by_intersection_rs
ParkingCutIn,Town12_Rep0_1674_0_route0_01_11_02_46_23,37,R4,U-E3,R-E4|U-E3,R-E4,U-E3,U-E3,R1,R4,13,3.25,24,0,12,unusual_still_active,unusual_event_interrupted_by_intersection_rs
ParkingCutIn,Town12_Rep0_1674_0_route0_01_11_02_46_23,38,R4,U-E3,R-E4|U-E3,R-E4,U-E3,U-E3,R1,R4,14,3.5,24,0,12,unusual_still_active,unusual_event_interrupted_by_intersection_rs
ParkingCutIn,Town12_Rep0_1674_0_route0_01_11_02_46_23,39,R4,U-E3,R-E4|U-E3,R-E4,U-E3,U-E3,R1,R4,15,3.75,24,0,12,unusual_still_active,unusual_event_interrupted_by_intersection_rs
ParkingCutIn,Town12_Rep0_1674_0_route0_01_11_02_46_23,40,R4,U-E3,R-E4|U-E3,R-E4,U-E3,U-E3,R1,R4,16,4.0,24,0,12,unusual_still_active,unusual_event_interrupted_by_intersection_rs
ParkingCutIn,Town12_Rep0_1674_0_route0_01_11_02_46_23,41,R4,U-E3,R-E4|U-E3,R-E4,U-E3,U-E3,R1,R4,17,4.25,24,0,12,unusual_still_active,unusual_event_interrupted_by_intersection_rs
ParkingCutIn,Town12_Rep0_1674_0_route0_01_11_02_46_23,42,R4,U-E3,R-E4|U-E3,R-E4,U-E3,U-E3,R1,R4,18,4.5,24,0,12,unusual_still_active,unusual_event_interrupted_by_intersection_rs
ParkingCutIn,Town12_Rep0_1674_0_route0_01_11_02_46_23,43,R4,U-E3,R-E4|U-E3,R-E4,U-E3,U-E3,R1,R4,19,4.75,24,0,12,unusual_still_active,unusual_event_interrupted_by_intersection_rs
ParkingCutIn,Town12_Rep0_1674_0_route0_01_11_02_46_23,44,R4,U-E3,R-E4|U-E3,R-E4,U-E3,U-E3,R1,R4,20,5.0,24,0,12,unusual_still_active,unusual_event_interrupted_by_intersection_rs
ParkingCutIn,Town12_Rep0_1674_0_route0_01_11_02_46_23,45,R4,U-E3,R-E4|U-E3,R-E4,U-E3,U-E3,R1,R4,21,5.25,24,0,12,unusual_still_active,unusual_event_interrupted_by_intersection_rs
ParkingCutIn,Town12_Rep0_1674_0_route0_01_11_02_46_23,46,R4,U-E3,R-E4|U-E3,R-E4,U-E3,U-E3,R1,R4,22,5.5,24,0,12,unusual_still_active,unusual_event_interrupted_by_intersection_rs
ParkingCutIn,Town12_Rep0_1674_0_route0_01_11_02_46_23,47,R4,U-E3,R-E4|U-E3,R-E4,U-E3,U-E3,R1,R4,23,5.75,24,0,12,unusual_still_active,unusual_event_interrupted_by_intersection_rs
ParkingCutIn,Town12_Rep0_1674_0_route0_01_11_02_46_23,48,R4,U-E3,R-E4|U-E3,R-E4,U-E3,U-E3,R1,R4,24,6.0,24,0,12,unusual_still_active,unusual_event_interrupted_by_intersection_rs
ParkingCutIn,Town12_Rep0_1674_1_route0_01_08_21_16_24,25,R4,U-E3,R-E4|U-E3,R-E4,U-E3,U-E3,R1,R4,1,0.25,24,0,12,unusual_still_active,unusual_event_interrupted_by_intersection_rs
ParkingCutIn,Town12_Rep0_1674_1_route0_01_08_21_16_24,26,R4,U-E3,R-E4|U-E3,R-E4,U-E3,U-E3,R1,R4,2,0.5,24,0,12,unusual_still_active,unusual_event_interrupted_by_intersection_rs
ParkingCutIn,Town12_Rep0_1674_1_route0_01_08_21_16_24,27,R4,U-E3,R-E4|U-E3,R-E4,U-E3,U-E3,R1,R4,3,0.75,24,0,12,unusual_still_active,unusual_event_interrupted_by_intersection_rs
ParkingCutIn,Town12_Rep0_1674_1_route0_01_08_21_16_24,28,R4,U-E3,R-E4|U-E3,R-E4,U-E3,U-E3,R1,R4,4,1.0,24,0,12,unusual_still_active,unusual_event_interrupted_by_intersection_rs
ParkingCutIn,Town12_Rep0_1674_1_route0_01_08_21_16_24,29,R4,U-E3,R-E4|U-E3,R-E4,U-E3,U-E3,R1,R4,5,1.25,24,0,12,unusual_still_active,unusual_event_interrupted_by_intersection_rs
ParkingCutIn,Town12_Rep0_1674_1_route0_01_08_21_16_24,30,R4,U-E3,R-E4|U-E3,R-E4,U-E3,U-E3,R1,R4,6,1.5,24,0,12,unusual_still_active,unusual_event_interrupted_by_intersection_rs
ParkingCutIn,Town12_Rep0_1674_1_route0_01_08_21_16_24,31,R4,U-E3,R-E4|U-E3,R-E4,U-E3,U-E3,R1,R4,7,1.75,24,0,12,unusual_still_active,unusual_event_interrupted_by_intersection_rs
ParkingCutIn,Town12_Rep0_1674_1_route0_01_08_21_16_24,32,R4,U-E3,R-E4|U-E3,R-E4,U-E3,U-E3,R1,R4,8,2.0,24,0,12,unusual_still_active,unusual_event_interrupted_by_intersection_rs
ParkingCutIn,Town12_Rep0_1674_1_route0_01_08_21_16_24,33,R4,U-E3,R-E4|U-E3,R-E4,U-E3,U-E3,R1,R4,9,2.25,24,0,12,unusual_still_active,unusual_event_interrupted_by_intersection_rs
ParkingCutIn,Town12_Rep0_1674_1_route0_01_08_21_16_24,34,R4,U-E3,R-E4|U-E3,R-E4,U-E3,U-E3,R1,R4,10,2.5,24,0,12,unusual_still_active,unusual_event_interrupted_by_intersection_rs
ParkingCutIn,Town12_Rep0_1674_1_route0_01_08_21_16_24,35,R4,U-E3,R-E4|U-E3,R-E4,U-E3,U-E3,R1,R4,11,2.75,24,0,12,unusual_still_active,unusual_event_interrupted_by_intersection_rs
ParkingCutIn,Town12_Rep0_1674_1_route0_01_08_21_16_24,36,R4,U-E3,R-E4|U-E3,R-E4,U-E3,U-E3,R1,R4,12,3.0,24,0,12,unusual_still_active,unusual_event_interrupted_by_intersection_rs
ParkingCutIn,Town12_Rep0_1674_1_route0_01_08_21_16_24,37,R4,U-E3,R-E4|U-E3,R-E4,U-E3,U-E3,R1,R4,13,3.25,24,0,12,unusual_still_active,unusual_event_interrupted_by_intersection_rs
ParkingCutIn,Town12_Rep0_1674_1_route0_01_08_21_16_24,38,R4,U-E3,R-E4|U-E3,R-E4,U-E3,U-E3,R1,R4,14,3.5,24,0,12,unusual_still_active,unusual_event_interrupted_by_intersection_rs
ParkingCutIn,Town12_Rep0_1674_1_route0_01_08_21_16_24,39,R4,U-E3,R-E4|U-E3,R-E4,U-E3,U-E3,R1,R4,15,3.75,24,0,12,unusual_still_active,unusual_event_interrupted_by_intersection_rs
ParkingCutIn,Town12_Rep0_1674_1_route0_01_08_21_16_24,40,R4,U-E3,R-E4|U-E3,R-E4,U-E3,U-E3,R1,R4,16,4.0,24,0,12,unusual_still_active,unusual_event_interrupted_by_intersection_rs
ParkingCutIn,Town12_Rep0_1674_1_route0_01_08_21_16_24,41,R4,U-E3,R-E4|U-E3,R-E4,U-E3,U-E3,R1,R4,17,4.25,24,0,12,unusual_still_active,unusual_event_interrupted_by_intersection_rs
ParkingCutIn,Town12_Rep0_1674_1_route0_01_08_21_16_24,42,R4,U-E3,R-E4|U-E3,R-E4,U-E3,U-E3,R1,R4,18,4.5,24,0,12,unusual_still_active,unusual_event_interrupted_by_intersection_rs
ParkingCutIn,Town12_Rep0_1674_1_route0_01_08_21_16_24,43,R4,U-E3,R-E4|U-E3,R-E4,U-E3,U-E3,R1,R4,19,4.75,24,0,12,unusual_still_active,unusual_event_interrupted_by_intersection_rs
ParkingCutIn,Town12_Rep0_1674_1_route0_01_08_21_16_24,44,R4,U-E3,R-E4|U-E3,R-E4,U-E3,U-E3,R1,R4,20,5.0,24,0,12,unusual_still_active,unusual_event_interrupted_by_intersection_rs
ParkingCutIn,Town12_Rep0_1674_1_route0_01_08_21_16_24,45,R4,U-E3,R-E4|U-E3,R-E4,U-E3,U-E3,R1,R4,21,5.25,24,0,12,unusual_still_active,unusual_event_interrupted_by_intersection_rs
ParkingCutIn,Town12_Rep0_1674_1_route0_01_08_21_16_24,46,R4,U-E3,R-E4|U-E3,R-E4,U-E3,U-E3,R1,R4,22,5.5,24,0,12,unusual_still_active,unusual_event_interrupted_by_intersection_rs
ParkingCutIn,Town12_Rep0_1674_1_route0_01_08_21_16_24,47,R4,U-E3,R-E4|U-E3,R-E4,U-E3,U-E3,R1,R4,23,5.75,24,0,12,unusual_still_active,unusual_event_interrupted_by_intersection_rs
ParkingCutIn,Town12_Rep0_1674_1_route0_01_08_21_16_24,48,R4,U-E3,R-E4|U-E3,R-E4,U-E3,U-E3,R1,R4,24,6.0,24,0,12,unusual_still_active,unusual_event_interrupted_by_intersection_rs
ParkingCutIn,Town12_Rep0_1757_0_route0_01_07_21_28_49,51,R4,U-E3,R-E4|U-E3,R-E4,U-E3,U-E3,R1,R4,1,0.25,24,0,12,unusual_still_active,unusual_event_interrupted_by_intersection_rs
ParkingCutIn,Town12_Rep0_1757_0_route0_01_07_21_28_49,52,R4,U-E3,R-E4|U-E3,R-E4,U-E3,U-E3,R1,R4,2,0.5,24,0,12,unusual_still_active,unusual_event_interrupted_by_intersection_rs
ParkingCutIn,Town12_Rep0_1757_0_route0_01_07_21_28_49,53,R4,U-E3,R-E4|U-E3,R-E4,U-E3,U-E3,R1,R4,3,0.75,24,0,12,unusual_still_active,unusual_event_interrupted_by_intersection_rs
ParkingCutIn,Town12_Rep0_1757_0_route0_01_07_21_28_49,54,R4,U-E3,R-E4|U-E3,R-E4,U-E3,U-E3,R1,R4,4,1.0,24,0,12,unusual_still_active,unusual_event_interrupted_by_intersection_rs
ParkingCutIn,Town12_Rep0_1757_0_route0_01_07_21_28_49,55,R4,U-E3,R-E4|U-E3,R-E4,U-E3,U-E3,R1,R4,5,1.25,24,0,12,unusual_still_active,unusual_event_interrupted_by_intersection_rs
ParkingCutIn,Town12_Rep0_1757_0_route0_01_07_21_28_49,56,R4,U-E3,R-E4|U-E3,R-E4,U-E3,U-E3,R1,R4,6,1.5,24,0,12,unusual_still_active,unusual_event_interrupted_by_intersection_rs
ParkingCutIn,Town12_Rep0_1757_0_route0_01_07_21_28_49,57,R4,U-E3,R-E4|U-E3,R-E4,U-E3,U-E3,R1,R4,7,1.75,24,0,12,unusual_still_active,unusual_event_interrupted_by_intersection_rs
ParkingCutIn,Town12_Rep0_1757_0_route0_01_07_21_28_49,58,R4,U-E3,R-E4|U-E3,R-E4,U-E3,U-E3,R1,R4,8,2.0,24,0,12,unusual_still_active,unusual_event_interrupted_by_intersection_rs
ParkingCutIn,Town12_Rep0_1757_0_route0_01_07_21_28_49,59,R4,U-E3,R-E4|U-E3,R-E4,U-E3,U-E3,R1,R4,9,2.25,24,0,12,unusual_still_active,unusual_event_interrupted_by_intersection_rs
ParkingCutIn,Town12_Rep0_1757_0_route0_01_07_21_28_49,60,R4,U-E3,R-E4|U-E3,R-E4,U-E3,U-E3,R1,R4,10,2.5,24,0,12,unusual_still_active,unusual_event_interrupted_by_intersection_rs
ParkingCutIn,Town12_Rep0_1757_0_route0_01_07_21_28_49,61,R4,U-E3,R-E4|U-E3,R-E4,U-E3,U-E3,R1,R4,11,2.75,24,0,12,unusual_still_active,unusual_event_interrupted_by_intersection_rs
ParkingCutIn,Town12_Rep0_1757_0_route0_01_07_21_28_49,62,R4,U-E3,R-E4|U-E3,R-E4,U-E3,U-E3,R1,R4,12,3.0,24,0,12,unusual_still_active,unusual_event_interrupted_by_intersection_rs
ParkingCutIn,Town12_Rep0_1757_0_route0_01_07_21_28_49,63,R4,U-E3,R-E4|U-E3,R-E4,U-E3,U-E3,R1,R4,13,3.25,24,0,12,unusual_still_active,unusual_event_interrupted_by_intersection_rs
ParkingCutIn,Town12_Rep0_1757_0_route0_01_07_21_28_49,64,R4,U-E3,R-E4|U-E3,R-E4,U-E3,U-E3,R1,R4,14,3.5,24,0,12,unusual_still_active,unusual_event_interrupted_by_intersection_rs
ParkingCutIn,Town12_Rep0_1757_0_route0_01_07_21_28_49,65,R4,U-E3,R-E4|U-E3,R-E4,U-E3,U-E3,R1,R4,15,3.75,24,0,12,unusual_still_active,unusual_event_interrupted_by_intersection_rs
ParkingCutIn,Town12_Rep0_1757_0_route0_01_07_21_28_49,66,R4,U-E3,R-E4|U-E3,R-E4,U-E3,U-E3,R1,R4,16,4.0,24,0,12,unusual_still_active,unusual_event_interrupted_by_intersection_rs
ParkingCutIn,Town12_Rep0_1757_0_route0_01_07_21_28_49,67,R4,U-E3,R-E4|U-E3,R-E4,U-E3,U-E3,R1,R4,17,4.25,24,0,12,unusual_still_active,unusual_event_interrupted_by_intersection_rs
ParkingCutIn,Town12_Rep0_1757_0_route0_01_07_21_28_49,68,R4,U-E3,R-E4|U-E3,R-E4,U-E3,U-E3,R1,R4,18,4.5,24,0,12,unusual_still_active,unusual_event_interrupted_by_intersection_rs
ParkingCutIn,Town12_Rep0_1757_0_route0_01_07_21_28_49,69,R4,U-E3,R-E4|U-E3,R-E4,U-E3,U-E3,R1,R4,19,4.75,24,0,12,unusual_still_active,unusual_event_interrupted_by_intersection_rs
ParkingCutIn,Town12_Rep0_1757_0_route0_01_07_21_28_49,70,R4,U-E3,R-E4|U-E3,R-E4,U-E3,U-E3,R1,R4,20,5.0,24,0,12,unusual_still_active,unusual_event_interrupted_by_intersection_rs
ParkingCutIn,Town12_Rep0_1757_0_route0_01_07_21_28_49,71,R4,U-E3,R-E4|U-E3,R-E4,U-E3,U-E3,R1,R4,21,5.25,24,0,12,unusual_still_active,unusual_event_interrupted_by_intersection_rs
ParkingCutIn,Town12_Rep0_1757_0_route0_01_07_21_28_49,72,R4,U-E3,R-E4|U-E3,R-E4,U-E3,U-E3,R1,R4,22,5.5,24,0,12,unusual_still_active,unusual_event_interrupted_by_intersection_rs
ParkingCutIn,Town12_Rep0_1757_0_route0_01_07_21_28_49,73,R4,U-E3,R-E4|U-E3,R-E4,U-E3,U-E3,R1,R4,23,5.75,24,0,12,unusual_still_active,unusual_event_interrupted_by_intersection_rs
ParkingCutIn,Town12_Rep0_1757_0_route0_01_07_21_28_49,74,R4,U-E3,R-E4|U-E3,R-E4,U-E3,U-E3,R1,R4,24,6.0,24,0,12,unusual_still_active,unusual_event_interrupted_by_intersection_rs
ParkingCutIn,Town12_Rep0_191_0_route0_01_09_04_55_30,157,R4,U-E3,R-E4|U-E3,R-E4,U-E3,U-E3,R1,R4,1,0.25,24,0,12,unusual_still_active,unusual_event_interrupted_by_intersection_rs
ParkingCutIn,Town12_Rep0_191_0_route0_01_09_04_55_30,158,R4,U-E3,R-E4|U-E3,R-E4,U-E3,U-E3,R1,R4,2,0.5,24,0,12,unusual_still_active,unusual_event_interrupted_by_intersection_rs
ParkingCutIn,Town12_Rep0_191_0_route0_01_09_04_55_30,159,R4,U-E3,R-E4|U-E3,R-E4,U-E3,U-E3,R1,R4,3,0.75,24,0,12,unusual_still_active,unusual_event_interrupted_by_intersection_rs
ParkingCutIn,Town12_Rep0_191_0_route0_01_09_04_55_30,160,R4,U-E3,R-E4|U-E3,R-E4,U-E3,U-E3,R1,R4,4,1.0,24,0,12,unusual_still_active,unusual_event_interrupted_by_intersection_rs
ParkingCutIn,Town12_Rep0_191_0_route0_01_09_04_55_30,161,R4,U-E3,R-E4|U-E3,R-E4,U-E3,U-E3,R1,R4,5,1.25,24,0,12,unusual_still_active,unusual_event_interrupted_by_intersection_rs
ParkingCutIn,Town12_Rep0_191_0_route0_01_09_04_55_30,162,R4,U-E3,R-E4|U-E3,R-E4,U-E3,U-E3,R1,R4,6,1.5,24,0,12,unusual_still_active,unusual_event_interrupted_by_intersection_rs
ParkingCutIn,Town12_Rep0_191_0_route0_01_09_04_55_30,163,R4,U-E3,R-E4|U-E3,R-E4,U-E3,U-E3,R1,R4,7,1.75,24,0,12,unusual_still_active,unusual_event_interrupted_by_intersection_rs
ParkingCutIn,Town12_Rep0_191_0_route0_01_09_04_55_30,164,R4,U-E3,R-E4|U-E3,R-E4,U-E3,U-E3,R1,R4,8,2.0,24,0,12,unusual_still_active,unusual_event_interrupted_by_intersection_rs
ParkingCutIn,Town12_Rep0_191_0_route0_01_09_04_55_30,165,R4,U-E3,R-E4|U-E3,R-E4,U-E3,U-E3,R1,R4,9,2.25,24,0,12,unusual_still_active,unusual_event_interrupted_by_intersection_rs
ParkingCutIn,Town12_Rep0_191_0_route0_01_09_04_55_30,166,R4,U-E3,R-E4|U-E3,R-E4,U-E3,U-E3,R1,R4,10,2.5,24,0,12,unusual_still_active,unusual_event_interrupted_by_intersection_rs
ParkingCutIn,Town12_Rep0_191_0_route0_01_09_04_55_30,167,R4,U-E3,R-E4|U-E3,R-E4,U-E3,U-E3,R1,R4,11,2.75,24,0,12,unusual_still_active,unusual_event_interrupted_by_intersection_rs
ParkingCutIn,Town12_Rep0_191_0_route0_01_09_04_55_30,168,R4,U-E3,R-E4|U-E3,R-E4,U-E3,U-E3,R1,R4,12,3.0,24,0,12,unusual_still_active,unusual_event_interrupted_by_intersection_rs
ParkingCutIn,Town12_Rep0_191_0_route0_01_09_04_55_30,169,R4,U-E3,R-E4|U-E3,R-E4,U-E3,U-E3,R1,R4,13,3.25,24,0,12,unusual_still_active,unusual_event_interrupted_by_intersection_rs
ParkingCutIn,Town12_Rep0_191_0_route0_01_09_04_55_30,170,R4,U-E3,R-E4|U-E3,R-E4,U-E3,U-E3,R1,R4,14,3.5,24,0,12,unusual_still_active,unusual_event_interrupted_by_intersection_rs
ParkingCutIn,Town12_Rep0_191_0_route0_01_09_04_55_30,171,R4,U-E3,R-E4|U-E3,R-E4,U-E3,U-E3,R1,R4,15,3.75,24,0,12,unusual_still_active,unusual_event_interrupted_by_intersection_rs
ParkingCutIn,Town12_Rep0_191_0_route0_01_09_04_55_30,172,R4,U-E3,R-E4|U-E3,R-E4,U-E3,U-E3,R1,R4,16,4.0,24,0,12,unusual_still_active,unusual_event_interrupted_by_intersection_rs
ParkingCutIn,Town12_Rep0_191_0_route0_01_09_04_55_30,173,R4,U-E3,R-E4|U-E3,R-E4,U-E3,U-E3,R1,R4,17,4.25,24,0,12,unusual_still_active,unusual_event_interrupted_by_intersection_rs
ParkingCutIn,Town12_Rep0_191_0_route0_01_09_04_55_30,174,R4,U-E3,R-E4|U-E3,R-E4,U-E3,U-E3,R1,R4,18,4.5,24,0,12,unusual_still_active,unusual_event_interrupted_by_intersection_rs
ParkingCutIn,Town12_Rep0_191_0_route0_01_09_04_55_30,175,R4,U-E3,R-E4|U-E3,R-E4,U-E3,U-E3,R1,R4,19,4.75,24,0,12,unusual_still_active,unusual_event_interrupted_by_intersection_rs
ParkingCutIn,Town12_Rep0_191_0_route0_01_09_04_55_30,176,R4,U-E3,R-E4|U-E3,R-E4,U-E3,U-E3,R1,R4,20,5.0,24,0,12,unusual_still_active,unusual_event_interrupted_by_intersection_rs
ParkingCutIn,Town12_Rep0_191_0_route0_01_09_04_55_30,177,R4,U-E3,R-E4|U-E3,R-E4,U-E3,U-E3,R1,R4,21,5.25,24,0,12,unusual_still_active,unusual_event_interrupted_by_intersection_rs
ParkingCutIn,Town12_Rep0_191_0_route0_01_09_04_55_30,178,R4,U-E3,R-E4|U-E3,R-E4,U-E3,U-E3,R1,R4,22,5.5,24,0,12,unusual_still_active,unusual_event_interrupted_by_intersection_rs
ParkingCutIn,Town12_Rep0_191_0_route0_01_09_04_55_30,179,R4,U-E3,R-E4|U-E3,R-E4,U-E3,U-E3,R1,R4,23,5.75,24,0,12,unusual_still_active,unusual_event_interrupted_by_intersection_rs
ParkingCutIn,Town12_Rep0_191_0_route0_01_09_04_55_30,180,R4,U-E3,R-E4|U-E3,R-E4,U-E3,U-E3,R1,R4,24,6.0,24,0,12,unusual_still_active,unusual_event_interrupted_by_intersection_rs
ParkingCutIn,Town12_Rep0_204_0_route0_01_10_09_56_58,48,R5,U-E3,R-E5|U-E3,R-E5,U-E3,U-E3,R1,R5,1,0.25,24,0,12,unusual_still_active,unusual_event_interrupted_by_intersection_rs
ParkingCutIn,Town12_Rep0_204_0_route0_01_10_09_56_58,49,R5,U-E3,R-E5|U-E3,R-E5,U-E3,U-E3,R1,R5,2,0.5,24,0,12,unusual_still_active,unusual_event_interrupted_by_intersection_rs
ParkingCutIn,Town12_Rep0_204_0_route0_01_10_09_56_58,50,R5,U-E3,R-E5|U-E3,R-E5,U-E3,U-E3,R1,R5,3,0.75,24,0,12,unusual_still_active,unusual_event_interrupted_by_intersection_rs
ParkingCutIn,Town12_Rep0_204_0_route0_01_10_09_56_58,51,R5,U-E3,R-E5|U-E3,R-E5,U-E3,U-E3,R1,R5,4,1.0,24,0,12,unusual_still_active,unusual_event_interrupted_by_intersection_rs
ParkingCutIn,Town12_Rep0_204_0_route0_01_10_09_56_58,52,R5,U-E3,R-E5|U-E3,R-E5,U-E3,U-E3,R1,R5,5,1.25,24,0,12,unusual_still_active,unusual_event_interrupted_by_intersection_rs
ParkingCutIn,Town12_Rep0_204_0_route0_01_10_09_56_58,53,R5,U-E3,R-E5|U-E3,R-E5,U-E3,U-E3,R1,R5,6,1.5,24,0,12,unusual_still_active,unusual_event_interrupted_by_intersection_rs
ParkingCutIn,Town12_Rep0_204_0_route0_01_10_09_56_58,54,R5,U-E3,R-E5|U-E3,R-E5,U-E3,U-E3,R1,R5,7,1.75,24,0,12,unusual_still_active,unusual_event_interrupted_by_intersection_rs
ParkingCutIn,Town12_Rep0_204_0_route0_01_10_09_56_58,55,R5,U-E3,R-E5|U-E3,R-E5,U-E3,U-E3,R1,R5,8,2.0,24,0,12,unusual_still_active,unusual_event_interrupted_by_intersection_rs
ParkingCutIn,Town12_Rep0_204_0_route0_01_10_09_56_58,56,R5,U-E3,R-E5|U-E3,R-E5,U-E3,U-E3,R1,R5,9,2.25,24,0,12,unusual_still_active,unusual_event_interrupted_by_intersection_rs
ParkingCutIn,Town12_Rep0_204_0_route0_01_10_09_56_58,57,R5,U-E3,R-E5|U-E3,R-E5,U-E3,U-E3,R1,R5,10,2.5,24,0,12,unusual_still_active,unusual_event_interrupted_by_intersection_rs
ParkingCutIn,Town12_Rep0_204_0_route0_01_10_09_56_58,58,R5,U-E3,R-E5|U-E3,R-E5,U-E3,U-E3,R1,R5,11,2.75,24,0,12,unusual_still_active,unusual_event_interrupted_by_intersection_rs
ParkingCutIn,Town12_Rep0_204_0_route0_01_10_09_56_58,59,R5,U-E3,R-E5|U-E3,R-E5,U-E3,U-E3,R1,R5,12,3.0,24,0,12,unusual_still_active,unusual_event_interrupted_by_intersection_rs
ParkingCutIn,Town12_Rep0_204_0_route0_01_10_09_56_58,60,R5,U-E3,R-E5|U-E3,R-E5,U-E3,U-E3,R1,R5,13,3.25,24,0,12,unusual_still_active,unusual_event_interrupted_by_intersection_rs
ParkingCutIn,Town12_Rep0_204_0_route0_01_10_09_56_58,61,R5,U-E3,R-E5|U-E3,R-E5,U-E3,U-E3,R1,R5,14,3.5,24,0,12,unusual_still_active,unusual_event_interrupted_by_intersection_rs
ParkingCutIn,Town12_Rep0_204_0_route0_01_10_09_56_58,62,R5,U-E3,R-E5|U-E3,R-E5,U-E3,U-E3,R1,R5,15,3.75,24,0,12,unusual_still_active,unusual_event_interrupted_by_intersection_rs
ParkingCutIn,Town12_Rep0_204_0_route0_01_10_09_56_58,63,R5,U-E3,R-E5|U-E3,R-E5,U-E3,U-E3,R1,R5,16,4.0,24,0,12,unusual_still_active,unusual_event_interrupted_by_intersection_rs
ParkingCutIn,Town12_Rep0_204_0_route0_01_10_09_56_58,64,R5,U-E3,R-E5|U-E3,R-E5,U-E3,U-E3,R1,R5,17,4.25,24,0,12,unusual_still_active,unusual_event_interrupted_by_intersection_rs
ParkingCutIn,Town12_Rep0_204_1_route0_01_08_13_53_11,53,R5,U-E3,R-E5|U-E3,R-E5,U-E3,U-E3,R1,R5,1,0.25,24,0,12,unusual_still_active,unusual_event_interrupted_by_intersection_rs
ParkingCutIn,Town12_Rep0_204_1_route0_01_08_13_53_11,54,R5,U-E3,R-E5|U-E3,R-E5,U-E3,U-E3,R1,R5,2,0.5,24,0,12,unusual_still_active,unusual_event_interrupted_by_intersection_rs
ParkingCutIn,Town12_Rep0_204_1_route0_01_08_13_53_11,55,R5,U-E3,R-E5|U-E3,R-E5,U-E3,U-E3,R1,R5,3,0.75,24,0,12,unusual_still_active,unusual_event_interrupted_by_intersection_rs
ParkingCutIn,Town12_Rep0_204_1_route0_01_08_13_53_11,56,R5,U-E3,R-E5|U-E3,R-E5,U-E3,U-E3,R1,R5,4,1.0,24,0,12,unusual_still_active,unusual_event_interrupted_by_intersection_rs
ParkingCutIn,Town12_Rep0_204_1_route0_01_08_13_53_11,57,R5,U-E3,R-E5|U-E3,R-E5,U-E3,U-E3,R1,R5,5,1.25,24,0,12,unusual_still_active,unusual_event_interrupted_by_intersection_rs
ParkingCutIn,Town12_Rep0_204_1_route0_01_08_13_53_11,58,R5,U-E3,R-E5|U-E3,R-E5,U-E3,U-E3,R1,R5,6,1.5,24,0,12,unusual_still_active,unusual_event_interrupted_by_intersection_rs
ParkingCutIn,Town12_Rep0_204_1_route0_01_08_13_53_11,59,R5,U-E3,R-E5|U-E3,R-E5,U-E3,U-E3,R1,R5,7,1.75,24,0,12,unusual_still_active,unusual_event_interrupted_by_intersection_rs
ParkingCutIn,Town12_Rep0_204_1_route0_01_08_13_53_11,60,R5,U-E3,R-E5|U-E3,R-E5,U-E3,U-E3,R1,R5,8,2.0,24,0,12,unusual_still_active,unusual_event_interrupted_by_intersection_rs
ParkingCutIn,Town12_Rep0_204_1_route0_01_08_13_53_11,61,R5,U-E3,R-E5|U-E3,R-E5,U-E3,U-E3,R1,R5,9,2.25,24,0,12,unusual_still_active,unusual_event_interrupted_by_intersection_rs
ParkingCutIn,Town12_Rep0_204_1_route0_01_08_13_53_11,62,R5,U-E3,R-E5|U-E3,R-E5,U-E3,U-E3,R1,R5,10,2.5,24,0,12,unusual_still_active,unusual_event_interrupted_by_intersection_rs
ParkingCutIn,Town12_Rep0_204_1_route0_01_08_13_53_11,63,R5,U-E3,R-E5|U-E3,R-E5,U-E3,U-E3,R1,R5,11,2.75,24,0,12,unusual_still_active,unusual_event_interrupted_by_intersection_rs
ParkingCutIn,Town12_Rep0_204_1_route0_01_08_13_53_11,64,R5,U-E3,R-E5|U-E3,R-E5,U-E3,U-E3,R1,R5,12,3.0,24,0,12,unusual_still_active,unusual_event_interrupted_by_intersection_rs
ParkingCutIn,Town12_Rep0_204_1_route0_01_08_13_53_11,65,R5,U-E3,R-E5|U-E3,R-E5,U-E3,U-E3,R1,R5,13,3.25,24,0,12,unusual_still_active,unusual_event_interrupted_by_intersection_rs
ParkingCutIn,Town12_Rep0_204_1_route0_01_08_13_53_11,66,R5,U-E3,R-E5|U-E3,R-E5,U-E3,U-E3,R1,R5,14,3.5,24,0,12,unusual_still_active,unusual_event_interrupted_by_intersection_rs
ParkingCutIn,Town12_Rep0_204_1_route0_01_08_13_53_11,67,R5,U-E3,R-E5|U-E3,R-E5,U-E3,U-E3,R1,R5,15,3.75,24,0,12,unusual_still_active,unusual_event_interrupted_by_intersection_rs
ParkingCutIn,Town12_Rep0_204_1_route0_01_08_13_53_11,68,R5,U-E3,R-E5|U-E3,R-E5,U-E3,U-E3,R1,R5,16,4.0,24,0,12,unusual_still_active,unusual_event_interrupted_by_intersection_rs
ParkingCutIn,Town12_Rep0_204_1_route0_01_08_13_53_11,69,R5,U-E3,R-E5|U-E3,R-E5,U-E3,U-E3,R1,R5,17,4.25,24,0,12,unusual_still_active,unusual_event_interrupted_by_intersection_rs
ParkingCutIn,Town12_Rep0_204_1_route0_01_08_13_53_11,70,R5,U-E3,R-E5|U-E3,R-E5,U-E3,U-E3,R1,R5,18,4.5,24,0,12,unusual_still_active,unusual_event_interrupted_by_intersection_rs
ParkingCutIn,Town12_Rep0_215_0_route0_01_09_21_35_17,156,R4,U-E3,R-E4|U-E3,R-E4,U-E3,U-E3,R1,R4,1,0.25,24,0,12,unusual_still_active,unusual_event_interrupted_by_intersection_rs
ParkingCutIn,Town12_Rep0_215_0_route0_01_09_21_35_17,157,R4,U-E3,R-E4|U-E3,R-E4,U-E3,U-E3,R1,R4,2,0.5,24,0,12,unusual_still_active,unusual_event_interrupted_by_intersection_rs
ParkingCutIn,Town12_Rep0_215_0_route0_01_09_21_35_17,158,R4,U-E3,R-E4|U-E3,R-E4,U-E3,U-E3,R1,R4,3,0.75,24,0,12,unusual_still_active,unusual_event_interrupted_by_intersection_rs
ParkingCutIn,Town12_Rep0_215_0_route0_01_09_21_35_17,159,R4,U-E3,R-E4|U-E3,R-E4,U-E3,U-E3,R1,R4,4,1.0,24,0,12,unusual_still_active,unusual_event_interrupted_by_intersection_rs
ParkingCutIn,Town12_Rep0_215_0_route0_01_09_21_35_17,160,R4,U-E3,R-E4|U-E3,R-E4,U-E3,U-E3,R1,R4,5,1.25,24,0,12,unusual_still_active,unusual_event_interrupted_by_intersection_rs
ParkingCutIn,Town12_Rep0_215_0_route0_01_09_21_35_17,161,R4,U-E3,R-E4|U-E3,R-E4,U-E3,U-E3,R1,R4,6,1.5,24,0,12,unusual_still_active,unusual_event_interrupted_by_intersection_rs
ParkingCutIn,Town12_Rep0_215_0_route0_01_09_21_35_17,162,R4,U-E3,R-E4|U-E3,R-E4,U-E3,U-E3,R1,R4,7,1.75,24,0,12,unusual_still_active,unusual_event_interrupted_by_intersection_rs
ParkingCutIn,Town12_Rep0_215_0_route0_01_09_21_35_17,163,R4,U-E3,R-E4|U-E3,R-E4,U-E3,U-E3,R1,R4,8,2.0,24,0,12,unusual_still_active,unusual_event_interrupted_by_intersection_rs
ParkingCutIn,Town12_Rep0_215_0_route0_01_09_21_35_17,164,R4,U-E3,R-E4|U-E3,R-E4,U-E3,U-E3,R1,R4,9,2.25,24,0,12,unusual_still_active,unusual_event_interrupted_by_intersection_rs
ParkingCutIn,Town12_Rep0_215_0_route0_01_09_21_35_17,165,R4,U-E3,R-E4|U-E3,R-E4,U-E3,U-E3,R1,R4,10,2.5,24,0,12,unusual_still_active,unusual_event_interrupted_by_intersection_rs
ParkingCutIn,Town12_Rep0_215_0_route0_01_09_21_35_17,166,R4,U-E3,R-E4|U-E3,R-E4,U-E3,U-E3,R1,R4,11,2.75,24,0,12,unusual_still_active,unusual_event_interrupted_by_intersection_rs
ParkingCutIn,Town12_Rep0_215_0_route0_01_09_21_35_17,167,R4,U-E3,R-E4|U-E3,R-E4,U-E3,U-E3,R1,R4,12,3.0,24,0,12,unusual_still_active,unusual_event_interrupted_by_intersection_rs
ParkingCutIn,Town12_Rep0_215_0_route0_01_09_21_35_17,168,R4,U-E3,R-E4|U-E3,R-E4,U-E3,U-E3,R1,R4,13,3.25,24,0,12,unusual_still_active,unusual_event_interrupted_by_intersection_rs
ParkingCutIn,Town12_Rep0_215_0_route0_01_09_21_35_17,169,R4,U-E3,R-E4|U-E3,R-E4,U-E3,U-E3,R1,R4,14,3.5,24,0,12,unusual_still_active,unusual_event_interrupted_by_intersection_rs
ParkingCutIn,Town12_Rep0_215_0_route0_01_09_21_35_17,170,R4,U-E3,R-E4|U-E3,R-E4,U-E3,U-E3,R1,R4,15,3.75,24,0,12,unusual_still_active,unusual_event_interrupted_by_intersection_rs
ParkingCutIn,Town12_Rep0_215_0_route0_01_09_21_35_17,171,R4,U-E3,R-E4|U-E3,R-E4,U-E3,U-E3,R1,R4,16,4.0,24,0,12,unusual_still_active,unusual_event_interrupted_by_intersection_rs
ParkingCutIn,Town12_Rep0_215_0_route0_01_09_21_35_17,172,R4,U-E3,R-E4|U-E3,R-E4,U-E3,U-E3,R1,R4,17,4.25,24,0,12,unusual_still_active,unusual_event_interrupted_by_intersection_rs
ParkingCutIn,Town12_Rep0_215_0_route0_01_09_21_35_17,173,R4,U-E3,R-E4|U-E3,R-E4,U-E3,U-E3,R1,R4,18,4.5,24,0,12,unusual_still_active,unusual_event_interrupted_by_intersection_rs
ParkingCutIn,Town12_Rep0_215_0_route0_01_09_21_35_17,174,R4,U-E3,R-E4|U-E3,R-E4,U-E3,U-E3,R1,R4,19,4.75,24,0,12,unusual_still_active,unusual_event_interrupted_by_intersection_rs
ParkingCutIn,Town12_Rep0_215_0_route0_01_09_21_35_17,175,R4,U-E3,R-E4|U-E3,R-E4,U-E3,U-E3,R1,R4,20,5.0,24,0,12,unusual_still_active,unusual_event_interrupted_by_intersection_rs
ParkingCutIn,Town12_Rep0_215_0_route0_01_09_21_35_17,176,R4,U-E3,R-E4|U-E3,R-E4,U-E3,U-E3,R1,R4,21,5.25,24,0,12,unusual_still_active,unusual_event_interrupted_by_intersection_rs
ParkingCutIn,Town12_Rep0_215_0_route0_01_09_21_35_17,177,R4,U-E3,R-E4|U-E3,R-E4,U-E3,U-E3,R1,R4,22,5.5,24,0,12,unusual_still_active,unusual_event_interrupted_by_intersection_rs
ParkingCutIn,Town12_Rep0_215_0_route0_01_09_21_35_17,178,R4,U-E3,R-E4|U-E3,R-E4,U-E3,U-E3,R1,R4,23,5.75,24,0,12,unusual_still_active,unusual_event_interrupted_by_intersection_rs
ParkingCutIn,Town12_Rep0_215_0_route0_01_09_21_35_17,179,R4,U-E3,R-E4|U-E3,R-E4,U-E3,U-E3,R1,R4,24,6.0,24,0,12,unusual_still_active,unusual_event_interrupted_by_intersection_rs
ParkingCutIn,Town12_Rep0_2625_0_route0_01_09_21_11_59,29,R4,U-E3,R-E4|U-E3,R-E4,U-E3,U-E3,R1,R4,1,0.25,24,0,12,unusual_still_active,unusual_event_interrupted_by_intersection_rs
ParkingCutIn,Town12_Rep0_2625_0_route0_01_09_21_11_59,30,R4,U-E3,R-E4|U-E3,R-E4,U-E3,U-E3,R1,R4,2,0.5,24,0,12,unusual_still_active,unusual_event_interrupted_by_intersection_rs
ParkingCutIn,Town12_Rep0_2625_0_route0_01_09_21_11_59,31,R4,U-E3,R-E4|U-E3,R-E4,U-E3,U-E3,R1,R4,3,0.75,24,0,12,unusual_still_active,unusual_event_interrupted_by_intersection_rs
ParkingCutIn,Town12_Rep0_2625_0_route0_01_09_21_11_59,32,R4,U-E3,R-E4|U-E3,R-E4,U-E3,U-E3,R1,R4,4,1.0,24,0,12,unusual_still_active,unusual_event_interrupted_by_intersection_rs
ParkingCutIn,Town12_Rep0_2625_0_route0_01_09_21_11_59,33,R4,U-E3,R-E4|U-E3,R-E4,U-E3,U-E3,R1,R4,5,1.25,24,0,12,unusual_still_active,unusual_event_interrupted_by_intersection_rs
ParkingCutIn,Town12_Rep0_2625_0_route0_01_09_21_11_59,34,R4,U-E3,R-E4|U-E3,R-E4,U-E3,U-E3,R1,R4,6,1.5,24,0,12,unusual_still_active,unusual_event_interrupted_by_intersection_rs
ParkingCutIn,Town12_Rep0_2625_0_route0_01_09_21_11_59,35,R4,U-E3,R-E4|U-E3,R-E4,U-E3,U-E3,R1,R4,7,1.75,24,0,12,unusual_still_active,unusual_event_interrupted_by_intersection_rs
ParkingCutIn,Town12_Rep0_2625_0_route0_01_09_21_11_59,36,R4,U-E3,R-E4|U-E3,R-E4,U-E3,U-E3,R1,R4,8,2.0,24,0,12,unusual_still_active,unusual_event_interrupted_by_intersection_rs
ParkingCutIn,Town12_Rep0_2625_0_route0_01_09_21_11_59,37,R4,U-E3,R-E4|U-E3,R-E4,U-E3,U-E3,R1,R4,9,2.25,24,0,12,unusual_still_active,unusual_event_interrupted_by_intersection_rs
ParkingCutIn,Town12_Rep0_2625_0_route0_01_09_21_11_59,38,R4,U-E3,R-E4|U-E3,R-E4,U-E3,U-E3,R1,R4,10,2.5,24,0,12,unusual_still_active,unusual_event_interrupted_by_intersection_rs
ParkingCutIn,Town12_Rep0_2625_0_route0_01_09_21_11_59,39,R4,U-E3,R-E4|U-E3,R-E4,U-E3,U-E3,R1,R4,11,2.75,24,0,12,unusual_still_active,unusual_event_interrupted_by_intersection_rs
ParkingCutIn,Town12_Rep0_2625_0_route0_01_09_21_11_59,40,R4,U-E3,R-E4|U-E3,R-E4,U-E3,U-E3,R1,R4,12,3.0,24,0,12,unusual_still_active,unusual_event_interrupted_by_intersection_rs
ParkingCutIn,Town12_Rep0_2625_0_route0_01_09_21_11_59,41,R4,U-E3,R-E4|U-E3,R-E4,U-E3,U-E3,R1,R4,13,3.25,24,0,12,unusual_still_active,unusual_event_interrupted_by_intersection_rs
ParkingCutIn,Town12_Rep0_2625_0_route0_01_09_21_11_59,42,R4,U-E3,R-E4|U-E3,R-E4,U-E3,U-E3,R1,R4,14,3.5,24,0,12,unusual_still_active,unusual_event_interrupted_by_intersection_rs
ParkingCutIn,Town12_Rep0_2625_0_route0_01_09_21_11_59,43,R4,U-E3,R-E4|U-E3,R-E4,U-E3,U-E3,R1,R4,15,3.75,24,0,12,unusual_still_active,unusual_event_interrupted_by_intersection_rs
ParkingCutIn,Town12_Rep0_2625_0_route0_01_09_21_11_59,44,R4,U-E3,R-E4|U-E3,R-E4,U-E3,U-E3,R1,R4,16,4.0,24,0,12,unusual_still_active,unusual_event_interrupted_by_intersection_rs
ParkingCutIn,Town12_Rep0_2625_0_route0_01_09_21_11_59,45,R4,U-E3,R-E4|U-E3,R-E4,U-E3,U-E3,R1,R4,17,4.25,24,0,12,unusual_still_active,unusual_event_interrupted_by_intersection_rs
ParkingCutIn,Town12_Rep0_2625_0_route0_01_09_21_11_59,46,R4,U-E3,R-E4|U-E3,R-E4,U-E3,U-E3,R1,R4,18,4.5,24,0,12,unusual_still_active,unusual_event_interrupted_by_intersection_rs
ParkingCutIn,Town12_Rep0_2625_0_route0_01_09_21_11_59,47,R4,U-E3,R-E4|U-E3,R-E4,U-E3,U-E3,R1,R4,19,4.75,24,0,12,unusual_still_active,unusual_event_interrupted_by_intersection_rs
ParkingCutIn,Town12_Rep0_2625_0_route0_01_09_21_11_59,48,R4,U-E3,R-E4|U-E3,R-E4,U-E3,U-E3,R1,R4,20,5.0,24,0,12,unusual_still_active,unusual_event_interrupted_by_intersection_rs
ParkingCutIn,Town12_Rep0_2625_0_route0_01_09_21_11_59,49,R4,U-E3,R-E4|U-E3,R-E4,U-E3,U-E3,R1,R4,21,5.25,24,0,12,unusual_still_active,unusual_event_interrupted_by_intersection_rs
ParkingCutIn,Town12_Rep0_2625_0_route0_01_09_21_11_59,50,R4,U-E3,R-E4|U-E3,R-E4,U-E3,U-E3,R1,R4,22,5.5,24,0,12,unusual_still_active,unusual_event_interrupted_by_intersection_rs
ParkingCutIn,Town12_Rep0_2625_0_route0_01_09_21_11_59,51,R4,U-E3,R-E4|U-E3,R-E4,U-E3,U-E3,R1,R4,23,5.75,24,0,12,unusual_still_active,unusual_event_interrupted_by_intersection_rs
ParkingCutIn,Town12_Rep0_2625_0_route0_01_09_21_11_59,52,R4,U-E3,R-E4|U-E3,R-E4,U-E3,U-E3,R1,R4,24,6.0,24,0,12,unusual_still_active,unusual_event_interrupted_by_intersection_rs
ParkingCutIn,Town12_Rep0_2826_1_route0_01_11_07_37_38,168,R4,U-E3,R-E4|U-E3,R-E4,U-E3,U-E3,R1,R4,1,0.25,24,0,12,unusual_still_active,unusual_event_interrupted_by_intersection_rs
ParkingCutIn,Town12_Rep0_2826_1_route0_01_11_07_37_38,169,R4,U-E3,R-E4|U-E3,R-E4,U-E3,U-E3,R1,R4,2,0.5,24,0,12,unusual_still_active,unusual_event_interrupted_by_intersection_rs
ParkingCutIn,Town12_Rep0_2826_1_route0_01_11_07_37_38,170,R4,U-E3,R-E4|U-E3,R-E4,U-E3,U-E3,R1,R4,3,0.75,24,0,12,unusual_still_active,unusual_event_interrupted_by_intersection_rs
ParkingCutIn,Town12_Rep0_2826_1_route0_01_11_07_37_38,171,R4,U-E3,R-E4|U-E3,R-E4,U-E3,U-E3,R1,R4,4,1.0,24,0,12,unusual_still_active,unusual_event_interrupted_by_intersection_rs
ParkingCutIn,Town12_Rep0_2826_1_route0_01_11_07_37_38,172,R4,U-E3,R-E4|U-E3,R-E4,U-E3,U-E3,R1,R4,5,1.25,24,0,12,unusual_still_active,unusual_event_interrupted_by_intersection_rs
ParkingCutIn,Town12_Rep0_3204_0_route0_01_08_05_06_56,58,R5,U-E3,R-E5|U-E3,R-E5,U-E3,U-E3,R1,R5,1,0.25,24,0,12,unusual_still_active,unusual_event_interrupted_by_intersection_rs
ParkingCutIn,Town12_Rep0_3204_0_route0_01_08_05_06_56,59,R5,U-E3,R-E5|U-E3,R-E5,U-E3,U-E3,R1,R5,2,0.5,24,0,12,unusual_still_active,unusual_event_interrupted_by_intersection_rs
ParkingCutIn,Town12_Rep0_3204_0_route0_01_08_05_06_56,60,R5,U-E3,R-E5|U-E3,R-E5,U-E3,U-E3,R1,R5,3,0.75,24,0,12,unusual_still_active,unusual_event_interrupted_by_intersection_rs
ParkingCutIn,Town12_Rep0_3204_0_route0_01_08_05_06_56,61,R5,U-E3,R-E5|U-E3,R-E5,U-E3,U-E3,R1,R5,4,1.0,24,0,12,unusual_still_active,unusual_event_interrupted_by_intersection_rs
ParkingCutIn,Town12_Rep0_3295_0_route0_01_08_15_03_05,31,R4,U-E3,R-E4|U-E3,R-E4,U-E3,U-E3,R1,R4,1,0.25,24,0,12,unusual_still_active,unusual_event_interrupted_by_intersection_rs
ParkingCutIn,Town12_Rep0_3295_0_route0_01_08_15_03_05,32,R4,U-E3,R-E4|U-E3,R-E4,U-E3,U-E3,R1,R4,2,0.5,24,0,12,unusual_still_active,unusual_event_interrupted_by_intersection_rs
ParkingCutIn,Town12_Rep0_3295_0_route0_01_08_15_03_05,33,R4,U-E3,R-E4|U-E3,R-E4,U-E3,U-E3,R1,R4,3,0.75,24,0,12,unusual_still_active,unusual_event_interrupted_by_intersection_rs
ParkingCutIn,Town12_Rep0_3295_0_route0_01_08_15_03_05,34,R4,U-E3,R-E4|U-E3,R-E4,U-E3,U-E3,R1,R4,4,1.0,24,0,12,unusual_still_active,unusual_event_interrupted_by_intersection_rs
ParkingCutIn,Town12_Rep0_3295_0_route0_01_08_15_03_05,35,R4,U-E3,R-E4|U-E3,R-E4,U-E3,U-E3,R1,R4,5,1.25,24,0,12,unusual_still_active,unusual_event_interrupted_by_intersection_rs
ParkingCutIn,Town12_Rep0_3295_0_route0_01_08_15_03_05,36,R4,U-E3,R-E4|U-E3,R-E4,U-E3,U-E3,R1,R4,6,1.5,24,0,12,unusual_still_active,unusual_event_interrupted_by_intersection_rs
ParkingCutIn,Town12_Rep0_3295_0_route0_01_08_15_03_05,37,R4,U-E3,R-E4|U-E3,R-E4,U-E3,U-E3,R1,R4,7,1.75,24,0,12,unusual_still_active,unusual_event_interrupted_by_intersection_rs
ParkingCutIn,Town12_Rep0_3295_0_route0_01_08_15_03_05,38,R4,U-E3,R-E4|U-E3,R-E4,U-E3,U-E3,R1,R4,8,2.0,24,0,12,unusual_still_active,unusual_event_interrupted_by_intersection_rs
ParkingCutIn,Town12_Rep0_3295_0_route0_01_08_15_03_05,39,R4,U-E3,R-E4|U-E3,R-E4,U-E3,U-E3,R1,R4,9,2.25,24,0,12,unusual_still_active,unusual_event_interrupted_by_intersection_rs
ParkingCutIn,Town12_Rep0_3295_0_route0_01_08_15_03_05,40,R4,U-E3,R-E4|U-E3,R-E4,U-E3,U-E3,R1,R4,10,2.5,24,0,12,unusual_still_active,unusual_event_interrupted_by_intersection_rs
ParkingCutIn,Town12_Rep0_3295_0_route0_01_08_15_03_05,41,R4,U-E3,R-E4|U-E3,R-E4,U-E3,U-E3,R1,R4,11,2.75,24,0,12,unusual_still_active,unusual_event_interrupted_by_intersection_rs
ParkingCutIn,Town12_Rep0_3295_0_route0_01_08_15_03_05,42,R4,U-E3,R-E4|U-E3,R-E4,U-E3,U-E3,R1,R4,12,3.0,24,0,12,unusual_still_active,unusual_event_interrupted_by_intersection_rs
ParkingCutIn,Town12_Rep0_3295_0_route0_01_08_15_03_05,43,R4,U-E3,R-E4|U-E3,R-E4,U-E3,U-E3,R1,R4,13,3.25,24,0,12,unusual_still_active,unusual_event_interrupted_by_intersection_rs
ParkingCutIn,Town12_Rep0_3295_0_route0_01_08_15_03_05,44,R4,U-E3,R-E4|U-E3,R-E4,U-E3,U-E3,R1,R4,14,3.5,24,0,12,unusual_still_active,unusual_event_interrupted_by_intersection_rs
ParkingCutIn,Town12_Rep0_3295_0_route0_01_08_15_03_05,45,R4,U-E3,R-E4|U-E3,R-E4,U-E3,U-E3,R1,R4,15,3.75,24,0,12,unusual_still_active,unusual_event_interrupted_by_intersection_rs
ParkingCutIn,Town12_Rep0_3295_0_route0_01_08_15_03_05,46,R4,U-E3,R-E4|U-E3,R-E4,U-E3,U-E3,R1,R4,16,4.0,24,0,12,unusual_still_active,unusual_event_interrupted_by_intersection_rs
ParkingCutIn,Town12_Rep0_3295_0_route0_01_08_15_03_05,47,R4,U-E3,R-E4|U-E3,R-E4,U-E3,U-E3,R1,R4,17,4.25,24,0,12,unusual_still_active,unusual_event_interrupted_by_intersection_rs
ParkingCutIn,Town12_Rep0_3295_0_route0_01_08_15_03_05,48,R4,U-E3,R-E4|U-E3,R-E4,U-E3,U-E3,R1,R4,18,4.5,24,0,12,unusual_still_active,unusual_event_interrupted_by_intersection_rs
ParkingCutIn,Town12_Rep0_3295_0_route0_01_08_15_03_05,49,R4,U-E3,R-E4|U-E3,R-E4,U-E3,U-E3,R1,R4,19,4.75,24,0,12,unusual_still_active,unusual_event_interrupted_by_intersection_rs
ParkingCutIn,Town12_Rep0_3295_0_route0_01_08_15_03_05,50,R4,U-E3,R-E4|U-E3,R-E4,U-E3,U-E3,R1,R4,20,5.0,24,0,12,unusual_still_active,unusual_event_interrupted_by_intersection_rs
ParkingCutIn,Town12_Rep0_3295_0_route0_01_08_15_03_05,51,R4,U-E3,R-E4|U-E3,R-E4,U-E3,U-E3,R1,R4,21,5.25,24,0,12,unusual_still_active,unusual_event_interrupted_by_intersection_rs
ParkingCutIn,Town12_Rep0_3295_0_route0_01_08_15_03_05,52,R4,U-E3,R-E4|U-E3,R-E4,U-E3,U-E3,R1,R4,22,5.5,24,0,12,unusual_still_active,unusual_event_interrupted_by_intersection_rs
ParkingCutIn,Town12_Rep0_3295_0_route0_01_08_15_03_05,53,R4,U-E3,R-E4|U-E3,R-E4,U-E3,U-E3,R1,R4,23,5.75,24,0,12,unusual_still_active,unusual_event_interrupted_by_intersection_rs
ParkingCutIn,Town12_Rep0_3295_0_route0_01_08_15_03_05,54,R4,U-E3,R-E4|U-E3,R-E4,U-E3,U-E3,R1,R4,24,6.0,24,0,12,unusual_still_active,unusual_event_interrupted_by_intersection_rs
ParkingCutIn,Town12_Rep0_3295_1_route0_01_09_19_45_55,32,R4,U-E3,R-E4|U-E3,R-E4,U-E3,U-E3,R1,R4,1,0.25,24,0,12,unusual_still_active,unusual_event_interrupted_by_intersection_rs
ParkingCutIn,Town12_Rep0_3295_1_route0_01_09_19_45_55,33,R4,U-E3,R-E4|U-E3,R-E4,U-E3,U-E3,R1,R4,2,0.5,24,0,12,unusual_still_active,unusual_event_interrupted_by_intersection_rs
ParkingCutIn,Town12_Rep0_3295_1_route0_01_09_19_45_55,34,R4,U-E3,R-E4|U-E3,R-E4,U-E3,U-E3,R1,R4,3,0.75,24,0,12,unusual_still_active,unusual_event_interrupted_by_intersection_rs
ParkingCutIn,Town12_Rep0_3295_1_route0_01_09_19_45_55,35,R4,U-E3,R-E4|U-E3,R-E4,U-E3,U-E3,R1,R4,4,1.0,24,0,12,unusual_still_active,unusual_event_interrupted_by_intersection_rs
ParkingCutIn,Town12_Rep0_3295_1_route0_01_09_19_45_55,36,R4,U-E3,R-E4|U-E3,R-E4,U-E3,U-E3,R1,R4,5,1.25,24,0,12,unusual_still_active,unusual_event_interrupted_by_intersection_rs
ParkingCutIn,Town12_Rep0_3295_1_route0_01_09_19_45_55,37,R4,U-E3,R-E4|U-E3,R-E4,U-E3,U-E3,R1,R4,6,1.5,24,0,12,unusual_still_active,unusual_event_interrupted_by_intersection_rs
ParkingCutIn,Town12_Rep0_3295_1_route0_01_09_19_45_55,38,R4,U-E3,R-E4|U-E3,R-E4,U-E3,U-E3,R1,R4,7,1.75,24,0,12,unusual_still_active,unusual_event_interrupted_by_intersection_rs
ParkingCutIn,Town12_Rep0_3295_1_route0_01_09_19_45_55,39,R4,U-E3,R-E4|U-E3,R-E4,U-E3,U-E3,R1,R4,8,2.0,24,0,12,unusual_still_active,unusual_event_interrupted_by_intersection_rs
ParkingCutIn,Town12_Rep0_3295_1_route0_01_09_19_45_55,40,R4,U-E3,R-E4|U-E3,R-E4,U-E3,U-E3,R1,R4,9,2.25,24,0,12,unusual_still_active,unusual_event_interrupted_by_intersection_rs
ParkingCutIn,Town12_Rep0_3295_1_route0_01_09_19_45_55,41,R4,U-E3,R-E4|U-E3,R-E4,U-E3,U-E3,R1,R4,10,2.5,24,0,12,unusual_still_active,unusual_event_interrupted_by_intersection_rs
ParkingCutIn,Town12_Rep0_3295_1_route0_01_09_19_45_55,42,R4,U-E3,R-E4|U-E3,R-E4,U-E3,U-E3,R1,R4,11,2.75,24,0,12,unusual_still_active,unusual_event_interrupted_by_intersection_rs
ParkingCutIn,Town12_Rep0_3295_1_route0_01_09_19_45_55,43,R4,U-E3,R-E4|U-E3,R-E4,U-E3,U-E3,R1,R4,12,3.0,24,0,12,unusual_still_active,unusual_event_interrupted_by_intersection_rs
ParkingCutIn,Town12_Rep0_3295_1_route0_01_09_19_45_55,44,R4,U-E3,R-E4|U-E3,R-E4,U-E3,U-E3,R1,R4,13,3.25,24,0,12,unusual_still_active,unusual_event_interrupted_by_intersection_rs
ParkingCutIn,Town12_Rep0_3295_1_route0_01_09_19_45_55,45,R4,U-E3,R-E4|U-E3,R-E4,U-E3,U-E3,R1,R4,14,3.5,24,0,12,unusual_still_active,unusual_event_interrupted_by_intersection_rs
ParkingCutIn,Town12_Rep0_3295_1_route0_01_09_19_45_55,46,R4,U-E3,R-E4|U-E3,R-E4,U-E3,U-E3,R1,R4,15,3.75,24,0,12,unusual_still_active,unusual_event_interrupted_by_intersection_rs
ParkingCutIn,Town12_Rep0_3295_1_route0_01_09_19_45_55,47,R4,U-E3,R-E4|U-E3,R-E4,U-E3,U-E3,R1,R4,16,4.0,24,0,12,unusual_still_active,unusual_event_interrupted_by_intersection_rs
ParkingCutIn,Town12_Rep0_3295_1_route0_01_09_19_45_55,48,R4,U-E3,R-E4|U-E3,R-E4,U-E3,U-E3,R1,R4,17,4.25,24,0,12,unusual_still_active,unusual_event_interrupted_by_intersection_rs
ParkingCutIn,Town12_Rep0_3295_1_route0_01_09_19_45_55,49,R4,U-E3,R-E4|U-E3,R-E4,U-E3,U-E3,R1,R4,18,4.5,24,0,12,unusual_still_active,unusual_event_interrupted_by_intersection_rs
ParkingCutIn,Town12_Rep0_3295_1_route0_01_09_19_45_55,50,R4,U-E3,R-E4|U-E3,R-E4,U-E3,U-E3,R1,R4,19,4.75,24,0,12,unusual_still_active,unusual_event_interrupted_by_intersection_rs
ParkingCutIn,Town12_Rep0_3295_1_route0_01_09_19_45_55,51,R4,U-E3,R-E4|U-E3,R-E4,U-E3,U-E3,R1,R4,20,5.0,24,0,12,unusual_still_active,unusual_event_interrupted_by_intersection_rs
ParkingCutIn,Town12_Rep0_3295_1_route0_01_09_19_45_55,52,R4,U-E3,R-E4|U-E3,R-E4,U-E3,U-E3,R1,R4,21,5.25,24,0,12,unusual_still_active,unusual_event_interrupted_by_intersection_rs
ParkingCutIn,Town12_Rep0_3295_1_route0_01_09_19_45_55,53,R4,U-E3,R-E4|U-E3,R-E4,U-E3,U-E3,R1,R4,22,5.5,24,0,12,unusual_still_active,unusual_event_interrupted_by_intersection_rs
ParkingCutIn,Town12_Rep0_3295_1_route0_01_09_19_45_55,54,R4,U-E3,R-E4|U-E3,R-E4,U-E3,U-E3,R1,R4,23,5.75,24,0,12,unusual_still_active,unusual_event_interrupted_by_intersection_rs
ParkingCutIn,Town12_Rep0_3295_1_route0_01_09_19_45_55,55,R4,U-E3,R-E4|U-E3,R-E4,U-E3,U-E3,R1,R4,24,6.0,24,0,12,unusual_still_active,unusual_event_interrupted_by_intersection_rs
ParkingCutIn,Town12_Rep0_3311_0_route0_01_10_03_40_26,70,R5,U-E3,R-E5|U-E3,R-E5,U-E3,U-E3,R1,R5,1,0.25,24,0,12,unusual_still_active,unusual_event_interrupted_by_intersection_rs
ParkingCutIn,Town12_Rep0_3311_0_route0_01_10_03_40_26,71,R5,U-E3,R-E5|U-E3,R-E5,U-E3,U-E3,R1,R5,2,0.5,24,0,12,unusual_still_active,unusual_event_interrupted_by_intersection_rs
ParkingCutIn,Town12_Rep0_3311_0_route0_01_10_03_40_26,72,R5,U-E3,R-E5|U-E3,R-E5,U-E3,U-E3,R1,R5,3,0.75,24,0,12,unusual_still_active,unusual_event_interrupted_by_intersection_rs
ParkingCutIn,Town12_Rep0_3311_0_route0_01_10_03_40_26,73,R5,U-E3,R-E5|U-E3,R-E5,U-E3,U-E3,R1,R5,4,1.0,24,0,12,unusual_still_active,unusual_event_interrupted_by_intersection_rs
ParkingCutIn,Town12_Rep0_3311_0_route0_01_10_03_40_26,74,R5,U-E3,R-E5|U-E3,R-E5,U-E3,U-E3,R1,R5,5,1.25,24,0,12,unusual_still_active,unusual_event_interrupted_by_intersection_rs
ParkingCutIn,Town12_Rep0_3311_0_route0_01_10_03_40_26,75,R5,U-E3,R-E5|U-E3,R-E5,U-E3,U-E3,R1,R5,6,1.5,24,0,12,unusual_still_active,unusual_event_interrupted_by_intersection_rs
ParkingCutIn,Town12_Rep0_3720_0_route0_01_08_23_43_25,27,R4,U-E3,R-E4|U-E3,R-E4,U-E3,U-E3,R1,R4,1,0.25,24,0,12,unusual_still_active,unusual_event_interrupted_by_intersection_rs
ParkingCutIn,Town12_Rep0_3720_0_route0_01_08_23_43_25,28,R4,U-E3,R-E4|U-E3,R-E4,U-E3,U-E3,R1,R4,2,0.5,24,0,12,unusual_still_active,unusual_event_interrupted_by_intersection_rs
ParkingCutIn,Town12_Rep0_3720_0_route0_01_08_23_43_25,29,R4,U-E3,R-E4|U-E3,R-E4,U-E3,U-E3,R1,R4,3,0.75,24,0,12,unusual_still_active,unusual_event_interrupted_by_intersection_rs
ParkingCutIn,Town12_Rep0_3720_0_route0_01_08_23_43_25,30,R4,U-E3,R-E4|U-E3,R-E4,U-E3,U-E3,R1,R4,4,1.0,24,0,12,unusual_still_active,unusual_event_interrupted_by_intersection_rs
ParkingCutIn,Town12_Rep0_3720_0_route0_01_08_23_43_25,31,R4,U-E3,R-E4|U-E3,R-E4,U-E3,U-E3,R1,R4,5,1.25,24,0,12,unusual_still_active,unusual_event_interrupted_by_intersection_rs
ParkingCutIn,Town12_Rep0_3720_0_route0_01_08_23_43_25,32,R4,U-E3,R-E4|U-E3,R-E4,U-E3,U-E3,R1,R4,6,1.5,24,0,12,unusual_still_active,unusual_event_interrupted_by_intersection_rs
ParkingCutIn,Town12_Rep0_3720_0_route0_01_08_23_43_25,33,R4,U-E3,R-E4|U-E3,R-E4,U-E3,U-E3,R1,R4,7,1.75,24,0,12,unusual_still_active,unusual_event_interrupted_by_intersection_rs
ParkingCutIn,Town12_Rep0_3720_0_route0_01_08_23_43_25,34,R4,U-E3,R-E4|U-E3,R-E4,U-E3,U-E3,R1,R4,8,2.0,24,0,12,unusual_still_active,unusual_event_interrupted_by_intersection_rs
ParkingCutIn,Town12_Rep0_3720_0_route0_01_08_23_43_25,35,R4,U-E3,R-E4|U-E3,R-E4,U-E3,U-E3,R1,R4,9,2.25,24,0,12,unusual_still_active,unusual_event_interrupted_by_intersection_rs
ParkingCutIn,Town12_Rep0_3720_0_route0_01_08_23_43_25,36,R4,U-E3,R-E4|U-E3,R-E4,U-E3,U-E3,R1,R4,10,2.5,24,0,12,unusual_still_active,unusual_event_interrupted_by_intersection_rs
ParkingCutIn,Town12_Rep0_3720_0_route0_01_08_23_43_25,37,R4,U-E3,R-E4|U-E3,R-E4,U-E3,U-E3,R1,R4,11,2.75,24,0,12,unusual_still_active,unusual_event_interrupted_by_intersection_rs
ParkingCutIn,Town12_Rep0_3720_0_route0_01_08_23_43_25,38,R4,U-E3,R-E4|U-E3,R-E4,U-E3,U-E3,R1,R4,12,3.0,24,0,12,unusual_still_active,unusual_event_interrupted_by_intersection_rs
ParkingCutIn,Town12_Rep0_3720_0_route0_01_08_23_43_25,39,R4,U-E3,R-E4|U-E3,R-E4,U-E3,U-E3,R1,R4,13,3.25,24,0,12,unusual_still_active,unusual_event_interrupted_by_intersection_rs
ParkingCutIn,Town12_Rep0_3720_0_route0_01_08_23_43_25,40,R4,U-E3,R-E4|U-E3,R-E4,U-E3,U-E3,R1,R4,14,3.5,24,0,12,unusual_still_active,unusual_event_interrupted_by_intersection_rs
ParkingCutIn,Town12_Rep0_3720_0_route0_01_08_23_43_25,41,R4,U-E3,R-E4|U-E3,R-E4,U-E3,U-E3,R1,R4,15,3.75,24,0,12,unusual_still_active,unusual_event_interrupted_by_intersection_rs
ParkingCutIn,Town12_Rep0_3720_0_route0_01_08_23_43_25,42,R4,U-E3,R-E4|U-E3,R-E4,U-E3,U-E3,R1,R4,16,4.0,24,0,12,unusual_still_active,unusual_event_interrupted_by_intersection_rs
ParkingCutIn,Town12_Rep0_3720_0_route0_01_08_23_43_25,43,R4,U-E3,R-E4|U-E3,R-E4,U-E3,U-E3,R1,R4,17,4.25,24,0,12,unusual_still_active,unusual_event_interrupted_by_intersection_rs
ParkingCutIn,Town12_Rep0_3720_0_route0_01_08_23_43_25,44,R4,U-E3,R-E4|U-E3,R-E4,U-E3,U-E3,R1,R4,18,4.5,24,0,12,unusual_still_active,unusual_event_interrupted_by_intersection_rs
ParkingCutIn,Town12_Rep0_3720_0_route0_01_08_23_43_25,45,R4,U-E3,R-E4|U-E3,R-E4,U-E3,U-E3,R1,R4,19,4.75,24,0,12,unusual_still_active,unusual_event_interrupted_by_intersection_rs
ParkingCutIn,Town12_Rep0_3720_0_route0_01_08_23_43_25,46,R4,U-E3,R-E4|U-E3,R-E4,U-E3,U-E3,R1,R4,20,5.0,24,0,12,unusual_still_active,unusual_event_interrupted_by_intersection_rs
ParkingCutIn,Town12_Rep0_3720_0_route0_01_08_23_43_25,47,R4,U-E3,R-E4|U-E3,R-E4,U-E3,U-E3,R1,R4,21,5.25,24,0,12,unusual_still_active,unusual_event_interrupted_by_intersection_rs
ParkingCutIn,Town12_Rep0_3720_0_route0_01_08_23_43_25,48,R4,U-E3,R-E4|U-E3,R-E4,U-E3,U-E3,R1,R4,22,5.5,24,0,12,unusual_still_active,unusual_event_interrupted_by_intersection_rs
ParkingCutIn,Town12_Rep0_3720_0_route0_01_08_23_43_25,49,R4,U-E3,R-E4|U-E3,R-E4,U-E3,U-E3,R1,R4,23,5.75,24,0,12,unusual_still_active,unusual_event_interrupted_by_intersection_rs
ParkingCutIn,Town12_Rep0_3720_0_route0_01_08_23_43_25,50,R4,U-E3,R-E4|U-E3,R-E4,U-E3,U-E3,R1,R4,24,6.0,24,0,12,unusual_still_active,unusual_event_interrupted_by_intersection_rs
ParkingCutIn,Town12_Rep0_3720_1_route0_01_09_04_31_08,29,R4,U-E3,R-E4|U-E3,R-E4,U-E3,U-E3,R1,R4,1,0.25,24,0,12,unusual_still_active,unusual_event_interrupted_by_intersection_rs
ParkingCutIn,Town12_Rep0_3720_1_route0_01_09_04_31_08,30,R4,U-E3,R-E4|U-E3,R-E4,U-E3,U-E3,R1,R4,2,0.5,24,0,12,unusual_still_active,unusual_event_interrupted_by_intersection_rs
ParkingCutIn,Town12_Rep0_3720_1_route0_01_09_04_31_08,31,R4,U-E3,R-E4|U-E3,R-E4,U-E3,U-E3,R1,R4,3,0.75,24,0,12,unusual_still_active,unusual_event_interrupted_by_intersection_rs
ParkingCutIn,Town12_Rep0_3720_1_route0_01_09_04_31_08,32,R4,U-E3,R-E4|U-E3,R-E4,U-E3,U-E3,R1,R4,4,1.0,24,0,12,unusual_still_active,unusual_event_interrupted_by_intersection_rs
ParkingCutIn,Town12_Rep0_3720_1_route0_01_09_04_31_08,33,R4,U-E3,R-E4|U-E3,R-E4,U-E3,U-E3,R1,R4,5,1.25,24,0,12,unusual_still_active,unusual_event_interrupted_by_intersection_rs
ParkingCutIn,Town12_Rep0_3720_1_route0_01_09_04_31_08,34,R4,U-E3,R-E4|U-E3,R-E4,U-E3,U-E3,R1,R4,6,1.5,24,0,12,unusual_still_active,unusual_event_interrupted_by_intersection_rs
ParkingCutIn,Town12_Rep0_3720_1_route0_01_09_04_31_08,35,R4,U-E3,R-E4|U-E3,R-E4,U-E3,U-E3,R1,R4,7,1.75,24,0,12,unusual_still_active,unusual_event_interrupted_by_intersection_rs
ParkingCutIn,Town12_Rep0_3720_1_route0_01_09_04_31_08,36,R4,U-E3,R-E4|U-E3,R-E4,U-E3,U-E3,R1,R4,8,2.0,24,0,12,unusual_still_active,unusual_event_interrupted_by_intersection_rs
ParkingCutIn,Town12_Rep0_3720_1_route0_01_09_04_31_08,37,R4,U-E3,R-E4|U-E3,R-E4,U-E3,U-E3,R1,R4,9,2.25,24,0,12,unusual_still_active,unusual_event_interrupted_by_intersection_rs
ParkingCutIn,Town12_Rep0_3720_1_route0_01_09_04_31_08,38,R4,U-E3,R-E4|U-E3,R-E4,U-E3,U-E3,R1,R4,10,2.5,24,0,12,unusual_still_active,unusual_event_interrupted_by_intersection_rs
ParkingCutIn,Town12_Rep0_3720_1_route0_01_09_04_31_08,39,R4,U-E3,R-E4|U-E3,R-E4,U-E3,U-E3,R1,R4,11,2.75,24,0,12,unusual_still_active,unusual_event_interrupted_by_intersection_rs
ParkingCutIn,Town12_Rep0_3720_1_route0_01_09_04_31_08,40,R4,U-E3,R-E4|U-E3,R-E4,U-E3,U-E3,R1,R4,12,3.0,24,0,12,unusual_still_active,unusual_event_interrupted_by_intersection_rs
ParkingCutIn,Town12_Rep0_3720_1_route0_01_09_04_31_08,41,R4,U-E3,R-E4|U-E3,R-E4,U-E3,U-E3,R1,R4,13,3.25,24,0,12,unusual_still_active,unusual_event_interrupted_by_intersection_rs
ParkingCutIn,Town12_Rep0_3720_1_route0_01_09_04_31_08,42,R4,U-E3,R-E4|U-E3,R-E4,U-E3,U-E3,R1,R4,14,3.5,24,0,12,unusual_still_active,unusual_event_interrupted_by_intersection_rs
ParkingCutIn,Town12_Rep0_3720_1_route0_01_09_04_31_08,43,R4,U-E3,R-E4|U-E3,R-E4,U-E3,U-E3,R1,R4,15,3.75,24,0,12,unusual_still_active,unusual_event_interrupted_by_intersection_rs
ParkingCutIn,Town12_Rep0_3720_1_route0_01_09_04_31_08,44,R4,U-E3,R-E4|U-E3,R-E4,U-E3,U-E3,R1,R4,16,4.0,24,0,12,unusual_still_active,unusual_event_interrupted_by_intersection_rs
ParkingCutIn,Town12_Rep0_3720_1_route0_01_09_04_31_08,45,R4,U-E3,R-E4|U-E3,R-E4,U-E3,U-E3,R1,R4,17,4.25,24,0,12,unusual_still_active,unusual_event_interrupted_by_intersection_rs
ParkingCutIn,Town12_Rep0_3720_1_route0_01_09_04_31_08,46,R4,U-E3,R-E4|U-E3,R-E4,U-E3,U-E3,R1,R4,18,4.5,24,0,12,unusual_still_active,unusual_event_interrupted_by_intersection_rs
ParkingCutIn,Town12_Rep0_3720_1_route0_01_09_04_31_08,47,R4,U-E3,R-E4|U-E3,R-E4,U-E3,U-E3,R1,R4,19,4.75,24,0,12,unusual_still_active,unusual_event_interrupted_by_intersection_rs
ParkingCutIn,Town12_Rep0_3720_1_route0_01_09_04_31_08,48,R4,U-E3,R-E4|U-E3,R-E4,U-E3,U-E3,R1,R4,20,5.0,24,0,12,unusual_still_active,unusual_event_interrupted_by_intersection_rs
ParkingCutIn,Town12_Rep0_3720_1_route0_01_09_04_31_08,49,R4,U-E3,R-E4|U-E3,R-E4,U-E3,U-E3,R1,R4,21,5.25,24,0,12,unusual_still_active,unusual_event_interrupted_by_intersection_rs
ParkingCutIn,Town12_Rep0_3720_1_route0_01_09_04_31_08,50,R4,U-E3,R-E4|U-E3,R-E4,U-E3,U-E3,R1,R4,22,5.5,24,0,12,unusual_still_active,unusual_event_interrupted_by_intersection_rs
ParkingCutIn,Town12_Rep0_3720_1_route0_01_09_04_31_08,51,R4,U-E3,R-E4|U-E3,R-E4,U-E3,U-E3,R1,R4,23,5.75,24,0,12,unusual_still_active,unusual_event_interrupted_by_intersection_rs
ParkingCutIn,Town12_Rep0_3720_1_route0_01_09_04_31_08,52,R4,U-E3,R-E4|U-E3,R-E4,U-E3,U-E3,R1,R4,24,6.0,24,0,12,unusual_still_active,unusual_event_interrupted_by_intersection_rs
ParkingCutIn,Town12_Rep0_3895_0_route0_01_09_13_00_18,28,R4,U-E3,R-E4|U-E3,R-E4,U-E3,U-E3,R1,R4,1,0.25,24,0,12,unusual_still_active,unusual_event_interrupted_by_intersection_rs
ParkingCutIn,Town12_Rep0_3895_0_route0_01_09_13_00_18,29,R4,U-E3,R-E4|U-E3,R-E4,U-E3,U-E3,R1,R4,2,0.5,24,0,12,unusual_still_active,unusual_event_interrupted_by_intersection_rs
ParkingCutIn,Town12_Rep0_3895_0_route0_01_09_13_00_18,30,R4,U-E3,R-E4|U-E3,R-E4,U-E3,U-E3,R1,R4,3,0.75,24,0,12,unusual_still_active,unusual_event_interrupted_by_intersection_rs
ParkingCutIn,Town12_Rep0_3895_0_route0_01_09_13_00_18,31,R4,U-E3,R-E4|U-E3,R-E4,U-E3,U-E3,R1,R4,4,1.0,24,0,12,unusual_still_active,unusual_event_interrupted_by_intersection_rs
ParkingCutIn,Town12_Rep0_3895_0_route0_01_09_13_00_18,32,R4,U-E3,R-E4|U-E3,R-E4,U-E3,U-E3,R1,R4,5,1.25,24,0,12,unusual_still_active,unusual_event_interrupted_by_intersection_rs
ParkingCutIn,Town12_Rep0_3895_0_route0_01_09_13_00_18,33,R4,U-E3,R-E4|U-E3,R-E4,U-E3,U-E3,R1,R4,6,1.5,24,0,12,unusual_still_active,unusual_event_interrupted_by_intersection_rs
ParkingCutIn,Town12_Rep0_3895_0_route0_01_09_13_00_18,34,R4,U-E3,R-E4|U-E3,R-E4,U-E3,U-E3,R1,R4,7,1.75,24,0,12,unusual_still_active,unusual_event_interrupted_by_intersection_rs
ParkingCutIn,Town12_Rep0_3895_0_route0_01_09_13_00_18,35,R4,U-E3,R-E4|U-E3,R-E4,U-E3,U-E3,R1,R4,8,2.0,24,0,12,unusual_still_active,unusual_event_interrupted_by_intersection_rs
ParkingCutIn,Town12_Rep0_3895_0_route0_01_09_13_00_18,36,R4,U-E3,R-E4|U-E3,R-E4,U-E3,U-E3,R1,R4,9,2.25,24,0,12,unusual_still_active,unusual_event_interrupted_by_intersection_rs
ParkingCutIn,Town12_Rep0_3895_0_route0_01_09_13_00_18,37,R4,U-E3,R-E4|U-E3,R-E4,U-E3,U-E3,R1,R4,10,2.5,24,0,12,unusual_still_active,unusual_event_interrupted_by_intersection_rs
ParkingCutIn,Town12_Rep0_3895_0_route0_01_09_13_00_18,38,R4,U-E3,R-E4|U-E3,R-E4,U-E3,U-E3,R1,R4,11,2.75,24,0,12,unusual_still_active,unusual_event_interrupted_by_intersection_rs
ParkingCutIn,Town12_Rep0_3895_0_route0_01_09_13_00_18,39,R4,U-E3,R-E4|U-E3,R-E4,U-E3,U-E3,R1,R4,12,3.0,24,0,12,unusual_still_active,unusual_event_interrupted_by_intersection_rs
ParkingCutIn,Town12_Rep0_3895_0_route0_01_09_13_00_18,40,R4,U-E3,R-E4|U-E3,R-E4,U-E3,U-E3,R1,R4,13,3.25,24,0,12,unusual_still_active,unusual_event_interrupted_by_intersection_rs
ParkingCutIn,Town12_Rep0_3895_0_route0_01_09_13_00_18,41,R4,U-E3,R-E4|U-E3,R-E4,U-E3,U-E3,R1,R4,14,3.5,24,0,12,unusual_still_active,unusual_event_interrupted_by_intersection_rs
ParkingCutIn,Town12_Rep0_3895_0_route0_01_09_13_00_18,42,R4,U-E3,R-E4|U-E3,R-E4,U-E3,U-E3,R1,R4,15,3.75,24,0,12,unusual_still_active,unusual_event_interrupted_by_intersection_rs
ParkingCutIn,Town12_Rep0_3895_0_route0_01_09_13_00_18,43,R4,U-E3,R-E4|U-E3,R-E4,U-E3,U-E3,R1,R4,16,4.0,24,0,12,unusual_still_active,unusual_event_interrupted_by_intersection_rs
ParkingCutIn,Town12_Rep0_3895_0_route0_01_09_13_00_18,44,R4,U-E3,R-E4|U-E3,R-E4,U-E3,U-E3,R1,R4,17,4.25,24,0,12,unusual_still_active,unusual_event_interrupted_by_intersection_rs
ParkingCutIn,Town12_Rep0_3895_0_route0_01_09_13_00_18,45,R4,U-E3,R-E4|U-E3,R-E4,U-E3,U-E3,R1,R4,18,4.5,24,0,12,unusual_still_active,unusual_event_interrupted_by_intersection_rs
ParkingCutIn,Town12_Rep0_3895_0_route0_01_09_13_00_18,46,R4,U-E3,R-E4|U-E3,R-E4,U-E3,U-E3,R1,R4,19,4.75,24,0,12,unusual_still_active,unusual_event_interrupted_by_intersection_rs
ParkingCutIn,Town12_Rep0_3895_0_route0_01_09_13_00_18,47,R4,U-E3,R-E4|U-E3,R-E4,U-E3,U-E3,R1,R4,20,5.0,24,0,12,unusual_still_active,unusual_event_interrupted_by_intersection_rs
ParkingCutIn,Town12_Rep0_3895_0_route0_01_09_13_00_18,48,R4,U-E3,R-E4|U-E3,R-E4,U-E3,U-E3,R1,R4,21,5.25,24,0,12,unusual_still_active,unusual_event_interrupted_by_intersection_rs
ParkingCutIn,Town12_Rep0_3895_0_route0_01_09_13_00_18,49,R4,U-E3,R-E4|U-E3,R-E4,U-E3,U-E3,R1,R4,22,5.5,24,0,12,unusual_still_active,unusual_event_interrupted_by_intersection_rs
ParkingCutIn,Town12_Rep0_3895_0_route0_01_09_13_00_18,50,R4,U-E3,R-E4|U-E3,R-E4,U-E3,U-E3,R1,R4,23,5.75,24,0,12,unusual_still_active,unusual_event_interrupted_by_intersection_rs
ParkingCutIn,Town12_Rep0_3895_0_route0_01_09_13_00_18,51,R4,U-E3,R-E4|U-E3,R-E4,U-E3,U-E3,R1,R4,24,6.0,24,0,12,unusual_still_active,unusual_event_interrupted_by_intersection_rs
ParkingCutIn,Town12_Rep0_607_0_route0_01_08_14_34_13,52,R4,U-E3,R-E4|U-E3,R-E4,U-E3,U-E3,R1,R4,1,0.25,24,0,12,unusual_still_active,unusual_event_interrupted_by_intersection_rs
ParkingCutIn,Town12_Rep0_607_0_route0_01_08_14_34_13,53,R4,U-E3,R-E4|U-E3,R-E4,U-E3,U-E3,R1,R4,2,0.5,24,0,12,unusual_still_active,unusual_event_interrupted_by_intersection_rs
ParkingCutIn,Town12_Rep0_607_0_route0_01_08_14_34_13,54,R4,U-E3,R-E4|U-E3,R-E4,U-E3,U-E3,R1,R4,3,0.75,24,0,12,unusual_still_active,unusual_event_interrupted_by_intersection_rs
ParkingCutIn,Town12_Rep0_607_0_route0_01_08_14_34_13,55,R4,U-E3,R-E4|U-E3,R-E4,U-E3,U-E3,R1,R4,4,1.0,24,0,12,unusual_still_active,unusual_event_interrupted_by_intersection_rs
ParkingCutIn,Town12_Rep0_607_0_route0_01_08_14_34_13,56,R4,U-E3,R-E4|U-E3,R-E4,U-E3,U-E3,R1,R4,5,1.25,24,0,12,unusual_still_active,unusual_event_interrupted_by_intersection_rs
ParkingCutIn,Town12_Rep0_607_0_route0_01_08_14_34_13,57,R4,U-E3,R-E4|U-E3,R-E4,U-E3,U-E3,R1,R4,6,1.5,24,0,12,unusual_still_active,unusual_event_interrupted_by_intersection_rs
ParkingCutIn,Town12_Rep0_607_0_route0_01_08_14_34_13,58,R4,U-E3,R-E4|U-E3,R-E4,U-E3,U-E3,R1,R4,7,1.75,24,0,12,unusual_still_active,unusual_event_interrupted_by_intersection_rs
ParkingCutIn,Town12_Rep0_607_0_route0_01_08_14_34_13,59,R4,U-E3,R-E4|U-E3,R-E4,U-E3,U-E3,R1,R4,8,2.0,24,0,12,unusual_still_active,unusual_event_interrupted_by_intersection_rs
ParkingCutIn,Town12_Rep0_607_0_route0_01_08_14_34_13,60,R4,U-E3,R-E4|U-E3,R-E4,U-E3,U-E3,R1,R4,9,2.25,24,0,12,unusual_still_active,unusual_event_interrupted_by_intersection_rs
ParkingCutIn,Town12_Rep0_607_0_route0_01_08_14_34_13,61,R4,U-E3,R-E4|U-E3,R-E4,U-E3,U-E3,R1,R4,10,2.5,24,0,12,unusual_still_active,unusual_event_interrupted_by_intersection_rs
ParkingCutIn,Town12_Rep0_607_0_route0_01_08_14_34_13,62,R4,U-E3,R-E4|U-E3,R-E4,U-E3,U-E3,R1,R4,11,2.75,24,0,12,unusual_still_active,unusual_event_interrupted_by_intersection_rs
ParkingCutIn,Town12_Rep0_607_0_route0_01_08_14_34_13,63,R4,U-E3,R-E4|U-E3,R-E4,U-E3,U-E3,R1,R4,12,3.0,24,0,12,unusual_still_active,unusual_event_interrupted_by_intersection_rs
ParkingCutIn,Town12_Rep0_607_0_route0_01_08_14_34_13,64,R4,U-E3,R-E4|U-E3,R-E4,U-E3,U-E3,R1,R4,13,3.25,24,0,12,unusual_still_active,unusual_event_interrupted_by_intersection_rs
ParkingCutIn,Town12_Rep0_607_0_route0_01_08_14_34_13,65,R4,U-E3,R-E4|U-E3,R-E4,U-E3,U-E3,R1,R4,14,3.5,24,0,12,unusual_still_active,unusual_event_interrupted_by_intersection_rs
ParkingCutIn,Town12_Rep0_607_0_route0_01_08_14_34_13,66,R4,U-E3,R-E4|U-E3,R-E4,U-E3,U-E3,R1,R4,15,3.75,24,0,12,unusual_still_active,unusual_event_interrupted_by_intersection_rs
ParkingCutIn,Town12_Rep0_607_0_route0_01_08_14_34_13,67,R4,U-E3,R-E4|U-E3,R-E4,U-E3,U-E3,R1,R4,16,4.0,24,0,12,unusual_still_active,unusual_event_interrupted_by_intersection_rs
ParkingCutIn,Town12_Rep0_607_0_route0_01_08_14_34_13,68,R4,U-E3,R-E4|U-E3,R-E4,U-E3,U-E3,R1,R4,17,4.25,24,0,12,unusual_still_active,unusual_event_interrupted_by_intersection_rs
ParkingCutIn,Town12_Rep0_607_0_route0_01_08_14_34_13,69,R4,U-E3,R-E4|U-E3,R-E4,U-E3,U-E3,R1,R4,18,4.5,24,0,12,unusual_still_active,unusual_event_interrupted_by_intersection_rs
ParkingCutIn,Town12_Rep0_607_0_route0_01_08_14_34_13,70,R4,U-E3,R-E4|U-E3,R-E4,U-E3,U-E3,R1,R4,19,4.75,24,0,12,unusual_still_active,unusual_event_interrupted_by_intersection_rs
ParkingCutIn,Town12_Rep0_607_0_route0_01_08_14_34_13,71,R4,U-E3,R-E4|U-E3,R-E4,U-E3,U-E3,R1,R4,20,5.0,24,0,12,unusual_still_active,unusual_event_interrupted_by_intersection_rs
ParkingCutIn,Town12_Rep0_607_0_route0_01_08_14_34_13,72,R4,U-E3,R-E4|U-E3,R-E4,U-E3,U-E3,R1,R4,21,5.25,24,0,12,unusual_still_active,unusual_event_interrupted_by_intersection_rs
ParkingCutIn,Town12_Rep0_607_0_route0_01_08_14_34_13,73,R4,U-E3,R-E4|U-E3,R-E4,U-E3,U-E3,R1,R4,22,5.5,24,0,12,unusual_still_active,unusual_event_interrupted_by_intersection_rs
ParkingCutIn,Town12_Rep0_607_0_route0_01_08_14_34_13,74,R4,U-E3,R-E4|U-E3,R-E4,U-E3,U-E3,R1,R4,23,5.75,24,0,12,unusual_still_active,unusual_event_interrupted_by_intersection_rs
ParkingCutIn,Town12_Rep0_607_0_route0_01_08_14_34_13,75,R4,U-E3,R-E4|U-E3,R-E4,U-E3,U-E3,R1,R4,24,6.0,24,0,12,unusual_still_active,unusual_event_interrupted_by_intersection_rs
ParkingCutIn,Town12_Rep0_815_0_route0_01_11_07_21_33,213,R4,U-E3,R-E4|U-E3,R-E4,U-E3,U-E3,R1,R4,1,0.25,24,0,12,unusual_still_active,unusual_event_interrupted_by_intersection_rs
ParkingCutIn,Town12_Rep0_815_0_route0_01_11_07_21_33,214,R4,U-E3,R-E4|U-E3,R-E4,U-E3,U-E3,R1,R4,2,0.5,24,0,12,unusual_still_active,unusual_event_interrupted_by_intersection_rs
ParkingCutIn,Town12_Rep0_815_0_route0_01_11_07_21_33,215,R4,U-E3,R-E4|U-E3,R-E4,U-E3,U-E3,R1,R4,3,0.75,24,0,12,unusual_still_active,unusual_event_interrupted_by_intersection_rs
ParkingCutIn,Town12_Rep0_815_0_route0_01_11_07_21_33,216,R4,U-E3,R-E4|U-E3,R-E4,U-E3,U-E3,R1,R4,4,1.0,24,0,12,unusual_still_active,unusual_event_interrupted_by_intersection_rs
ParkingCutIn,Town12_Rep0_815_0_route0_01_11_07_21_33,217,R4,U-E3,R-E4|U-E3,R-E4,U-E3,U-E3,R1,R4,5,1.25,24,0,12,unusual_still_active,unusual_event_interrupted_by_intersection_rs
ParkingCutIn,Town12_Rep0_815_0_route0_01_11_07_21_33,218,R4,U-E3,R-E4|U-E3,R-E4,U-E3,U-E3,R1,R4,6,1.5,24,0,12,unusual_still_active,unusual_event_interrupted_by_intersection_rs
ParkingCutIn,Town12_Rep0_815_0_route0_01_11_07_21_33,219,R4,U-E3,R-E4|U-E3,R-E4,U-E3,U-E3,R1,R4,7,1.75,24,0,12,unusual_still_active,unusual_event_interrupted_by_intersection_rs
ParkingCutIn,Town12_Rep0_815_0_route0_01_11_07_21_33,220,R4,U-E3,R-E4|U-E3,R-E4,U-E3,U-E3,R1,R4,8,2.0,24,0,12,unusual_still_active,unusual_event_interrupted_by_intersection_rs
ParkingCutIn,Town12_Rep0_815_0_route0_01_11_07_21_33,221,R4,U-E3,R-E4|U-E3,R-E4,U-E3,U-E3,R1,R4,9,2.25,24,0,12,unusual_still_active,unusual_event_interrupted_by_intersection_rs
ParkingCutIn,Town12_Rep0_815_0_route0_01_11_07_21_33,222,R4,U-E3,R-E4|U-E3,R-E4,U-E3,U-E3,R1,R4,10,2.5,24,0,12,unusual_still_active,unusual_event_interrupted_by_intersection_rs
ParkingCutIn,Town12_Rep0_815_0_route0_01_11_07_21_33,223,R4,U-E3,R-E4|U-E3,R-E4,U-E3,U-E3,R1,R4,11,2.75,24,0,12,unusual_still_active,unusual_event_interrupted_by_intersection_rs
ParkingCutIn,Town12_Rep0_815_0_route0_01_11_07_21_33,224,R4,U-E3,R-E4|U-E3,R-E4,U-E3,U-E3,R1,R4,12,3.0,24,0,12,unusual_still_active,unusual_event_interrupted_by_intersection_rs
ParkingCutIn,Town12_Rep0_815_0_route0_01_11_07_21_33,225,R4,U-E3,R-E4|U-E3,R-E4,U-E3,U-E3,R1,R4,13,3.25,24,0,12,unusual_still_active,unusual_event_interrupted_by_intersection_rs
ParkingCutIn,Town12_Rep0_815_0_route0_01_11_07_21_33,226,R4,U-E3,R-E4|U-E3,R-E4,U-E3,U-E3,R1,R4,14,3.5,24,0,12,unusual_still_active,unusual_event_interrupted_by_intersection_rs
ParkingCutIn,Town12_Rep0_815_0_route0_01_11_07_21_33,227,R4,U-E3,R-E4|U-E3,R-E4,U-E3,U-E3,R1,R4,15,3.75,24,0,12,unusual_still_active,unusual_event_interrupted_by_intersection_rs
ParkingCutIn,Town12_Rep0_815_0_route0_01_11_07_21_33,228,R4,U-E3,R-E4|U-E3,R-E4,U-E3,U-E3,R1,R4,16,4.0,24,0,12,unusual_still_active,unusual_event_interrupted_by_intersection_rs
ParkingCutIn,Town12_Rep0_815_0_route0_01_11_07_21_33,229,R4,U-E3,R-E4|U-E3,R-E4,U-E3,U-E3,R1,R4,17,4.25,24,0,12,unusual_still_active,unusual_event_interrupted_by_intersection_rs
ParkingCutIn,Town12_Rep0_815_0_route0_01_11_07_21_33,230,R4,U-E3,R-E4|U-E3,R-E4,U-E3,U-E3,R1,R4,18,4.5,24,0,12,unusual_still_active,unusual_event_interrupted_by_intersection_rs
ParkingCutIn,Town12_Rep0_815_0_route0_01_11_07_21_33,231,R4,U-E3,R-E4|U-E3,R-E4,U-E3,U-E3,R1,R4,19,4.75,24,0,12,unusual_still_active,unusual_event_interrupted_by_intersection_rs
ParkingCutIn,Town12_Rep0_815_0_route0_01_11_07_21_33,232,R4,U-E3,R-E4|U-E3,R-E4,U-E3,U-E3,R1,R4,20,5.0,24,0,12,unusual_still_active,unusual_event_interrupted_by_intersection_rs
ParkingCutIn,Town12_Rep0_815_0_route0_01_11_07_21_33,233,R4,U-E3,R-E4|U-E3,R-E4,U-E3,U-E3,R1,R4,21,5.25,24,0,12,unusual_still_active,unusual_event_interrupted_by_intersection_rs
ParkingCutIn,Town12_Rep0_815_0_route0_01_11_07_21_33,234,R4,U-E3,R-E4|U-E3,R-E4,U-E3,U-E3,R1,R4,22,5.5,24,0,12,unusual_still_active,unusual_event_interrupted_by_intersection_rs
ParkingCutIn,Town12_Rep0_815_0_route0_01_11_07_21_33,235,R4,U-E3,R-E4|U-E3,R-E4,U-E3,U-E3,R1,R4,23,5.75,24,0,12,unusual_still_active,unusual_event_interrupted_by_intersection_rs
ParkingCutIn,Town12_Rep0_815_0_route0_01_11_07_21_33,236,R4,U-E3,R-E4|U-E3,R-E4,U-E3,U-E3,R1,R4,24,6.0,24,0,12,unusual_still_active,unusual_event_interrupted_by_intersection_rs
PedestrianCrossing,Town12_Rep0_2679_0_route0_01_09_06_50_41,32,R5,U-E4,R-E5|U-E4,R-E5,U-E4,U-E4,R1,R5,1,0.25,24,0,12,unusual_still_active,unusual_event_interrupted_by_intersection_rs
PedestrianCrossing,Town12_Rep0_2679_0_route0_01_09_06_50_41,33,R5,U-E4,R-E5|U-E4,R-E5,U-E4,U-E4,R1,R5,2,0.5,24,0,12,unusual_still_active,unusual_event_interrupted_by_intersection_rs
PedestrianCrossing,Town12_Rep0_2679_0_route0_01_09_06_50_41,34,R5,U-E4,R-E5|U-E4,R-E5,U-E4,U-E4,R1,R5,3,0.75,24,0,12,unusual_still_active,unusual_event_interrupted_by_intersection_rs
PedestrianCrossing,Town12_Rep0_2679_0_route0_01_09_06_50_41,35,R5,U-E4,R-E5|U-E4,R-E5,U-E4,U-E4,R1,R5,4,1.0,24,0,12,unusual_still_active,unusual_event_interrupted_by_intersection_rs
PedestrianCrossing,Town12_Rep0_2679_0_route0_01_09_06_50_41,36,R5,U-E4,R-E5|U-E4,R-E5,U-E4,U-E4,R1,R5,5,1.25,24,0,12,unusual_still_active,unusual_event_interrupted_by_intersection_rs
PedestrianCrossing,Town12_Rep0_2679_0_route0_01_09_06_50_41,37,R5,U-E4,R-E5|U-E4,R-E5,U-E4,U-E4,R1,R5,6,1.5,24,0,12,unusual_still_active,unusual_event_interrupted_by_intersection_rs
PedestrianCrossing,Town12_Rep0_2679_0_route0_01_09_06_50_41,38,R5,U-E4,R-E5|U-E4,R-E5,U-E4,U-E4,R1,R5,7,1.75,24,0,12,unusual_still_active,unusual_event_interrupted_by_intersection_rs
PedestrianCrossing,Town12_Rep0_2679_0_route0_01_09_06_50_41,39,R5,U-E4,R-E5|U-E4,R-E5,U-E4,U-E4,R1,R5,8,2.0,24,0,12,unusual_still_active,unusual_event_interrupted_by_intersection_rs
PedestrianCrossing,Town12_Rep0_2679_0_route0_01_09_06_50_41,40,R5,U-E4,R-E5|U-E4,R-E5,U-E4,U-E4,R1,R5,9,2.25,24,0,12,unusual_still_active,unusual_event_interrupted_by_intersection_rs
PedestrianCrossing,Town12_Rep0_2679_0_route0_01_09_06_50_41,41,R5,U-E4,R-E5|U-E4,R-E5,U-E4,U-E4,R1,R5,10,2.5,24,0,12,unusual_still_active,unusual_event_interrupted_by_intersection_rs
PedestrianCrossing,Town12_Rep0_2679_0_route0_01_09_06_50_41,42,R5,U-E4,R-E5|U-E4,R-E5,U-E4,U-E4,R1,R5,11,2.75,24,0,12,unusual_still_active,unusual_event_interrupted_by_intersection_rs
PedestrianCrossing,Town12_Rep0_2679_0_route0_01_09_06_50_41,43,R5,U-E4,R-E5|U-E4,R-E5,U-E4,U-E4,R1,R5,12,3.0,24,0,12,unusual_still_active,unusual_event_interrupted_by_intersection_rs
PedestrianCrossing,Town12_Rep0_2679_0_route0_01_09_06_50_41,44,R5,U-E4,R-E5|U-E4,R-E5,U-E4,U-E4,R1,R5,13,3.25,24,0,12,unusual_still_active,unusual_event_interrupted_by_intersection_rs
PedestrianCrossing,Town12_Rep0_2679_0_route0_01_09_06_50_41,45,R5,U-E4,R-E5|U-E4,R-E5,U-E4,U-E4,R1,R5,14,3.5,24,0,12,unusual_still_active,unusual_event_interrupted_by_intersection_rs
PedestrianCrossing,Town12_Rep0_2679_0_route0_01_09_06_50_41,46,R5,U-E4,R-E5|U-E4,R-E5,U-E4,U-E4,R1,R5,15,3.75,24,0,12,unusual_still_active,unusual_event_interrupted_by_intersection_rs
PedestrianCrossing,Town12_Rep0_2679_0_route0_01_09_06_50_41,47,R5,U-E4,R-E5|U-E4,R-E5,U-E4,U-E4,R1,R5,16,4.0,24,0,12,unusual_still_active,unusual_event_interrupted_by_intersection_rs
PedestrianCrossing,Town12_Rep0_2679_0_route0_01_09_06_50_41,48,R5,U-E4,R-E5|U-E4,R-E5,U-E4,U-E4,R1,R5,17,4.25,24,0,12,unusual_still_active,unusual_event_interrupted_by_intersection_rs
PedestrianCrossing,Town12_Rep0_2679_0_route0_01_09_06_50_41,49,R5,U-E4,R-E5|U-E4,R-E5,U-E4,U-E4,R1,R5,18,4.5,24,0,12,unusual_still_active,unusual_event_interrupted_by_intersection_rs
PedestrianCrossing,Town12_Rep0_2679_0_route0_01_09_06_50_41,50,R5,U-E4,R-E5|U-E4,R-E5,U-E4,U-E4,R1,R5,19,4.75,24,0,12,unusual_still_active,unusual_event_interrupted_by_intersection_rs
PedestrianCrossing,Town12_Rep0_2679_0_route0_01_09_06_50_41,51,R5,U-E4,R-E5|U-E4,R-E5,U-E4,U-E4,R1,R5,20,5.0,24,0,12,unusual_still_active,unusual_event_interrupted_by_intersection_rs
PedestrianCrossing,Town12_Rep0_2679_0_route0_01_09_06_50_41,52,R5,U-E4,R-E5|U-E4,R-E5,U-E4,U-E4,R1,R5,21,5.25,24,0,12,unusual_still_active,unusual_event_interrupted_by_intersection_rs
PedestrianCrossing,Town12_Rep0_2679_0_route0_01_09_06_50_41,53,R5,U-E4,R-E5|U-E4,R-E5,U-E4,U-E4,R1,R5,22,5.5,24,0,12,unusual_still_active,unusual_event_interrupted_by_intersection_rs
PedestrianCrossing,Town12_Rep0_2679_0_route0_01_09_06_50_41,54,R5,U-E4,R-E5|U-E4,R-E5,U-E4,U-E4,R1,R5,23,5.75,24,0,12,unusual_still_active,unusual_event_interrupted_by_intersection_rs
PedestrianCrossing,Town12_Rep0_2679_0_route0_01_09_06_50_41,55,R5,U-E4,R-E5|U-E4,R-E5,U-E4,U-E4,R1,R5,24,6.0,24,0,12,unusual_still_active,unusual_event_interrupted_by_intersection_rs
PedestrianCrossing,Town13_Rep0_13_0_route0_01_09_02_23_44,28,R5,U-E4,R-E5|U-E4,R-E5,U-E4,U-E4,R1,R5,1,0.25,24,0,12,unusual_still_active,unusual_event_interrupted_by_intersection_rs
PedestrianCrossing,Town13_Rep0_13_0_route0_01_09_02_23_44,29,R5,U-E4,R-E5|U-E4,R-E5,U-E4,U-E4,R1,R5,2,0.5,24,0,12,unusual_still_active,unusual_event_interrupted_by_intersection_rs
PedestrianCrossing,Town13_Rep0_13_0_route0_01_09_02_23_44,30,R5,U-E4,R-E5|U-E4,R-E5,U-E4,U-E4,R1,R5,3,0.75,24,0,12,unusual_still_active,unusual_event_interrupted_by_intersection_rs
PedestrianCrossing,Town13_Rep0_13_0_route0_01_09_02_23_44,31,R5,U-E4,R-E5|U-E4,R-E5,U-E4,U-E4,R1,R5,4,1.0,24,0,12,unusual_still_active,unusual_event_interrupted_by_intersection_rs
PedestrianCrossing,Town13_Rep0_13_0_route0_01_09_02_23_44,32,R5,U-E4,R-E5|U-E4,R-E5,U-E4,U-E4,R1,R5,5,1.25,24,0,12,unusual_still_active,unusual_event_interrupted_by_intersection_rs
PedestrianCrossing,Town13_Rep0_13_0_route0_01_09_02_23_44,33,R5,U-E4,R-E5|U-E4,R-E5,U-E4,U-E4,R1,R5,6,1.5,24,0,12,unusual_still_active,unusual_event_interrupted_by_intersection_rs
PedestrianCrossing,Town13_Rep0_13_0_route0_01_09_02_23_44,34,R5,U-E4,R-E5|U-E4,R-E5,U-E4,U-E4,R1,R5,7,1.75,24,0,12,unusual_still_active,unusual_event_interrupted_by_intersection_rs
PedestrianCrossing,Town13_Rep0_13_0_route0_01_09_02_23_44,35,R5,U-E4,R-E5|U-E4,R-E5,U-E4,U-E4,R1,R5,8,2.0,24,0,12,unusual_still_active,unusual_event_interrupted_by_intersection_rs
PedestrianCrossing,Town13_Rep0_13_0_route0_01_09_02_23_44,36,R5,U-E4,R-E5|U-E4,R-E5,U-E4,U-E4,R1,R5,9,2.25,24,0,12,unusual_still_active,unusual_event_interrupted_by_intersection_rs
PedestrianCrossing,Town13_Rep0_13_0_route0_01_09_02_23_44,37,R5,U-E4,R-E5|U-E4,R-E5,U-E4,U-E4,R1,R5,10,2.5,24,0,12,unusual_still_active,unusual_event_interrupted_by_intersection_rs
PedestrianCrossing,Town13_Rep0_13_0_route0_01_09_02_23_44,38,R5,U-E4,R-E5|U-E4,R-E5,U-E4,U-E4,R1,R5,11,2.75,24,0,12,unusual_still_active,unusual_event_interrupted_by_intersection_rs
PedestrianCrossing,Town13_Rep0_13_0_route0_01_09_02_23_44,39,R5,U-E4,R-E5|U-E4,R-E5,U-E4,U-E4,R1,R5,12,3.0,24,0,12,unusual_still_active,unusual_event_interrupted_by_intersection_rs
PedestrianCrossing,Town13_Rep0_13_0_route0_01_09_02_23_44,40,R5,U-E4,R-E5|U-E4,R-E5,U-E4,U-E4,R1,R5,13,3.25,24,0,12,unusual_still_active,unusual_event_interrupted_by_intersection_rs
PedestrianCrossing,Town13_Rep0_13_0_route0_01_09_02_23_44,41,R5,U-E4,R-E5|U-E4,R-E5,U-E4,U-E4,R1,R5,14,3.5,24,0,12,unusual_still_active,unusual_event_interrupted_by_intersection_rs
PedestrianCrossing,Town13_Rep0_13_0_route0_01_09_02_23_44,42,R5,U-E4,R-E5|U-E4,R-E5,U-E4,U-E4,R1,R5,15,3.75,24,0,12,unusual_still_active,unusual_event_interrupted_by_intersection_rs
PedestrianCrossing,Town13_Rep0_13_0_route0_01_09_02_23_44,43,R5,U-E4,R-E5|U-E4,R-E5,U-E4,U-E4,R1,R5,16,4.0,24,0,12,unusual_still_active,unusual_event_interrupted_by_intersection_rs
PedestrianCrossing,Town13_Rep0_13_0_route0_01_09_02_23_44,44,R5,U-E4,R-E5|U-E4,R-E5,U-E4,U-E4,R1,R5,17,4.25,24,0,12,unusual_still_active,unusual_event_interrupted_by_intersection_rs
PedestrianCrossing,Town13_Rep0_13_0_route0_01_09_02_23_44,45,R5,U-E4,R-E5|U-E4,R-E5,U-E4,U-E4,R1,R5,18,4.5,24,0,12,unusual_still_active,unusual_event_interrupted_by_intersection_rs
PedestrianCrossing,Town13_Rep0_13_0_route0_01_09_02_23_44,46,R5,U-E4,R-E5|U-E4,R-E5,U-E4,U-E4,R1,R5,19,4.75,24,0,12,unusual_still_active,unusual_event_interrupted_by_intersection_rs
PedestrianCrossing,Town13_Rep0_13_0_route0_01_09_02_23_44,47,R5,U-E4,R-E5|U-E4,R-E5,U-E4,U-E4,R1,R5,20,5.0,24,0,12,unusual_still_active,unusual_event_interrupted_by_intersection_rs
PedestrianCrossing,Town13_Rep0_13_0_route0_01_09_02_23_44,48,R5,U-E4,R-E5|U-E4,R-E5,U-E4,U-E4,R1,R5,21,5.25,24,0,12,unusual_still_active,unusual_event_interrupted_by_intersection_rs
PedestrianCrossing,Town13_Rep0_13_0_route0_01_09_02_23_44,49,R5,U-E4,R-E5|U-E4,R-E5,U-E4,U-E4,R1,R5,22,5.5,24,0,12,unusual_still_active,unusual_event_interrupted_by_intersection_rs
PedestrianCrossing,Town13_Rep0_13_0_route0_01_09_02_23_44,50,R5,U-E4,R-E5|U-E4,R-E5,U-E4,U-E4,R1,R5,23,5.75,24,0,12,unusual_still_active,unusual_event_interrupted_by_intersection_rs
PedestrianCrossing,Town13_Rep0_13_0_route0_01_09_02_23_44,51,R5,U-E4,R-E5|U-E4,R-E5,U-E4,U-E4,R1,R5,24,6.0,24,0,12,unusual_still_active,unusual_event_interrupted_by_intersection_rs
VehicleOpensDoorTwoWays,Town12_Rep0_3315_0_route0_01_08_13_44_23,250,R4,U-E2,R-E4|U-E2,R-E4,U-E2,U-E2,R2,R4,1,0.25,24,0,12,unusual_still_active,unusual_event_interrupted_by_intersection_rs
VehicleOpensDoorTwoWays,Town12_Rep0_3315_0_route0_01_08_13_44_23,251,R4,U-E2,R-E4|U-E2,R-E4,U-E2,U-E2,R2,R4,2,0.5,24,0,12,unusual_still_active,unusual_event_interrupted_by_intersection_rs
VehicleOpensDoorTwoWays,Town12_Rep0_3315_0_route0_01_08_13_44_23,252,R4,U-E2,R-E4|U-E2,R-E4,U-E2,U-E2,R2,R4,3,0.75,24,0,12,unusual_still_active,unusual_event_interrupted_by_intersection_rs
VehicleOpensDoorTwoWays,Town12_Rep0_3315_0_route0_01_08_13_44_23,253,R4,R-E2,R-E2|R-E4,R-E4,R-E2,U-E2,R2,R4,4,1.0,24,1,12,recovery_to_target_lane,unusual_event_interrupted_by_intersection_rs
VehicleOpensDoorTwoWays,Town12_Rep0_3315_0_route0_01_08_13_44_23,254,R4,U-E2,R-E4|U-E2,R-E4,U-E2,U-E2,R2,R4,5,1.25,24,0,12,unusual_still_active,unusual_event_interrupted_by_intersection_rs
VehicleOpensDoorTwoWays,Town12_Rep0_3315_0_route0_01_08_13_44_23,255,R4,R-E2,R-E2|R-E4,R-E4,R-E2,U-E2,R2,R4,6,1.5,24,1,12,recovery_to_target_lane,unusual_event_interrupted_by_intersection_rs
VehicleOpensDoorTwoWays,Town12_Rep0_3315_0_route0_01_08_13_44_23,256,R4,U-E2,R-E4|U-E2,R-E4,U-E2,U-E2,R2,R4,7,1.75,24,0,12,unusual_still_active,unusual_event_interrupted_by_intersection_rs
VehicleOpensDoorTwoWays,Town12_Rep0_3315_0_route0_01_08_13_44_23,257,R4,U-E2,R-E4|U-E2,R-E4,U-E2,U-E2,R2,R4,8,2.0,24,0,12,unusual_still_active,unusual_event_interrupted_by_intersection_rs
VehicleOpensDoorTwoWays,Town12_Rep0_3315_0_route0_01_08_13_44_23,258,R4,U-E2,R-E4|U-E2,R-E4,U-E2,U-E2,R2,R4,9,2.25,24,0,12,unusual_still_active,unusual_event_interrupted_by_intersection_rs
VehicleOpensDoorTwoWays,Town12_Rep0_3315_0_route0_01_08_13_44_23,259,R4,U-E2,R-E4|U-E2,R-E4,U-E2,U-E2,R2,R4,10,2.5,24,0,12,unusual_still_active,unusual_event_interrupted_by_intersection_rs
VehicleOpensDoorTwoWays,Town12_Rep0_3315_0_route0_01_08_13_44_23,260,R4,R-E2,R-E2|R-E4,R-E4,R-E2,U-E2,R2,R4,11,2.75,24,1,12,recovery_to_target_lane,unusual_event_interrupted_by_intersection_rs
VehicleOpensDoorTwoWays,Town12_Rep0_3315_0_route0_01_08_13_44_23,261,R4,R-E2,R-E2|R-E4,R-E4,R-E2,U-E2,R2,R4,12,3.0,24,2,12,recovery_to_target_lane,unusual_event_interrupted_by_intersection_rs
VehicleOpensDoorTwoWays,Town12_Rep0_3315_0_route0_01_08_13_44_23,262,R4,U-E2,R-E4|U-E2,R-E4,U-E2,U-E2,R2,R4,13,3.25,24,0,12,unusual_still_active,unusual_event_interrupted_by_intersection_rs
VehicleOpensDoorTwoWays,Town12_Rep0_3315_0_route0_01_08_13_44_23,263,R4,R-E2,R-E2|R-E4,R-E4,R-E2,U-E2,R2,R4,14,3.5,24,1,12,recovery_to_target_lane,unusual_event_interrupted_by_intersection_rs
VehicleOpensDoorTwoWays,Town12_Rep0_3315_0_route0_01_08_13_44_23,264,R4,U-E2,R-E4|U-E2,R-E4,U-E2,U-E2,R2,R4,15,3.75,24,0,12,unusual_still_active,unusual_event_interrupted_by_intersection_rs
VehicleOpensDoorTwoWays,Town12_Rep0_3315_0_route0_01_08_13_44_23,265,R4,U-E2,R-E4|U-E2,R-E4,U-E2,U-E2,R2,R4,16,4.0,24,0,12,unusual_still_active,unusual_event_interrupted_by_intersection_rs
VehicleOpensDoorTwoWays,Town12_Rep0_3315_0_route0_01_08_13_44_23,266,R4,R-E2,R-E2|R-E4,R-E4,R-E2,U-E2,R2,R4,17,4.25,24,1,12,recovery_to_target_lane,unusual_event_interrupted_by_intersection_rs
VehicleOpensDoorTwoWays,Town12_Rep0_3315_0_route0_01_08_13_44_23,267,R4,U-E2,R-E4|U-E2,R-E4,U-E2,U-E2,R2,R4,18,4.5,24,0,12,unusual_still_active,unusual_event_interrupted_by_intersection_rs
VehicleOpensDoorTwoWays,Town12_Rep0_3315_0_route0_01_08_13_44_23,268,R4,U-E2,R-E4|U-E2,R-E4,U-E2,U-E2,R2,R4,19,4.75,24,0,12,unusual_still_active,unusual_event_interrupted_by_intersection_rs
VehicleOpensDoorTwoWays,Town12_Rep0_3315_0_route0_01_08_13_44_23,269,R4,R-E2,R-E2|R-E4,R-E4,R-E2,U-E2,R2,R4,20,5.0,24,1,12,recovery_to_target_lane,unusual_event_interrupted_by_intersection_rs
VehicleOpensDoorTwoWays,Town12_Rep0_3315_0_route0_01_08_13_44_23,270,R4,R-E2,R-E2|R-E4,R-E4,R-E2,U-E2,R2,R4,21,5.25,24,2,12,recovery_to_target_lane,unusual_event_interrupted_by_intersection_rs
VehicleOpensDoorTwoWays,Town12_Rep0_3315_0_route0_01_08_13_44_23,271,R4,R-E2,R-E2|R-E4,R-E4,R-E2,U-E2,R2,R4,22,5.5,24,3,12,recovery_to_target_lane,unusual_event_interrupted_by_intersection_rs
VehicleOpensDoorTwoWays,Town12_Rep0_3315_0_route0_01_08_13_44_23,272,R4,U-E2,R-E4|U-E2,R-E4,U-E2,U-E2,R2,R4,23,5.75,24,0,12,unusual_still_active,unusual_event_interrupted_by_intersection_rs
VehicleOpensDoorTwoWays,Town12_Rep0_3315_0_route0_01_08_13_44_23,273,R4,R-E2,R-E2|R-E4,R-E4,R-E2,U-E2,R2,R4,24,6.0,24,1,12,recovery_to_target_lane,unusual_event_interrupted_by_intersection_rs
VehicleOpensDoorTwoWays,Town12_Rep0_549_0_route0_01_09_07_00_25,54,R4,U-E2,R-E4|U-E2,R-E4,U-E2,U-E2,R2,R4,1,0.25,24,0,12,unusual_still_active,unusual_event_interrupted_by_intersection_rs
VehicleOpensDoorTwoWays,Town12_Rep0_549_0_route0_01_09_07_00_25,55,R4,U-E2,R-E4|U-E2,R-E4,U-E2,U-E2,R2,R4,2,0.5,24,0,12,unusual_still_active,unusual_event_interrupted_by_intersection_rs
VehicleOpensDoorTwoWays,Town12_Rep0_549_0_route0_01_09_07_00_25,56,R4,R-E2,R-E2|R-E4,R-E4,R-E2,U-E2,R2,R4,3,0.75,24,1,12,recovery_to_target_lane,unusual_event_interrupted_by_intersection_rs
VehicleOpensDoorTwoWays,Town12_Rep0_549_0_route0_01_09_07_00_25,57,R4,U-E2,R-E4|U-E2,R-E4,U-E2,U-E2,R2,R4,4,1.0,24,0,12,unusual_still_active,unusual_event_interrupted_by_intersection_rs
VehicleOpensDoorTwoWays,Town12_Rep0_549_0_route0_01_09_07_00_25,58,R4,U-E2,R-E4|U-E2,R-E4,U-E2,U-E2,R2,R4,5,1.25,24,0,12,unusual_still_active,unusual_event_interrupted_by_intersection_rs
VehicleOpensDoorTwoWays,Town12_Rep0_549_0_route0_01_09_07_00_25,59,R4,R-E2,R-E2|R-E4,R-E4,R-E2,U-E2,R2,R4,6,1.5,24,1,12,recovery_to_target_lane,unusual_event_interrupted_by_intersection_rs
VehicleOpensDoorTwoWays,Town12_Rep0_549_0_route0_01_09_07_00_25,60,R4,U-E2,R-E4|U-E2,R-E4,U-E2,U-E2,R2,R4,7,1.75,24,0,12,unusual_still_active,unusual_event_interrupted_by_intersection_rs
VehicleOpensDoorTwoWays,Town12_Rep0_549_0_route0_01_09_07_00_25,61,R4,U-E2,R-E4|U-E2,R-E4,U-E2,U-E2,R2,R4,8,2.0,24,0,12,unusual_still_active,unusual_event_interrupted_by_intersection_rs
VehicleOpensDoorTwoWays,Town12_Rep0_549_0_route0_01_09_07_00_25,62,R4,U-E2,R-E4|U-E2,R-E4,U-E2,U-E2,R2,R4,9,2.25,24,0,12,unusual_still_active,unusual_event_interrupted_by_intersection_rs
VehicleOpensDoorTwoWays,Town12_Rep0_549_0_route0_01_09_07_00_25,63,R4,U-E2,R-E4|U-E2,R-E4,U-E2,U-E2,R2,R4,10,2.5,24,0,12,unusual_still_active,unusual_event_interrupted_by_intersection_rs
VehicleOpensDoorTwoWays,Town12_Rep0_549_0_route0_01_09_07_00_25,64,R4,U-E2,R-E4|U-E2,R-E4,U-E2,U-E2,R2,R4,11,2.75,24,0,12,unusual_still_active,unusual_event_interrupted_by_intersection_rs
VehicleOpensDoorTwoWays,Town12_Rep0_549_0_route0_01_09_07_00_25,65,R4,R-E2,R-E2|R-E4,R-E4,R-E2,U-E2,R2,R4,12,3.0,24,1,12,recovery_to_target_lane,unusual_event_interrupted_by_intersection_rs
VehicleOpensDoorTwoWays,Town12_Rep0_549_0_route0_01_09_07_00_25,66,R4,U-E2,R-E4|U-E2,R-E4,U-E2,U-E2,R2,R4,13,3.25,24,0,12,unusual_still_active,unusual_event_interrupted_by_intersection_rs
VehicleOpensDoorTwoWays,Town12_Rep0_549_0_route0_01_09_07_00_25,67,R4,U-E2,R-E4|U-E2,R-E4,U-E2,U-E2,R2,R4,14,3.5,24,0,12,unusual_still_active,unusual_event_interrupted_by_intersection_rs
VehicleOpensDoorTwoWays,Town12_Rep0_549_0_route0_01_09_07_00_25,68,R4,U-E2,R-E4|U-E2,R-E4,U-E2,U-E2,R2,R4,15,3.75,24,0,12,unusual_still_active,unusual_event_interrupted_by_intersection_rs
VehicleOpensDoorTwoWays,Town12_Rep0_549_0_route0_01_09_07_00_25,69,R4,U-E2,R-E4|U-E2,R-E4,U-E2,U-E2,R2,R4,16,4.0,24,0,12,unusual_still_active,unusual_event_interrupted_by_intersection_rs
VehicleOpensDoorTwoWays,Town12_Rep0_549_0_route0_01_09_07_00_25,70,R4,U-E2,R-E4|U-E2,R-E4,U-E2,U-E2,R2,R4,17,4.25,24,0,12,unusual_still_active,unusual_event_interrupted_by_intersection_rs
VehicleOpensDoorTwoWays,Town12_Rep0_549_0_route0_01_09_07_00_25,71,R4,U-E2,R-E4|U-E2,R-E4,U-E2,U-E2,R2,R4,18,4.5,24,0,12,unusual_still_active,unusual_event_interrupted_by_intersection_rs
VehicleOpensDoorTwoWays,Town12_Rep0_549_0_route0_01_09_07_00_25,72,R4,R-E2,R-E2|R-E4,R-E4,R-E2,U-E2,R2,R4,19,4.75,24,1,12,recovery_to_target_lane,unusual_event_interrupted_by_intersection_rs
VehicleOpensDoorTwoWays,Town12_Rep0_549_0_route0_01_09_07_00_25,73,R4,R-E2,R-E2|R-E4,R-E4,R-E2,U-E2,R2,R4,20,5.0,24,2,12,recovery_to_target_lane,unusual_event_interrupted_by_intersection_rs
VehicleOpensDoorTwoWays,Town12_Rep0_549_0_route0_01_09_07_00_25,74,R4,R-E2,R-E2|R-E4,R-E4,R-E2,U-E2,R2,R4,21,5.25,24,3,12,recovery_to_target_lane,unusual_event_interrupted_by_intersection_rs
VehicleOpensDoorTwoWays,Town12_Rep0_549_0_route0_01_09_07_00_25,75,R4,R-E2,R-E2|R-E4,R-E4,R-E2,U-E2,R2,R4,22,5.5,24,4,12,recovery_to_target_lane,unusual_event_interrupted_by_intersection_rs
VehicleOpensDoorTwoWays,Town12_Rep0_549_0_route0_01_09_07_00_25,76,R4,R-E2,R-E2|R-E4,R-E4,R-E2,U-E2,R2,R4,23,5.75,24,5,12,recovery_to_target_lane,unusual_event_interrupted_by_intersection_rs
VehicleOpensDoorTwoWays,Town12_Rep0_549_0_route0_01_09_07_00_25,77,R4,R-E2,R-E2|R-E4,R-E4,R-E2,U-E2,R2,R4,24,6.0,24,6,12,recovery_to_target_lane,unusual_event_interrupted_by_intersection_rs
VehicleOpensDoorTwoWays,Town12_Rep0_719_0_route0_01_08_03_34_07,48,R4,U-E2,R-E4|U-E2,R-E4,U-E2,U-E2,R2,R4,1,0.25,24,0,12,unusual_still_active,unusual_event_interrupted_by_intersection_rs
VehicleOpensDoorTwoWays,Town12_Rep0_719_0_route0_01_08_03_34_07,49,R4,R-E2,R-E2|R-E4,R-E4,R-E2,U-E2,R2,R4,2,0.5,24,1,12,recovery_to_target_lane,unusual_event_interrupted_by_intersection_rs
VehicleOpensDoorTwoWays,Town12_Rep0_719_0_route0_01_08_03_34_07,50,R4,U-E2,R-E4|U-E2,R-E4,U-E2,U-E2,R2,R4,3,0.75,24,0,12,unusual_still_active,unusual_event_interrupted_by_intersection_rs
VehicleOpensDoorTwoWays,Town12_Rep0_719_0_route0_01_08_03_34_07,51,R4,U-E2,R-E4|U-E2,R-E4,U-E2,U-E2,R2,R4,4,1.0,24,0,12,unusual_still_active,unusual_event_interrupted_by_intersection_rs
VehicleOpensDoorTwoWays,Town12_Rep0_719_0_route0_01_08_03_34_07,52,R4,R-E2,R-E2|R-E4,R-E4,R-E2,U-E2,R2,R4,5,1.25,24,1,12,recovery_to_target_lane,unusual_event_interrupted_by_intersection_rs
VehicleOpensDoorTwoWays,Town12_Rep0_719_0_route0_01_08_03_34_07,53,R4,U-E2,R-E4|U-E2,R-E4,U-E2,U-E2,R2,R4,6,1.5,24,0,12,unusual_still_active,unusual_event_interrupted_by_intersection_rs
VehicleOpensDoorTwoWays,Town12_Rep0_719_0_route0_01_08_03_34_07,54,R4,U-E2,R-E4|U-E2,R-E4,U-E2,U-E2,R2,R4,7,1.75,24,0,12,unusual_still_active,unusual_event_interrupted_by_intersection_rs
VehicleOpensDoorTwoWays,Town12_Rep0_719_0_route0_01_08_03_34_07,55,R4,U-E2,R-E4|U-E2,R-E4,U-E2,U-E2,R2,R4,8,2.0,24,0,12,unusual_still_active,unusual_event_interrupted_by_intersection_rs
VehicleOpensDoorTwoWays,Town12_Rep0_719_0_route0_01_08_03_34_07,56,R4,R-E2,R-E2|R-E4,R-E4,R-E2,U-E2,R2,R4,9,2.25,24,1,12,recovery_to_target_lane,unusual_event_interrupted_by_intersection_rs
VehicleOpensDoorTwoWays,Town12_Rep0_719_0_route0_01_08_03_34_07,57,R4,U-E2,R-E4|U-E2,R-E4,U-E2,U-E2,R2,R4,10,2.5,24,0,12,unusual_still_active,unusual_event_interrupted_by_intersection_rs
VehicleOpensDoorTwoWays,Town12_Rep0_719_0_route0_01_08_03_34_07,58,R4,R-E2,R-E2|R-E4,R-E4,R-E2,U-E2,R2,R4,11,2.75,24,1,12,recovery_to_target_lane,unusual_event_interrupted_by_intersection_rs
VehicleOpensDoorTwoWays,Town12_Rep0_719_0_route0_01_08_03_34_07,59,R4,R-E2,R-E2|R-E4,R-E4,R-E2,U-E2,R2,R4,12,3.0,24,2,12,recovery_to_target_lane,unusual_event_interrupted_by_intersection_rs
VehicleOpensDoorTwoWays,Town12_Rep0_719_0_route0_01_08_03_34_07,60,R4,R-E2,R-E2|R-E4,R-E4,R-E2,U-E2,R2,R4,13,3.25,24,3,12,recovery_to_target_lane,unusual_event_interrupted_by_intersection_rs
VehicleOpensDoorTwoWays,Town12_Rep0_719_0_route0_01_08_03_34_07,61,R4,R-E2,R-E2|R-E4,R-E4,R-E2,U-E2,R2,R4,14,3.5,24,4,12,recovery_to_target_lane,unusual_event_interrupted_by_intersection_rs
VehicleOpensDoorTwoWays,Town12_Rep0_719_0_route0_01_08_03_34_07,62,R4,R-E2,R-E2|R-E4,R-E4,R-E2,U-E2,R2,R4,15,3.75,24,5,12,recovery_to_target_lane,unusual_event_interrupted_by_intersection_rs
VehicleOpensDoorTwoWays,Town12_Rep0_719_0_route0_01_08_03_34_07,63,R4,R-E2,R-E2|R-E4,R-E4,R-E2,U-E2,R2,R4,16,4.0,24,6,12,recovery_to_target_lane,unusual_event_interrupted_by_intersection_rs
VehicleOpensDoorTwoWays,Town12_Rep0_719_0_route0_01_08_03_34_07,64,R4,R-E2,R-E2|R-E4,R-E4,R-E2,U-E2,R2,R4,17,4.25,24,7,12,recovery_to_target_lane,unusual_event_interrupted_by_intersection_rs
VehicleOpensDoorTwoWays,Town12_Rep0_719_0_route0_01_08_03_34_07,65,R4,R-E2,R-E2|R-E4,R-E4,R-E2,U-E2,R2,R4,18,4.5,24,8,12,recovery_to_target_lane,unusual_event_interrupted_by_intersection_rs
VehicleOpensDoorTwoWays,Town12_Rep0_719_0_route0_01_08_03_34_07,66,R4,R-E2,R-E2|R-E4,R-E4,R-E2,U-E2,R2,R4,19,4.75,24,9,12,recovery_to_target_lane,unusual_event_interrupted_by_intersection_rs
VehicleOpensDoorTwoWays,Town12_Rep0_719_0_route0_01_08_03_34_07,67,R4,R-E2,R-E2|R-E4,R-E4,R-E2,U-E2,R2,R4,20,5.0,24,10,12,recovery_to_target_lane,unusual_event_interrupted_by_intersection_rs
VehicleOpensDoorTwoWays,Town12_Rep0_719_0_route0_01_08_03_34_07,68,R4,U-E2,R-E4|U-E2,R-E4,U-E2,U-E2,R2,R4,21,5.25,24,0,12,unusual_still_active,unusual_event_interrupted_by_intersection_rs
VehicleOpensDoorTwoWays,Town12_Rep0_719_0_route0_01_08_03_34_07,69,R4,R-E2,R-E2|R-E4,R-E4,R-E2,U-E2,R2,R4,22,5.5,24,1,12,recovery_to_target_lane,unusual_event_interrupted_by_intersection_rs
VehicleOpensDoorTwoWays,Town12_Rep0_719_0_route0_01_08_03_34_07,70,R4,R-E2,R-E2|R-E4,R-E4,R-E2,U-E2,R2,R4,23,5.75,24,2,12,recovery_to_target_lane,unusual_event_interrupted_by_intersection_rs
VehicleOpensDoorTwoWays,Town12_Rep0_719_0_route0_01_08_03_34_07,71,R4,U-E2,R-E4|U-E2,R-E4,U-E2,U-E2,R2,R4,24,6.0,24,0,12,unusual_still_active,unusual_event_interrupted_by_intersection_rs
VehicleOpensDoorTwoWays,Town12_Rep0_719_1_route0_01_10_21_42_02,48,R4,U-E2,R-E4|U-E2,R-E4,U-E2,U-E2,R2,R4,1,0.25,24,0,12,unusual_still_active,unusual_event_interrupted_by_intersection_rs
VehicleOpensDoorTwoWays,Town12_Rep0_719_1_route0_01_10_21_42_02,49,R4,R-E2,R-E2|R-E4,R-E4,R-E2,U-E2,R2,R4,2,0.5,24,1,12,recovery_to_target_lane,unusual_event_interrupted_by_intersection_rs
VehicleOpensDoorTwoWays,Town12_Rep0_719_1_route0_01_10_21_42_02,50,R4,R-E2,R-E2|R-E4,R-E4,R-E2,U-E2,R2,R4,3,0.75,24,2,12,recovery_to_target_lane,unusual_event_interrupted_by_intersection_rs
VehicleOpensDoorTwoWays,Town12_Rep0_719_1_route0_01_10_21_42_02,51,R4,U-E2,R-E4|U-E2,R-E4,U-E2,U-E2,R2,R4,4,1.0,24,0,12,unusual_still_active,unusual_event_interrupted_by_intersection_rs
VehicleOpensDoorTwoWays,Town12_Rep0_719_1_route0_01_10_21_42_02,52,R4,R-E2,R-E2|R-E4,R-E4,R-E2,U-E2,R2,R4,5,1.25,24,1,12,recovery_to_target_lane,unusual_event_interrupted_by_intersection_rs
VehicleOpensDoorTwoWays,Town12_Rep0_719_1_route0_01_10_21_42_02,53,R4,U-E2,R-E4|U-E2,R-E4,U-E2,U-E2,R2,R4,6,1.5,24,0,12,unusual_still_active,unusual_event_interrupted_by_intersection_rs
VehicleOpensDoorTwoWays,Town12_Rep0_719_1_route0_01_10_21_42_02,54,R4,U-E2,R-E4|U-E2,R-E4,U-E2,U-E2,R2,R4,7,1.75,24,0,12,unusual_still_active,unusual_event_interrupted_by_intersection_rs
VehicleOpensDoorTwoWays,Town12_Rep0_719_1_route0_01_10_21_42_02,55,R4,U-E2,R-E4|U-E2,R-E4,U-E2,U-E2,R2,R4,8,2.0,24,0,12,unusual_still_active,unusual_event_interrupted_by_intersection_rs
VehicleOpensDoorTwoWays,Town12_Rep0_719_1_route0_01_10_21_42_02,56,R4,R-E2,R-E2|R-E4,R-E4,R-E2,U-E2,R2,R4,9,2.25,24,1,12,recovery_to_target_lane,unusual_event_interrupted_by_intersection_rs
VehicleOpensDoorTwoWays,Town12_Rep0_719_1_route0_01_10_21_42_02,57,R4,U-E2,R-E4|U-E2,R-E4,U-E2,U-E2,R2,R4,10,2.5,24,0,12,unusual_still_active,unusual_event_interrupted_by_intersection_rs
VehicleOpensDoorTwoWays,Town12_Rep0_719_1_route0_01_10_21_42_02,58,R4,R-E2,R-E2|R-E4,R-E4,R-E2,U-E2,R2,R4,11,2.75,24,1,12,recovery_to_target_lane,unusual_event_interrupted_by_intersection_rs
VehicleOpensDoorTwoWays,Town12_Rep0_719_1_route0_01_10_21_42_02,59,R4,R-E2,R-E2|R-E4,R-E4,R-E2,U-E2,R2,R4,12,3.0,24,2,12,recovery_to_target_lane,unusual_event_interrupted_by_intersection_rs
VehicleOpensDoorTwoWays,Town12_Rep0_719_1_route0_01_10_21_42_02,60,R4,R-E2,R-E2|R-E4,R-E4,R-E2,U-E2,R2,R4,13,3.25,24,3,12,recovery_to_target_lane,unusual_event_interrupted_by_intersection_rs
VehicleOpensDoorTwoWays,Town12_Rep0_719_1_route0_01_10_21_42_02,61,R4,R-E2,R-E2|R-E4,R-E4,R-E2,U-E2,R2,R4,14,3.5,24,4,12,recovery_to_target_lane,unusual_event_interrupted_by_intersection_rs
VehicleOpensDoorTwoWays,Town12_Rep0_719_1_route0_01_10_21_42_02,62,R4,R-E2,R-E2|R-E4,R-E4,R-E2,U-E2,R2,R4,15,3.75,24,5,12,recovery_to_target_lane,unusual_event_interrupted_by_intersection_rs
VehicleOpensDoorTwoWays,Town12_Rep0_719_1_route0_01_10_21_42_02,63,R4,R-E2,R-E2|R-E4,R-E4,R-E2,U-E2,R2,R4,16,4.0,24,6,12,recovery_to_target_lane,unusual_event_interrupted_by_intersection_rs
VehicleOpensDoorTwoWays,Town12_Rep0_719_1_route0_01_10_21_42_02,64,R4,R-E2,R-E2|R-E4,R-E4,R-E2,U-E2,R2,R4,17,4.25,24,7,12,recovery_to_target_lane,unusual_event_interrupted_by_intersection_rs
VehicleOpensDoorTwoWays,Town12_Rep0_719_1_route0_01_10_21_42_02,65,R4,R-E2,R-E2|R-E4,R-E4,R-E2,U-E2,R2,R4,18,4.5,24,8,12,recovery_to_target_lane,unusual_event_interrupted_by_intersection_rs
VehicleOpensDoorTwoWays,Town12_Rep0_719_1_route0_01_10_21_42_02,66,R4,R-E2,R-E2|R-E4,R-E4,R-E2,U-E2,R2,R4,19,4.75,24,9,12,recovery_to_target_lane,unusual_event_interrupted_by_intersection_rs
VehicleOpensDoorTwoWays,Town12_Rep0_719_1_route0_01_10_21_42_02,67,R4,U-E2,R-E4|U-E2,R-E4,U-E2,U-E2,R2,R4,20,5.0,24,0,12,unusual_still_active,unusual_event_interrupted_by_intersection_rs
VehicleOpensDoorTwoWays,Town12_Rep0_719_1_route0_01_10_21_42_02,68,R4,R-E2,R-E2|R-E4,R-E4,R-E2,U-E2,R2,R4,21,5.25,24,1,12,recovery_to_target_lane,unusual_event_interrupted_by_intersection_rs
VehicleOpensDoorTwoWays,Town12_Rep0_719_1_route0_01_10_21_42_02,69,R4,U-E2,R-E4|U-E2,R-E4,U-E2,U-E2,R2,R4,22,5.5,24,0,12,unusual_still_active,unusual_event_interrupted_by_intersection_rs
VehicleOpensDoorTwoWays,Town12_Rep0_719_1_route0_01_10_21_42_02,70,R4,U-E2,R-E4|U-E2,R-E4,U-E2,U-E2,R2,R4,23,5.75,24,0,12,unusual_still_active,unusual_event_interrupted_by_intersection_rs
VehicleOpensDoorTwoWays,Town12_Rep0_719_1_route0_01_10_21_42_02,71,R4,R-E2,R-E2|R-E4,R-E4,R-E2,U-E2,R2,R4,24,6.0,24,1,12,recovery_to_target_lane,unusual_event_interrupted_by_intersection_rs
VehicleOpensDoorTwoWays,Town13_Rep0_1020_0_route0_01_09_22_26_05,159,R4,U-E2,R-E4|U-E2,R-E4,U-E2,U-E2,R2,R4,1,0.25,24,0,12,unusual_still_active,unusual_event_interrupted_by_intersection_rs
VehicleOpensDoorTwoWays,Town13_Rep0_1020_0_route0_01_09_22_26_05,160,R4,U-E2,R-E4|U-E2,R-E4,U-E2,U-E2,R2,R4,2,0.5,24,0,12,unusual_still_active,unusual_event_interrupted_by_intersection_rs
VehicleOpensDoorTwoWays,Town13_Rep0_1020_0_route0_01_09_22_26_05,161,R4,U-E2,R-E4|U-E2,R-E4,U-E2,U-E2,R2,R4,3,0.75,24,0,12,unusual_still_active,unusual_event_interrupted_by_intersection_rs
VehicleOpensDoorTwoWays,Town13_Rep0_1020_0_route0_01_09_22_26_05,162,R4,R-E2,R-E2|R-E4,R-E4,R-E2,U-E2,R2,R4,4,1.0,24,1,12,recovery_to_target_lane,unusual_event_interrupted_by_intersection_rs
VehicleOpensDoorTwoWays,Town13_Rep0_1020_0_route0_01_09_22_26_05,163,R4,U-E2,R-E4|U-E2,R-E4,U-E2,U-E2,R2,R4,5,1.25,24,0,12,unusual_still_active,unusual_event_interrupted_by_intersection_rs
VehicleOpensDoorTwoWays,Town13_Rep0_1020_0_route0_01_09_22_26_05,164,R4,U-E2,R-E4|U-E2,R-E4,U-E2,U-E2,R2,R4,6,1.5,24,0,12,unusual_still_active,unusual_event_interrupted_by_intersection_rs
VehicleOpensDoorTwoWays,Town13_Rep0_1020_0_route0_01_09_22_26_05,165,R4,U-E2,R-E4|U-E2,R-E4,U-E2,U-E2,R2,R4,7,1.75,24,0,12,unusual_still_active,unusual_event_interrupted_by_intersection_rs
VehicleOpensDoorTwoWays,Town13_Rep0_1020_0_route0_01_09_22_26_05,166,R4,U-E2,R-E4|U-E2,R-E4,U-E2,U-E2,R2,R4,8,2.0,24,0,12,unusual_still_active,unusual_event_interrupted_by_intersection_rs
VehicleOpensDoorTwoWays,Town13_Rep0_1020_0_route0_01_09_22_26_05,167,R4,U-E2,R-E4|U-E2,R-E4,U-E2,U-E2,R2,R4,9,2.25,24,0,12,unusual_still_active,unusual_event_interrupted_by_intersection_rs
VehicleOpensDoorTwoWays,Town13_Rep0_1020_0_route0_01_09_22_26_05,168,R4,U-E2,R-E4|U-E2,R-E4,U-E2,U-E2,R2,R4,10,2.5,24,0,12,unusual_still_active,unusual_event_interrupted_by_intersection_rs
VehicleOpensDoorTwoWays,Town13_Rep0_1020_0_route0_01_09_22_26_05,169,R4,U-E2,R-E4|U-E2,R-E4,U-E2,U-E2,R2,R4,11,2.75,24,0,12,unusual_still_active,unusual_event_interrupted_by_intersection_rs
VehicleOpensDoorTwoWays,Town13_Rep0_1020_0_route0_01_09_22_26_05,170,R4,U-E2,R-E4|U-E2,R-E4,U-E2,U-E2,R2,R4,12,3.0,24,0,12,unusual_still_active,unusual_event_interrupted_by_intersection_rs
VehicleOpensDoorTwoWays,Town13_Rep0_1020_0_route0_01_09_22_26_05,171,R4,R-E2,R-E2|R-E4,R-E4,R-E2,U-E2,R2,R4,13,3.25,24,1,12,recovery_to_target_lane,unusual_event_interrupted_by_intersection_rs
VehicleOpensDoorTwoWays,Town13_Rep0_1020_0_route0_01_09_22_26_05,172,R4,R-E2,R-E2|R-E4,R-E4,R-E2,U-E2,R2,R4,14,3.5,24,2,12,recovery_to_target_lane,unusual_event_interrupted_by_intersection_rs
VehicleOpensDoorTwoWays,Town13_Rep0_1020_0_route0_01_09_22_26_05,173,R4,R-E2,R-E2|R-E4,R-E4,R-E2,U-E2,R2,R4,15,3.75,24,3,12,recovery_to_target_lane,unusual_event_interrupted_by_intersection_rs
VehicleOpensDoorTwoWays,Town13_Rep0_1020_0_route0_01_09_22_26_05,174,R4,R-E2,R-E2|R-E4,R-E4,R-E2,U-E2,R2,R4,16,4.0,24,4,12,recovery_to_target_lane,unusual_event_interrupted_by_intersection_rs
VehicleOpensDoorTwoWays,Town13_Rep0_1020_0_route0_01_09_22_26_05,175,R4,R-E2,R-E2|R-E4,R-E4,R-E2,U-E2,R2,R4,17,4.25,24,5,12,recovery_to_target_lane,unusual_event_interrupted_by_intersection_rs
VehicleOpensDoorTwoWays,Town13_Rep0_1020_0_route0_01_09_22_26_05,176,R4,U-E2,R-E4|U-E2,R-E4,U-E2,U-E2,R2,R4,18,4.5,24,0,12,unusual_still_active,unusual_event_interrupted_by_intersection_rs
VehicleOpensDoorTwoWays,Town13_Rep0_1020_0_route0_01_09_22_26_05,177,R4,U-E2,R-E4|U-E2,R-E4,U-E2,U-E2,R2,R4,19,4.75,24,0,12,unusual_still_active,unusual_event_interrupted_by_intersection_rs
VehicleOpensDoorTwoWays,Town13_Rep0_1020_0_route0_01_09_22_26_05,178,R4,U-E2,R-E4|U-E2,R-E4,U-E2,U-E2,R2,R4,20,5.0,24,0,12,unusual_still_active,unusual_event_interrupted_by_intersection_rs
VehicleOpensDoorTwoWays,Town13_Rep0_1020_0_route0_01_09_22_26_05,179,R4,U-E2,R-E4|U-E2,R-E4,U-E2,U-E2,R2,R4,21,5.25,24,0,12,unusual_still_active,unusual_event_interrupted_by_intersection_rs
VehicleOpensDoorTwoWays,Town13_Rep0_1020_0_route0_01_09_22_26_05,180,R4,R-E2,R-E2|R-E4,R-E4,R-E2,U-E2,R2,R4,22,5.5,24,1,12,recovery_to_target_lane,unusual_event_interrupted_by_intersection_rs
VehicleOpensDoorTwoWays,Town13_Rep0_1020_0_route0_01_09_22_26_05,181,R4,U-E2,R-E4|U-E2,R-E4,U-E2,U-E2,R2,R4,23,5.75,24,0,12,unusual_still_active,unusual_event_interrupted_by_intersection_rs
VehicleOpensDoorTwoWays,Town13_Rep0_1020_0_route0_01_09_22_26_05,182,R4,U-E2,R-E4|U-E2,R-E4,U-E2,U-E2,R2,R4,24,6.0,24,0,12,unusual_still_active,unusual_event_interrupted_by_intersection_rs
VehicleOpensDoorTwoWays,Town13_Rep0_1020_1_route0_01_10_20_38_51,159,R4,U-E2,R-E4|U-E2,R-E4,U-E2,U-E2,R2,R4,1,0.25,24,0,12,unusual_still_active,unusual_event_interrupted_by_intersection_rs
VehicleOpensDoorTwoWays,Town13_Rep0_1020_1_route0_01_10_20_38_51,160,R4,U-E2,R-E4|U-E2,R-E4,U-E2,U-E2,R2,R4,2,0.5,24,0,12,unusual_still_active,unusual_event_interrupted_by_intersection_rs
VehicleOpensDoorTwoWays,Town13_Rep0_1020_1_route0_01_10_20_38_51,161,R4,R-E2,R-E2|R-E4,R-E4,R-E2,U-E2,R2,R4,3,0.75,24,1,12,recovery_to_target_lane,unusual_event_interrupted_by_intersection_rs
VehicleOpensDoorTwoWays,Town13_Rep0_1020_1_route0_01_10_20_38_51,162,R4,R-E2,R-E2|R-E4,R-E4,R-E2,U-E2,R2,R4,4,1.0,24,2,12,recovery_to_target_lane,unusual_event_interrupted_by_intersection_rs
VehicleOpensDoorTwoWays,Town13_Rep0_1020_1_route0_01_10_20_38_51,163,R4,U-E2,R-E4|U-E2,R-E4,U-E2,U-E2,R2,R4,5,1.25,24,0,12,unusual_still_active,unusual_event_interrupted_by_intersection_rs
VehicleOpensDoorTwoWays,Town13_Rep0_1020_1_route0_01_10_20_38_51,164,R4,U-E2,R-E4|U-E2,R-E4,U-E2,U-E2,R2,R4,6,1.5,24,0,12,unusual_still_active,unusual_event_interrupted_by_intersection_rs
VehicleOpensDoorTwoWays,Town13_Rep0_1020_1_route0_01_10_20_38_51,165,R4,U-E2,R-E4|U-E2,R-E4,U-E2,U-E2,R2,R4,7,1.75,24,0,12,unusual_still_active,unusual_event_interrupted_by_intersection_rs
VehicleOpensDoorTwoWays,Town13_Rep0_1020_1_route0_01_10_20_38_51,166,R4,U-E2,R-E4|U-E2,R-E4,U-E2,U-E2,R2,R4,8,2.0,24,0,12,unusual_still_active,unusual_event_interrupted_by_intersection_rs
VehicleOpensDoorTwoWays,Town13_Rep0_1020_1_route0_01_10_20_38_51,167,R4,U-E2,R-E4|U-E2,R-E4,U-E2,U-E2,R2,R4,9,2.25,24,0,12,unusual_still_active,unusual_event_interrupted_by_intersection_rs
VehicleOpensDoorTwoWays,Town13_Rep0_1020_1_route0_01_10_20_38_51,168,R4,U-E2,R-E4|U-E2,R-E4,U-E2,U-E2,R2,R4,10,2.5,24,0,12,unusual_still_active,unusual_event_interrupted_by_intersection_rs
VehicleOpensDoorTwoWays,Town13_Rep0_1020_1_route0_01_10_20_38_51,169,R4,U-E2,R-E4|U-E2,R-E4,U-E2,U-E2,R2,R4,11,2.75,24,0,12,unusual_still_active,unusual_event_interrupted_by_intersection_rs
VehicleOpensDoorTwoWays,Town13_Rep0_1020_1_route0_01_10_20_38_51,170,R4,U-E2,R-E4|U-E2,R-E4,U-E2,U-E2,R2,R4,12,3.0,24,0,12,unusual_still_active,unusual_event_interrupted_by_intersection_rs
VehicleOpensDoorTwoWays,Town13_Rep0_1020_1_route0_01_10_20_38_51,171,R4,R-E2,R-E2|R-E4,R-E4,R-E2,U-E2,R2,R4,13,3.25,24,1,12,recovery_to_target_lane,unusual_event_interrupted_by_intersection_rs
VehicleOpensDoorTwoWays,Town13_Rep0_1020_1_route0_01_10_20_38_51,172,R4,R-E2,R-E2|R-E4,R-E4,R-E2,U-E2,R2,R4,14,3.5,24,2,12,recovery_to_target_lane,unusual_event_interrupted_by_intersection_rs
VehicleOpensDoorTwoWays,Town13_Rep0_1020_1_route0_01_10_20_38_51,173,R4,R-E2,R-E2|R-E4,R-E4,R-E2,U-E2,R2,R4,15,3.75,24,3,12,recovery_to_target_lane,unusual_event_interrupted_by_intersection_rs
VehicleOpensDoorTwoWays,Town13_Rep0_1020_1_route0_01_10_20_38_51,174,R4,R-E2,R-E2|R-E4,R-E4,R-E2,U-E2,R2,R4,16,4.0,24,4,12,recovery_to_target_lane,unusual_event_interrupted_by_intersection_rs
VehicleOpensDoorTwoWays,Town13_Rep0_1020_1_route0_01_10_20_38_51,175,R4,U-E2,R-E4|U-E2,R-E4,U-E2,U-E2,R2,R4,17,4.25,24,0,12,unusual_still_active,unusual_event_interrupted_by_intersection_rs
VehicleOpensDoorTwoWays,Town13_Rep0_1020_1_route0_01_10_20_38_51,176,R4,R-E2,R-E2|R-E4,R-E4,R-E2,U-E2,R2,R4,18,4.5,24,1,12,recovery_to_target_lane,unusual_event_interrupted_by_intersection_rs
VehicleOpensDoorTwoWays,Town13_Rep0_1020_1_route0_01_10_20_38_51,177,R4,U-E2,R-E4|U-E2,R-E4,U-E2,U-E2,R2,R4,19,4.75,24,0,12,unusual_still_active,unusual_event_interrupted_by_intersection_rs
VehicleOpensDoorTwoWays,Town13_Rep0_1020_1_route0_01_10_20_38_51,178,R4,U-E2,R-E4|U-E2,R-E4,U-E2,U-E2,R2,R4,20,5.0,24,0,12,unusual_still_active,unusual_event_interrupted_by_intersection_rs
VehicleOpensDoorTwoWays,Town13_Rep0_1020_1_route0_01_10_20_38_51,179,R4,U-E2,R-E4|U-E2,R-E4,U-E2,U-E2,R2,R4,21,5.25,24,0,12,unusual_still_active,unusual_event_interrupted_by_intersection_rs
VehicleOpensDoorTwoWays,Town13_Rep0_1020_1_route0_01_10_20_38_51,180,R4,U-E2,R-E4|U-E2,R-E4,U-E2,U-E2,R2,R4,22,5.5,24,0,12,unusual_still_active,unusual_event_interrupted_by_intersection_rs
VehicleOpensDoorTwoWays,Town13_Rep0_1020_1_route0_01_10_20_38_51,181,R4,R-E2,R-E2|R-E4,R-E4,R-E2,U-E2,R2,R4,23,5.75,24,1,12,recovery_to_target_lane,unusual_event_interrupted_by_intersection_rs
VehicleOpensDoorTwoWays,Town13_Rep0_1020_1_route0_01_10_20_38_51,182,R4,U-E2,R-E4|U-E2,R-E4,U-E2,U-E2,R2,R4,24,6.0,24,0,12,unusual_still_active,unusual_event_interrupted_by_intersection_rs
VehicleOpensDoorTwoWays,Town13_Rep0_1020_2_route0_01_09_21_58_58,159,R4,R-E2,R-E2|R-E4,R-E4,R-E2,U-E2,R2,R4,1,0.25,24,1,12,recovery_to_target_lane,unusual_event_interrupted_by_intersection_rs
VehicleOpensDoorTwoWays,Town13_Rep0_1020_2_route0_01_09_21_58_58,160,R4,U-E2,R-E4|U-E2,R-E4,U-E2,U-E2,R2,R4,2,0.5,24,0,12,unusual_still_active,unusual_event_interrupted_by_intersection_rs
VehicleOpensDoorTwoWays,Town13_Rep0_1020_2_route0_01_09_21_58_58,161,R4,U-E2,R-E4|U-E2,R-E4,U-E2,U-E2,R2,R4,3,0.75,24,0,12,unusual_still_active,unusual_event_interrupted_by_intersection_rs
VehicleOpensDoorTwoWays,Town13_Rep0_1020_2_route0_01_09_21_58_58,162,R4,R-E2,R-E2|R-E4,R-E4,R-E2,U-E2,R2,R4,4,1.0,24,1,12,recovery_to_target_lane,unusual_event_interrupted_by_intersection_rs
VehicleOpensDoorTwoWays,Town13_Rep0_1020_2_route0_01_09_21_58_58,163,R4,U-E2,R-E4|U-E2,R-E4,U-E2,U-E2,R2,R4,5,1.25,24,0,12,unusual_still_active,unusual_event_interrupted_by_intersection_rs
VehicleOpensDoorTwoWays,Town13_Rep0_1020_2_route0_01_09_21_58_58,164,R4,U-E2,R-E4|U-E2,R-E4,U-E2,U-E2,R2,R4,6,1.5,24,0,12,unusual_still_active,unusual_event_interrupted_by_intersection_rs
VehicleOpensDoorTwoWays,Town13_Rep0_1020_2_route0_01_09_21_58_58,165,R4,U-E2,R-E4|U-E2,R-E4,U-E2,U-E2,R2,R4,7,1.75,24,0,12,unusual_still_active,unusual_event_interrupted_by_intersection_rs
VehicleOpensDoorTwoWays,Town13_Rep0_1020_2_route0_01_09_21_58_58,166,R4,U-E2,R-E4|U-E2,R-E4,U-E2,U-E2,R2,R4,8,2.0,24,0,12,unusual_still_active,unusual_event_interrupted_by_intersection_rs
VehicleOpensDoorTwoWays,Town13_Rep0_1020_2_route0_01_09_21_58_58,167,R4,U-E2,R-E4|U-E2,R-E4,U-E2,U-E2,R2,R4,9,2.25,24,0,12,unusual_still_active,unusual_event_interrupted_by_intersection_rs
VehicleOpensDoorTwoWays,Town13_Rep0_1020_2_route0_01_09_21_58_58,168,R4,U-E2,R-E4|U-E2,R-E4,U-E2,U-E2,R2,R4,10,2.5,24,0,12,unusual_still_active,unusual_event_interrupted_by_intersection_rs
VehicleOpensDoorTwoWays,Town13_Rep0_1020_2_route0_01_09_21_58_58,169,R4,U-E2,R-E4|U-E2,R-E4,U-E2,U-E2,R2,R4,11,2.75,24,0,12,unusual_still_active,unusual_event_interrupted_by_intersection_rs
VehicleOpensDoorTwoWays,Town13_Rep0_1020_2_route0_01_09_21_58_58,170,R4,U-E2,R-E4|U-E2,R-E4,U-E2,U-E2,R2,R4,12,3.0,24,0,12,unusual_still_active,unusual_event_interrupted_by_intersection_rs
VehicleOpensDoorTwoWays,Town13_Rep0_1020_2_route0_01_09_21_58_58,171,R4,R-E2,R-E2|R-E4,R-E4,R-E2,U-E2,R2,R4,13,3.25,24,1,12,recovery_to_target_lane,unusual_event_interrupted_by_intersection_rs
VehicleOpensDoorTwoWays,Town13_Rep0_1020_2_route0_01_09_21_58_58,172,R4,R-E2,R-E2|R-E4,R-E4,R-E2,U-E2,R2,R4,14,3.5,24,2,12,recovery_to_target_lane,unusual_event_interrupted_by_intersection_rs
VehicleOpensDoorTwoWays,Town13_Rep0_1020_2_route0_01_09_21_58_58,173,R4,R-E2,R-E2|R-E4,R-E4,R-E2,U-E2,R2,R4,15,3.75,24,3,12,recovery_to_target_lane,unusual_event_interrupted_by_intersection_rs
VehicleOpensDoorTwoWays,Town13_Rep0_1020_2_route0_01_09_21_58_58,174,R4,R-E2,R-E2|R-E4,R-E4,R-E2,U-E2,R2,R4,16,4.0,24,4,12,recovery_to_target_lane,unusual_event_interrupted_by_intersection_rs
VehicleOpensDoorTwoWays,Town13_Rep0_1020_2_route0_01_09_21_58_58,175,R4,R-E2,R-E2|R-E4,R-E4,R-E2,U-E2,R2,R4,17,4.25,24,5,12,recovery_to_target_lane,unusual_event_interrupted_by_intersection_rs
VehicleOpensDoorTwoWays,Town13_Rep0_1020_2_route0_01_09_21_58_58,176,R4,U-E2,R-E4|U-E2,R-E4,U-E2,U-E2,R2,R4,18,4.5,24,0,12,unusual_still_active,unusual_event_interrupted_by_intersection_rs
VehicleOpensDoorTwoWays,Town13_Rep0_1020_2_route0_01_09_21_58_58,177,R4,U-E2,R-E4|U-E2,R-E4,U-E2,U-E2,R2,R4,19,4.75,24,0,12,unusual_still_active,unusual_event_interrupted_by_intersection_rs
VehicleOpensDoorTwoWays,Town13_Rep0_1020_2_route0_01_09_21_58_58,178,R4,U-E2,R-E4|U-E2,R-E4,U-E2,U-E2,R2,R4,20,5.0,24,0,12,unusual_still_active,unusual_event_interrupted_by_intersection_rs
VehicleOpensDoorTwoWays,Town13_Rep0_1020_2_route0_01_09_21_58_58,179,R4,R-E2,R-E2|R-E4,R-E4,R-E2,U-E2,R2,R4,21,5.25,24,1,12,recovery_to_target_lane,unusual_event_interrupted_by_intersection_rs
VehicleOpensDoorTwoWays,Town13_Rep0_1020_2_route0_01_09_21_58_58,180,R4,R-E2,R-E2|R-E4,R-E4,R-E2,U-E2,R2,R4,22,5.5,24,2,12,recovery_to_target_lane,unusual_event_interrupted_by_intersection_rs
VehicleOpensDoorTwoWays,Town13_Rep0_1020_2_route0_01_09_21_58_58,181,R4,U-E2,R-E4|U-E2,R-E4,U-E2,U-E2,R2,R4,23,5.75,24,0,12,unusual_still_active,unusual_event_interrupted_by_intersection_rs
VehicleOpensDoorTwoWays,Town13_Rep0_1020_2_route0_01_09_21_58_58,182,R4,U-E2,R-E4|U-E2,R-E4,U-E2,U-E2,R2,R4,24,6.0,24,0,12,unusual_still_active,unusual_event_interrupted_by_intersection_rs
VehicleTurningRoute,Town03_Rep0_Town03_Scenario4_36_route0_01_09_02_01_08,43,R5,U-E4,R-E5|U-E4,R-E5,U-E4,U-E4,R1,R5,1,0.25,24,0,12,unusual_still_active,unusual_event_interrupted_by_intersection_rs
VehicleTurningRoute,Town03_Rep0_Town03_Scenario4_36_route0_01_09_02_01_08,44,R5,U-E4,R-E5|U-E4,R-E5,U-E4,U-E4,R1,R5,2,0.5,24,0,12,unusual_still_active,unusual_event_interrupted_by_intersection_rs
VehicleTurningRoute,Town03_Rep0_Town03_Scenario4_36_route0_01_09_02_01_08,45,R5,U-E4,R-E5|U-E4,R-E5,U-E4,U-E4,R1,R5,3,0.75,24,0,12,unusual_still_active,unusual_event_interrupted_by_intersection_rs
VehicleTurningRoute,Town03_Rep0_Town03_Scenario4_36_route0_01_09_02_01_08,46,R5,U-E4,R-E5|U-E4,R-E5,U-E4,U-E4,R1,R5,4,1.0,24,0,12,unusual_still_active,unusual_event_interrupted_by_intersection_rs
VehicleTurningRoute,Town03_Rep0_Town03_Scenario4_36_route0_01_09_02_01_08,47,R5,U-E4,R-E5|U-E4,R-E5,U-E4,U-E4,R1,R5,5,1.25,24,0,12,unusual_still_active,unusual_event_interrupted_by_intersection_rs
VehicleTurningRoute,Town03_Rep0_Town03_Scenario4_36_route0_01_09_02_01_08,48,R5,U-E4,R-E5|U-E4,R-E5,U-E4,U-E4,R1,R5,6,1.5,24,0,12,unusual_still_active,unusual_event_interrupted_by_intersection_rs
VehicleTurningRoute,Town03_Rep0_Town03_Scenario4_36_route0_01_09_02_01_08,49,R5,U-E4,R-E5|U-E4,R-E5,U-E4,U-E4,R1,R5,7,1.75,24,0,12,unusual_still_active,unusual_event_interrupted_by_intersection_rs
VehicleTurningRoute,Town03_Rep0_Town03_Scenario4_36_route0_01_09_02_01_08,50,R5,U-E4,R-E5|U-E4,R-E5,U-E4,U-E4,R1,R5,8,2.0,24,0,12,unusual_still_active,unusual_event_interrupted_by_intersection_rs
VehicleTurningRoute,Town03_Rep0_Town03_Scenario4_36_route0_01_09_02_01_08,51,R5,U-E4,R-E5|U-E4,R-E5,U-E4,U-E4,R1,R5,9,2.25,24,0,12,unusual_still_active,unusual_event_interrupted_by_intersection_rs
VehicleTurningRoute,Town03_Rep0_Town03_Scenario4_36_route0_01_09_02_01_08,52,R5,U-E4,R-E5|U-E4,R-E5,U-E4,U-E4,R1,R5,10,2.5,24,0,12,unusual_still_active,unusual_event_interrupted_by_intersection_rs
VehicleTurningRoute,Town03_Rep0_Town03_Scenario4_36_route0_01_09_02_01_08,53,R5,U-E4,R-E5|U-E4,R-E5,U-E4,U-E4,R1,R5,11,2.75,24,0,12,unusual_still_active,unusual_event_interrupted_by_intersection_rs
VehicleTurningRoute,Town03_Rep0_Town03_Scenario4_36_route0_01_09_02_01_08,54,R5,U-E4,R-E5|U-E4,R-E5,U-E4,U-E4,R1,R5,12,3.0,24,0,12,unusual_still_active,unusual_event_interrupted_by_intersection_rs
VehicleTurningRoute,Town03_Rep0_Town03_Scenario4_36_route0_01_09_02_01_08,55,R5,U-E4,R-E5|U-E4,R-E5,U-E4,U-E4,R1,R5,13,3.25,24,0,12,unusual_still_active,unusual_event_interrupted_by_intersection_rs
VehicleTurningRoute,Town03_Rep0_Town03_Scenario4_36_route0_01_09_02_01_08,56,R5,U-E4,R-E5|U-E4,R-E5,U-E4,U-E4,R1,R5,14,3.5,24,0,12,unusual_still_active,unusual_event_interrupted_by_intersection_rs
VehicleTurningRoute,Town03_Rep0_Town03_Scenario4_36_route0_01_09_02_01_08,57,R5,U-E4,R-E5|U-E4,R-E5,U-E4,U-E4,R1,R5,15,3.75,24,0,12,unusual_still_active,unusual_event_interrupted_by_intersection_rs
VehicleTurningRoute,Town03_Rep0_Town03_Scenario4_36_route0_01_09_02_01_08,58,R5,U-E4,R-E5|U-E4,R-E5,U-E4,U-E4,R1,R5,16,4.0,24,0,12,unusual_still_active,unusual_event_interrupted_by_intersection_rs
VehicleTurningRoute,Town03_Rep0_Town03_Scenario4_36_route0_01_09_02_01_08,59,R5,U-E4,R-E5|U-E4,R-E5,U-E4,U-E4,R1,R5,17,4.25,24,0,12,unusual_still_active,unusual_event_interrupted_by_intersection_rs
VehicleTurningRoute,Town03_Rep0_Town03_Scenario4_36_route0_01_09_02_01_08,60,R5,U-E4,R-E5|U-E4,R-E5,U-E4,U-E4,R1,R5,18,4.5,24,0,12,unusual_still_active,unusual_event_interrupted_by_intersection_rs
VehicleTurningRoute,Town03_Rep0_Town03_Scenario4_36_route0_01_09_02_01_08,61,R5,U-E4,R-E5|U-E4,R-E5,U-E4,U-E4,R1,R5,19,4.75,24,0,12,unusual_still_active,unusual_event_interrupted_by_intersection_rs
VehicleTurningRoute,Town03_Rep0_Town03_Scenario4_36_route0_01_09_02_01_08,62,R5,U-E4,R-E5|U-E4,R-E5,U-E4,U-E4,R1,R5,20,5.0,24,0,12,unusual_still_active,unusual_event_interrupted_by_intersection_rs
VehicleTurningRoute,Town03_Rep0_Town03_Scenario4_36_route0_01_09_02_01_08,63,R5,U-E4,R-E5|U-E4,R-E5,U-E4,U-E4,R1,R5,21,5.25,24,0,12,unusual_still_active,unusual_event_interrupted_by_intersection_rs
VehicleTurningRoute,Town03_Rep0_Town03_Scenario4_36_route0_01_09_02_01_08,64,R5,U-E4,R-E5|U-E4,R-E5,U-E4,U-E4,R1,R5,22,5.5,24,0,12,unusual_still_active,unusual_event_interrupted_by_intersection_rs
VehicleTurningRoute,Town07_Rep0_Town07_Scenario4_49_route0_01_08_15_25_03,45,R5,U-E4,R-E5|U-E4,R-E5,U-E4,U-E4,R1,R5,1,0.25,24,0,12,unusual_still_active,unusual_event_interrupted_by_intersection_rs
VehicleTurningRoute,Town07_Rep0_Town07_Scenario4_49_route0_01_08_15_25_03,46,R5,U-E4,R-E5|U-E4,R-E5,U-E4,U-E4,R1,R5,2,0.5,24,0,12,unusual_still_active,unusual_event_interrupted_by_intersection_rs
VehicleTurningRoute,Town07_Rep0_Town07_Scenario4_49_route0_01_08_15_25_03,47,R5,U-E4,R-E5|U-E4,R-E5,U-E4,U-E4,R1,R5,3,0.75,24,0,12,unusual_still_active,unusual_event_interrupted_by_intersection_rs
VehicleTurningRoute,Town07_Rep0_Town07_Scenario4_49_route0_01_08_15_25_03,48,R5,U-E4,R-E5|U-E4,R-E5,U-E4,U-E4,R1,R5,4,1.0,24,0,12,unusual_still_active,unusual_event_interrupted_by_intersection_rs
VehicleTurningRoute,Town07_Rep0_Town07_Scenario4_49_route0_01_08_15_25_03,49,R5,U-E4,R-E5|U-E4,R-E5,U-E4,U-E4,R1,R5,5,1.25,24,0,12,unusual_still_active,unusual_event_interrupted_by_intersection_rs
VehicleTurningRoute,Town07_Rep0_Town07_Scenario4_49_route0_01_08_15_25_03,50,R5,U-E4,R-E5|U-E4,R-E5,U-E4,U-E4,R1,R5,6,1.5,24,0,12,unusual_still_active,unusual_event_interrupted_by_intersection_rs
VehicleTurningRoute,Town07_Rep0_Town07_Scenario4_49_route0_01_08_15_25_03,51,R5,U-E4,R-E5|U-E4,R-E5,U-E4,U-E4,R1,R5,7,1.75,24,0,12,unusual_still_active,unusual_event_interrupted_by_intersection_rs
VehicleTurningRoute,Town07_Rep0_Town07_Scenario4_80_route0_01_09_19_02_18,30,R5,U-E4,R-E5|U-E4,R-E5,U-E4,U-E4,R1,R5,1,0.25,24,0,12,unusual_still_active,unusual_event_interrupted_by_intersection_rs
VehicleTurningRoute,Town07_Rep0_Town07_Scenario4_80_route0_01_09_19_02_18,31,R5,U-E4,R-E5|U-E4,R-E5,U-E4,U-E4,R1,R5,2,0.5,24,0,12,unusual_still_active,unusual_event_interrupted_by_intersection_rs
VehicleTurningRoute,Town07_Rep0_Town07_Scenario4_80_route0_01_09_19_02_18,32,R5,U-E4,R-E5|U-E4,R-E5,U-E4,U-E4,R1,R5,3,0.75,24,0,12,unusual_still_active,unusual_event_interrupted_by_intersection_rs
VehicleTurningRoute,Town07_Rep0_Town07_Scenario4_80_route0_01_09_19_02_18,33,R5,U-E4,R-E5|U-E4,R-E5,U-E4,U-E4,R1,R5,4,1.0,24,0,12,unusual_still_active,unusual_event_interrupted_by_intersection_rs
VehicleTurningRoute,Town07_Rep0_Town07_Scenario4_80_route0_01_09_19_02_18,34,R5,U-E4,R-E5|U-E4,R-E5,U-E4,U-E4,R1,R5,5,1.25,24,0,12,unusual_still_active,unusual_event_interrupted_by_intersection_rs
VehicleTurningRoute,Town07_Rep0_Town07_Scenario4_80_route0_01_09_19_02_18,35,R5,U-E4,R-E5|U-E4,R-E5,U-E4,U-E4,R1,R5,6,1.5,24,0,12,unusual_still_active,unusual_event_interrupted_by_intersection_rs
VehicleTurningRoute,Town07_Rep0_Town07_Scenario4_80_route0_01_09_19_02_18,36,R5,U-E4,R-E5|U-E4,R-E5,U-E4,U-E4,R1,R5,7,1.75,24,0,12,unusual_still_active,unusual_event_interrupted_by_intersection_rs
VehicleTurningRoute,Town07_Rep0_Town07_Scenario4_83_route0_01_10_19_47_17,29,R5,U-E4,R-E5|U-E4,R-E5,U-E4,U-E4,R1,R5,1,0.25,24,0,12,unusual_still_active,unusual_event_interrupted_by_intersection_rs
VehicleTurningRoute,Town07_Rep0_Town07_Scenario4_83_route0_01_10_19_47_17,30,R5,U-E4,R-E5|U-E4,R-E5,U-E4,U-E4,R1,R5,2,0.5,24,0,12,unusual_still_active,unusual_event_interrupted_by_intersection_rs
VehicleTurningRoute,Town07_Rep0_Town07_Scenario4_83_route0_01_10_19_47_17,31,R5,U-E4,R-E5|U-E4,R-E5,U-E4,U-E4,R1,R5,3,0.75,24,0,12,unusual_still_active,unusual_event_interrupted_by_intersection_rs
VehicleTurningRoute,Town07_Rep0_Town07_Scenario4_83_route0_01_10_19_47_17,32,R5,U-E4,R-E5|U-E4,R-E5,U-E4,U-E4,R1,R5,4,1.0,24,0,12,unusual_still_active,unusual_event_interrupted_by_intersection_rs
VehicleTurningRoute,Town07_Rep0_Town07_Scenario4_83_route0_01_10_19_47_17,33,R5,U-E4,R-E5|U-E4,R-E5,U-E4,U-E4,R1,R5,5,1.25,24,0,12,unusual_still_active,unusual_event_interrupted_by_intersection_rs
VehicleTurningRoute,Town07_Rep0_Town07_Scenario4_83_route0_01_10_19_47_17,34,R5,U-E4,R-E5|U-E4,R-E5,U-E4,U-E4,R1,R5,6,1.5,24,0,12,unusual_still_active,unusual_event_interrupted_by_intersection_rs
VehicleTurningRoute,Town07_Rep0_Town07_Scenario4_83_route0_01_10_19_47_17,35,R5,U-E4,R-E5|U-E4,R-E5,U-E4,U-E4,R1,R5,7,1.75,24,0,12,unusual_still_active,unusual_event_interrupted_by_intersection_rs
VehicleTurningRoute,Town13_Rep0_1225_0_route0_01_09_10_40_20,34,R5,U-E4,R-E5|U-E4,R-E5,U-E4,U-E4,R1,R5,1,0.25,24,0,12,unusual_still_active,unusual_event_interrupted_by_intersection_rs
VehicleTurningRoute,Town13_Rep0_1225_0_route0_01_09_10_40_20,35,R5,U-E4,R-E5|U-E4,R-E5,U-E4,U-E4,R1,R5,2,0.5,24,0,12,unusual_still_active,unusual_event_interrupted_by_intersection_rs
VehicleTurningRoute,Town13_Rep0_1225_0_route0_01_09_10_40_20,36,R5,U-E4,R-E5|U-E4,R-E5,U-E4,U-E4,R1,R5,3,0.75,24,0,12,unusual_still_active,unusual_event_interrupted_by_intersection_rs
VehicleTurningRoute,Town13_Rep0_1225_0_route0_01_09_10_40_20,37,R5,U-E4,R-E5|U-E4,R-E5,U-E4,U-E4,R1,R5,4,1.0,24,0,12,unusual_still_active,unusual_event_interrupted_by_intersection_rs
VehicleTurningRoute,Town13_Rep0_1225_0_route0_01_09_10_40_20,38,R5,U-E4,R-E5|U-E4,R-E5,U-E4,U-E4,R1,R5,5,1.25,24,0,12,unusual_still_active,unusual_event_interrupted_by_intersection_rs
VehicleTurningRoute,Town13_Rep0_1225_0_route0_01_09_10_40_20,39,R5,U-E4,R-E5|U-E4,R-E5,U-E4,U-E4,R1,R5,6,1.5,24,0,12,unusual_still_active,unusual_event_interrupted_by_intersection_rs
VehicleTurningRoute,Town13_Rep0_1225_0_route0_01_09_10_40_20,40,R5,U-E4,R-E5|U-E4,R-E5,U-E4,U-E4,R1,R5,7,1.75,24,0,12,unusual_still_active,unusual_event_interrupted_by_intersection_rs
VehicleTurningRoute,Town13_Rep0_1225_0_route0_01_09_10_40_20,41,R5,U-E4,R-E5|U-E4,R-E5,U-E4,U-E4,R1,R5,8,2.0,24,0,12,unusual_still_active,unusual_event_interrupted_by_intersection_rs
